# Blender 5.1.1
# www.blender.org
mtllib hélice.mtl
o vehicle#fuse_12
v 0.002396 0.257972 2.779327
v 0.047586 0.254452 2.779327
v 0.091686 0.243842 2.779327
v 0.028696 0.254032 2.802157
v 0.049006 0.251142 2.813907
v 0.002396 0.256452 2.797917
v 0.067116 0.245052 2.834457
v -0.021544 0.254192 2.802157
v -0.042804 0.254452 2.779327
v -0.042334 0.251562 2.814227
v -0.086894 0.243842 2.779327
v -0.059964 0.245582 2.834457
v -0.085164 0.238702 2.844077
v -0.063434 0.243902 2.844077
v -0.068634 0.239962 2.858427
v -0.126264 0.221682 2.844077
v -0.081224 0.226782 2.911917
v -0.068634 0.235132 2.883867
v -0.120594 0.210492 2.911917
v -0.164224 0.198412 2.844077
v -0.156814 0.188282 2.911917
v -0.197924 0.169532 2.844077
v -0.189104 0.160702 2.911917
v -0.226894 0.135702 2.844077
v -0.216814 0.128352 2.911917
v -0.250044 0.097782 2.844077
v -0.239024 0.092112 2.911917
v -0.267214 0.056712 2.844077
v -0.255244 0.052832 2.911917
v -0.281074 -0.030888 2.844077
v -0.277444 0.013442 2.844077
v -0.268474 -0.030888 2.911917
v -0.265164 0.011492 2.911917
v -0.247054 -0.030888 2.986617
v -0.243904 0.008132 2.986617
v -0.216974 -0.030888 3.067177
v -0.234774 0.046212 2.986617
v -0.214294 0.003462 3.067177
v -0.176974 -0.030889 3.142207
v -0.174774 -0.002789 3.142207
v -0.133664 -0.030889 3.203197
v -0.206264 0.036912 3.067177
v -0.219814 0.082342 2.986617
v -0.131934 -0.009619 3.203197
v -0.071304 -0.025059 3.251957
v -0.168314 0.024571 3.142207
v -0.193034 0.068742 3.067177
v -0.199334 0.115692 2.986617
v -0.126894 0.011131 3.203197
v -0.065954 -0.002579 3.251957
v -0.025324 -0.028679 3.267777
v -0.157444 0.050571 3.142207
v -0.118704 0.030871 3.203197
v -0.175084 0.098102 3.067177
v -0.142804 0.074621 3.142207
v -0.107684 0.049101 3.203197
v -0.173984 0.145472 2.986617
v -0.152724 0.124261 3.067177
v -0.144224 0.170892 2.986617
v -0.124534 0.096051 3.142207
v -0.126584 0.146631 3.067177
v -0.110834 0.191322 2.986617
v -0.068634 0.235132 2.883867
v -0.058234 0.232712 2.909797
v -0.041384 0.231452 2.928557
v -0.074614 0.206292 2.986617
v -0.097134 0.164641 3.067177
v -0.036504 0.215432 2.986617
v -0.103114 0.114331 3.142207
v -0.021544 0.230032 2.939967
v -0.093824 0.065331 3.203197
v -0.065324 0.177771 3.067177
v -0.079024 0.129031 3.142207
v -0.053824 0.017171 3.251957
v -0.077604 0.079191 3.203197
v -0.059334 0.090331 3.203197
v -0.023274 -0.020229 3.267777
v 0.002396 -0.030889 3.270877
v -0.036184 0.032241 3.251957
v -0.018704 -0.012769 3.267777
v 0.002396 -0.030889 3.270877
v -0.012094 -0.007099 3.267777
v 0.002396 -0.030889 3.270877
v -0.014774 0.041121 3.251957
v -0.039654 0.098521 3.203197
v -0.053034 0.139801 3.142207
v -0.031934 0.185811 3.067177
v -0.025634 0.146371 3.142207
v -0.018864 0.103511 3.203197
v 0.002396 0.218532 2.986617
v 0.002396 0.230712 2.944207
v 0.028696 0.229872 2.939967
v 0.041446 0.215432 2.986617
v 0.043966 0.231192 2.931167
v 0.002396 0.188541 3.067177
v 0.050736 0.230712 2.927247
v 0.002396 0.148571 3.142207
v 0.036726 0.185811 3.067177
v 0.079556 0.206292 2.986617
v 0.002396 0.105141 3.203197
v 0.030586 0.146371 3.142207
v 0.070266 0.177771 3.067177
v 0.023656 0.103511 3.203197
v 0.008216 0.042901 3.251957
v 0.057826 0.139801 3.142207
v 0.044446 0.098521 3.203197
v -0.004064 -0.003789 3.267777
v 0.002396 -0.030889 3.270877
v 0.004596 -0.003109 3.267777
v 0.002396 -0.030889 3.270877
v 0.030736 0.037491 3.251957
v 0.013106 -0.005099 3.267777
v 0.002396 -0.030889 3.270877
v 0.050586 0.025411 3.251957
v 0.064126 0.090331 3.203197
v 0.082396 0.079191 3.203197
v 0.083966 0.129031 3.142207
v 0.107906 0.114331 3.142207
v 0.102076 0.164641 3.067177
v 0.131366 0.146631 3.067177
v 0.129326 0.096051 3.142207
v 0.157666 0.124261 3.067177
v 0.115626 0.191322 2.986617
v 0.149006 0.170892 2.986617
v 0.178776 0.145472 2.986617
v 0.180036 0.098102 3.067177
v 0.204286 0.115692 2.986617
v 0.194046 0.160702 2.911917
v 0.161606 0.188282 2.911917
v 0.125386 0.210492 2.911917
v 0.221606 0.128352 2.911917
v 0.086176 0.226782 2.911917
v 0.065386 0.232182 2.909797
v 0.075776 0.234552 2.883867
v 0.231686 0.135702 2.844077
v 0.131056 0.221682 2.844077
v 0.202866 0.169532 2.844077
v 0.169006 0.198412 2.844077
v 0.089956 0.238702 2.844077
v 0.075776 0.234552 2.883867
v 0.075776 0.234602 2.883547
v 0.075776 0.239382 2.858427
v 0.070586 0.243372 2.844077
v 0.133576 0.226512 2.779327
v 0.172316 0.202832 2.779327
v 0.206646 0.173362 2.779327
v 0.236096 0.138912 2.779327
v 0.259876 0.100252 2.779327
v 0.254996 0.097782 2.844077
v 0.277196 0.058392 2.779327
v 0.243816 0.092112 2.911917
v 0.271996 0.056712 2.844077
v 0.287746 0.014282 2.779327
v 0.224596 0.082342 2.986617
v 0.260036 0.052832 2.911917
v 0.282396 0.013442 2.844077
v 0.291366 -0.030888 2.779327
v 0.287746 -0.076058 2.779327
v 0.285856 -0.030888 2.844077
v 0.277196 -0.120168 2.779327
v 0.269956 0.011492 2.911917
v 0.239716 0.046162 2.986617
v 0.282396 -0.075218 2.844077
v 0.273416 -0.030888 2.911917
v 0.248846 0.008132 2.986617
v 0.197986 0.068742 3.067177
v 0.211056 0.036912 3.067177
v 0.147586 0.074621 3.142207
v 0.162396 0.050571 3.142207
v 0.098616 0.065331 3.203197
v 0.112476 0.049101 3.203197
v 0.065546 0.007821 3.251957
v 0.123656 0.030871 3.203197
v 0.173106 0.024571 3.142207
v 0.131846 0.011131 3.203197
v 0.219086 0.003462 3.067177
v 0.179716 -0.002789 3.142207
v 0.074366 -0.013609 3.251957
v 0.251846 -0.030888 2.986617
v 0.221926 -0.030888 3.067177
v 0.136886 -0.009619 3.203197
v 0.181926 -0.030889 3.142207
v 0.269956 -0.073268 2.911917
v 0.138456 -0.030889 3.203197
v 0.248846 -0.069908 2.986617
v 0.219086 -0.065238 3.067177
v 0.179716 -0.058989 3.142207
v 0.076256 -0.036719 3.251957
v 0.239716 -0.107938 2.986617
v 0.136886 -0.052159 3.203197
v 0.211056 -0.098688 3.067177
v 0.173106 -0.086349 3.142207
v 0.131846 -0.072909 3.203197
v 0.261136 -0.110978 2.910617
v 0.268376 -0.102368 2.883867
v 0.252316 -0.122008 2.927247
v 0.240506 -0.140708 2.939967
v 0.224596 -0.144118 2.986617
v 0.236096 -0.149948 2.941767
v 0.227746 -0.162238 2.944377
v 0.197986 -0.130519 3.067177
v 0.204286 -0.177468 2.986617
v 0.215466 -0.184878 2.939647
v 0.162396 -0.112349 3.142207
v 0.180036 -0.159879 3.067177
v 0.178776 -0.207248 2.986617
v 0.204596 -0.203308 2.927247
v 0.147586 -0.136399 3.142207
v 0.123656 -0.092649 3.203197
v 0.070896 -0.059199 3.251957
v 0.112476 -0.110879 3.203197
v 0.157666 -0.186039 3.067177
v 0.129326 -0.157829 3.142207
v 0.058776 -0.078949 3.251957
v 0.098616 -0.127109 3.203197
v 0.131366 -0.208409 3.067177
v 0.107906 -0.176109 3.142207
v 0.082396 -0.140969 3.203197
v 0.149006 -0.232668 2.986617
v 0.102076 -0.226419 3.067177
v 0.115626 -0.253098 2.986617
v 0.161606 -0.250058 2.911917
v 0.083966 -0.190809 3.142207
v 0.125386 -0.272268 2.911917
v 0.079556 -0.268068 2.986617
v 0.086176 -0.288558 2.911917
v 0.070266 -0.239549 3.067177
v 0.057826 -0.201579 3.142207
v 0.064126 -0.152109 3.203197
v 0.041136 -0.094019 3.251957
v 0.044446 -0.160299 3.203197
v 0.036726 -0.247589 3.067177
v 0.030586 -0.208149 3.142207
v 0.041446 -0.277208 2.986617
v 0.019716 -0.102899 3.251957
v 0.044756 -0.298478 2.911917
v 0.002396 -0.280308 2.986617
v 0.002396 -0.301788 2.911917
v 0.002396 -0.250318 3.067177
v 0.023656 -0.165289 3.203197
v 0.002396 -0.210349 3.142207
v -0.036504 -0.277208 2.986617
v 0.002396 -0.166919 3.203197
v -0.031934 -0.247589 3.067177
v -0.025634 -0.208149 3.142207
v -0.003434 -0.104679 3.251957
v -0.039964 -0.298478 2.911917
v -0.018864 -0.165289 3.203197
v -0.053034 -0.201579 3.142207
v -0.065324 -0.239549 3.067177
v -0.074614 -0.268068 2.986617
v -0.081224 -0.288558 2.911917
v -0.039654 -0.160299 3.203197
v -0.097134 -0.226419 3.067177
v -0.079024 -0.190809 3.142207
v -0.110834 -0.253098 2.986617
v -0.120594 -0.272268 2.911917
v -0.025954 -0.099269 3.251957
v -0.059334 -0.152109 3.203197
v -0.103114 -0.176109 3.142207
v -0.126584 -0.208409 3.067177
v -0.144224 -0.232668 2.986617
v -0.156814 -0.250058 2.911917
v -0.077604 -0.140969 3.203197
v -0.152724 -0.186039 3.067177
v -0.124534 -0.157829 3.142207
v -0.173984 -0.207248 2.986617
v -0.189104 -0.222478 2.911917
v -0.193034 -0.225578 2.884517
v -0.195714 -0.215338 2.909797
v -0.201224 -0.201578 2.927247
v -0.199334 -0.177468 2.986617
v -0.211304 -0.184038 2.938997
v -0.224064 -0.160348 2.944377
v -0.175084 -0.159879 3.067177
v -0.219814 -0.144118 2.986617
v -0.231144 -0.149898 2.942257
v -0.236504 -0.138608 2.939967
v -0.234774 -0.107938 2.986617
v -0.248314 -0.119908 2.927247
v -0.253514 -0.114028 2.918117
v -0.257134 -0.108148 2.909797
v -0.193034 -0.130519 3.067177
v -0.142804 -0.136399 3.142207
v -0.265164 -0.073268 2.911917
v -0.264064 -0.100058 2.883867
v -0.093824 -0.127109 3.203197
v -0.045634 -0.087189 3.251957
v -0.107684 -0.110879 3.203197
v -0.157444 -0.112349 3.142207
v -0.060754 -0.069599 3.251957
v -0.118704 -0.092649 3.203197
v -0.206264 -0.098688 3.067177
v -0.168314 -0.086349 3.142207
v -0.126894 -0.072909 3.203197
v -0.243904 -0.069908 2.986617
v -0.214294 -0.065238 3.067177
v -0.174774 -0.058989 3.142207
v -0.247054 -0.030888 2.986617
v -0.216974 -0.030888 3.067177
v -0.268474 -0.030888 2.911917
v -0.176974 -0.030889 3.142207
v -0.281074 -0.030888 2.844077
v -0.131934 -0.052159 3.203197
v -0.133664 -0.030889 3.203197
v -0.069574 -0.048169 3.251957
v -0.071304 -0.025059 3.251957
v -0.277444 -0.075218 2.844077
v -0.264064 -0.100058 2.883867
v -0.268314 -0.102528 2.858427
v -0.269414 -0.109198 2.844077
v -0.269254 -0.113138 2.834457
v -0.268474 -0.118908 2.828097
v -0.265164 -0.129678 2.814877
v -0.218234 -0.211398 2.814877
v -0.205954 -0.223218 2.834457
v -0.197924 -0.231308 2.844077
v -0.202964 -0.225478 2.844077
v -0.197134 -0.228208 2.858427
v -0.164224 -0.260188 2.844077
v -0.193034 -0.225578 2.884517
v -0.126264 -0.283458 2.844077
v -0.085164 -0.300478 2.844077
v -0.041854 -0.310878 2.844077
v 0.002396 -0.314338 2.844077
v 0.046806 -0.310878 2.844077
v 0.089956 -0.300478 2.844077
v 0.131056 -0.283458 2.844077
v 0.169006 -0.260188 2.844077
v 0.196566 -0.226368 2.886807
v 0.200816 -0.229778 2.857607
v 0.172316 -0.264608 2.779327
v 0.202866 -0.231308 2.844077
v 0.206326 -0.227258 2.844077
v 0.209326 -0.224948 2.834457
v 0.206646 -0.235138 2.779327
v 0.221606 -0.213138 2.814877
v 0.236096 -0.200688 2.779327
v 0.235466 -0.197898 2.803307
v 0.249956 -0.175108 2.797757
v 0.259876 -0.162028 2.779327
v 0.258296 -0.161248 2.800697
v 0.261606 -0.152838 2.802157
v 0.269166 -0.131778 2.814877
v 0.273256 -0.117128 2.832497
v 0.273736 -0.111458 2.844077
v 0.272626 -0.104788 2.858427
v 0.268376 -0.102368 2.883867
v 0.194046 -0.222478 2.911917
v 0.199086 -0.217068 2.909797
v 0.196566 -0.226368 2.886807
v 0.020506 -0.009669 3.267777
v 0.002396 -0.030889 3.270877
v 0.026176 -0.016339 3.267777
v 0.002396 -0.030889 3.270877
v 0.029476 -0.024379 3.267777
v 0.002396 -0.030889 3.270877
v 0.030266 -0.033099 3.267777
v 0.002396 -0.030889 3.270877
v 0.028216 -0.041549 3.267777
v 0.002396 -0.030889 3.270877
v 0.023656 -0.049009 3.267777
v 0.002396 -0.030889 3.270877
v 0.017036 -0.054679 3.267777
v 0.002396 -0.030889 3.270877
v 0.009006 -0.057989 3.267777
v 0.002396 -0.030889 3.270877
v 0.000186 -0.058669 3.267777
v 0.002396 -0.030889 3.270877
v -0.008314 -0.056679 3.267777
v 0.002396 -0.030889 3.270877
v -0.015714 -0.052109 3.267777
v 0.002396 -0.030889 3.270877
v -0.021384 -0.045439 3.267777
v 0.002396 -0.030889 3.270877
v -0.024694 -0.037399 3.267777
v 0.002396 -0.030889 3.270877
v -0.025324 -0.028679 3.267777
v 0.002396 -0.030889 3.270877
v 0.002396 0.230712 2.944207
v 0.028376 0.227252 2.939317
v 0.028696 0.229872 2.939967
v 0.043496 0.228562 2.930517
v 0.002396 0.228092 2.943397
v 0.043966 0.231192 2.931167
v 0.050266 0.228092 2.926757
v 0.050736 0.230712 2.927247
v -0.021544 0.230032 2.939967
v -0.021224 0.227412 2.939317
v -0.041384 0.231452 2.928557
v -0.040914 0.228772 2.927907
v 0.050736 0.230712 2.927247
v 0.064756 0.229512 2.909477
v 0.065386 0.232182 2.909797
v 0.050266 0.228092 2.926757
v 0.074996 0.231922 2.883707
v 0.075776 0.234552 2.883867
v 0.074996 0.231922 2.883377
v 0.075776 0.234602 2.883547
v 0.074996 0.236652 2.858427
v 0.075776 0.239382 2.858427
v 0.069796 0.240592 2.844237
v 0.070586 0.243372 2.844077
v 0.066336 0.242272 2.834777
v 0.067116 0.245052 2.834457
v 0.067116 0.245052 2.834457
v 0.048536 0.248312 2.814557
v 0.049006 0.251142 2.813907
v 0.066336 0.242272 2.834777
v 0.049006 0.251142 2.813907
v 0.028376 0.251142 2.802977
v 0.028696 0.254032 2.802157
v 0.048536 0.248312 2.814557
v 0.002396 0.253562 2.798737
v 0.002396 0.256452 2.797917
v -0.021224 0.251302 2.802977
v -0.021544 0.254192 2.802157
v -0.041854 0.248682 2.814717
v -0.042334 0.251562 2.814227
v -0.042334 0.251562 2.814227
v -0.059334 0.242792 2.834777
v -0.059964 0.245582 2.834457
v -0.041854 0.248682 2.814717
v -0.059964 0.245582 2.834457
v -0.062804 0.241172 2.844237
v -0.063434 0.243902 2.844077
v -0.059334 0.242792 2.834777
v -0.067844 0.237232 2.858427
v -0.068634 0.239962 2.858427
v -0.067844 0.232452 2.883707
v -0.068634 0.235132 2.883867
v -0.057604 0.230032 2.909477
v -0.058234 0.232712 2.909797
v -0.040914 0.228772 2.927907
v -0.041384 0.231452 2.928557
v 0.227746 -0.162238 2.944377
v 0.213256 -0.183298 2.938997
v 0.215466 -0.184878 2.939647
v 0.202556 -0.201528 2.926757
v 0.204596 -0.203308 2.927247
v 0.225546 -0.160928 2.943727
v 0.236096 -0.149948 2.941767
v 0.233736 -0.148748 2.941117
v 0.240506 -0.140708 2.939967
v 0.238146 -0.139608 2.939317
v 0.252316 -0.122008 2.927247
v 0.249796 -0.121068 2.926757
v 0.204596 -0.203308 2.927247
v 0.197196 -0.215178 2.909477
v 0.199086 -0.217068 2.909797
v 0.202556 -0.201528 2.926757
v 0.194516 -0.224378 2.886637
v 0.196566 -0.226368 2.886807
v 0.196566 -0.226368 2.886807
v 0.198776 -0.227738 2.857777
v 0.200816 -0.229778 2.857607
v 0.194516 -0.224378 2.886637
v 0.206326 -0.227258 2.844077
v 0.207276 -0.222958 2.834777
v 0.209326 -0.224948 2.834457
v 0.219406 -0.211298 2.815537
v 0.221606 -0.213138 2.814877
v 0.204286 -0.225218 2.844237
v 0.200816 -0.229778 2.857607
v 0.198776 -0.227738 2.857777
v 0.221606 -0.213138 2.814877
v 0.233106 -0.196168 2.803957
v 0.235466 -0.197898 2.803307
v 0.219406 -0.211298 2.815537
v 0.247436 -0.173638 2.798577
v 0.249956 -0.175108 2.797757
v 0.255626 -0.159878 2.801347
v 0.258296 -0.161248 2.800697
v 0.258926 -0.151578 2.802977
v 0.261606 -0.152838 2.802157
v 0.266486 -0.130728 2.815537
v 0.269166 -0.131778 2.814877
v 0.269166 -0.131778 2.814877
v 0.270586 -0.116238 2.832987
v 0.273256 -0.117128 2.832497
v 0.266486 -0.130728 2.815537
v 0.270896 -0.110668 2.844237
v 0.273736 -0.111458 2.844077
v 0.269796 -0.104048 2.858427
v 0.272626 -0.104788 2.858427
v 0.265696 -0.101578 2.883707
v 0.268376 -0.102368 2.883867
v 0.258456 -0.110198 2.910287
v 0.261136 -0.110978 2.910617
v 0.249796 -0.121068 2.926757
v 0.252316 -0.122008 2.927247
v -0.224064 -0.160348 2.944377
v -0.228784 -0.148688 2.941437
v -0.231144 -0.149898 2.942257
v -0.234144 -0.137508 2.939317
v -0.221704 -0.159038 2.943727
v -0.236504 -0.138608 2.939967
v -0.245634 -0.118968 2.926757
v -0.248314 -0.119908 2.927247
v -0.211304 -0.184038 2.938997
v -0.209104 -0.182458 2.938337
v -0.201224 -0.201578 2.927247
v -0.199024 -0.199798 2.926757
v -0.253514 -0.114028 2.918117
v -0.254454 -0.107358 2.909477
v -0.257134 -0.108148 2.909797
v -0.261384 -0.099318 2.883707
v -0.250994 -0.113188 2.917627
v -0.248314 -0.119908 2.927247
v -0.245634 -0.118968 2.926757
v -0.264064 -0.100058 2.883867
v -0.265484 -0.101788 2.858427
v -0.268314 -0.102528 2.858427
v -0.266584 -0.108408 2.844237
v -0.269414 -0.109198 2.844077
v -0.266424 -0.112298 2.834777
v -0.269254 -0.113138 2.834457
v -0.265634 -0.117968 2.828417
v -0.268474 -0.118908 2.828097
v -0.262484 -0.128628 2.815537
v -0.265164 -0.129678 2.814877
v -0.265164 -0.129678 2.814877
v -0.262484 -0.128628 2.815537
v -0.216034 -0.209558 2.815537
v -0.218234 -0.211398 2.814877
v -0.218234 -0.211398 2.814877
v -0.203904 -0.221278 2.834777
v -0.205954 -0.223218 2.834457
v -0.216034 -0.209558 2.815537
v -0.200914 -0.223528 2.844237
v -0.202964 -0.225478 2.844077
v -0.195084 -0.226208 2.858427
v -0.197134 -0.228208 2.858427
v -0.197134 -0.228208 2.858427
v -0.191144 -0.223588 2.884357
v -0.193034 -0.225578 2.884517
v -0.195084 -0.226208 2.858427
v -0.193034 -0.225578 2.884517
v -0.193664 -0.213448 2.909477
v -0.195714 -0.215338 2.909797
v -0.191144 -0.223588 2.884357
v -0.199024 -0.199798 2.926757
v -0.201224 -0.201578 2.927247
v 0.002396 0.228092 2.943397
v 0.094366 0.093112 2.968507
v 0.028376 0.227252 2.939317
v 0.043496 0.228562 2.930517
v 0.050266 0.228092 2.926757
v -0.050834 0.091852 3.000637
v -0.021224 0.227412 2.939317
v -0.040914 0.228772 2.927907
v 0.050266 0.228092 2.926757
v 0.094366 0.093112 2.968507
v 0.064756 0.229512 2.909477
v 0.074996 0.231922 2.883707
v 0.094366 0.093112 2.968507
v 0.134366 0.104982 2.868377
v 0.064756 0.229512 2.909477
v 0.074996 0.231922 2.883377
v 0.074996 0.236652 2.858427
v 0.069796 0.240592 2.844237
v 0.066336 0.242272 2.834777
v 0.048536 0.248312 2.814557
v 0.028376 0.251142 2.802977
v 0.028376 0.251142 2.802977
v 0.002396 0.253562 2.798737
v -0.021224 0.251302 2.802977
v 0.003656 -0.017228 2.870167
v -0.021224 0.251302 2.802977
v -0.041854 0.248682 2.814717
v -0.059334 0.242792 2.834777
v -0.138704 0.109232 2.856637
v -0.041854 0.248682 2.814717
v -0.062804 0.241172 2.844237
v -0.067844 0.237232 2.858427
v -0.067844 0.232452 2.883707
v -0.057604 0.230032 2.909477
v -0.040914 0.228772 2.927907
v -0.050834 0.091852 3.000637
v 0.225546 -0.160928 2.943727
v 0.102076 -0.098378 3.014017
v 0.213256 -0.183298 2.938997
v 0.233736 -0.148748 2.941117
v 0.049796 -0.197058 2.946657
v 0.202556 -0.201528 2.926757
v 0.151216 -0.016968 2.982377
v 0.238146 -0.139608 2.939317
v 0.249796 -0.121068 2.926757
v 0.202556 -0.201528 2.926757
v 0.049796 -0.197058 2.946657
v 0.197196 -0.215178 2.909477
v 0.194516 -0.224378 2.886637
v 0.198776 -0.227738 2.857777
v 0.069006 -0.211718 2.811787
v 0.204286 -0.225218 2.844237
v 0.207276 -0.222958 2.834777
v 0.219406 -0.211298 2.815537
v 0.049796 -0.197058 2.946657
v 0.013886 -0.035348 2.870007
v 0.102076 -0.098378 3.014017
v 0.219406 -0.211298 2.815537
v 0.069006 -0.211718 2.811787
v 0.233106 -0.196168 2.803957
v 0.247436 -0.173638 2.798577
v 0.013886 -0.035348 2.870007
v 0.255626 -0.159878 2.801347
v 0.258926 -0.151578 2.802977
v 0.266486 -0.130728 2.815537
v 0.270586 -0.116238 2.832987
v 0.189796 0.018322 2.860547
v 0.266486 -0.130728 2.815537
v 0.270586 -0.116238 2.832987
v 0.189796 0.018322 2.860547
v 0.270896 -0.110668 2.844237
v 0.269796 -0.104048 2.858427
v 0.265696 -0.101578 2.883707
v 0.258456 -0.110198 2.910287
v 0.151216 -0.016968 2.982377
v 0.249796 -0.121068 2.926757
v -0.221704 -0.159038 2.943727
v -0.109414 -0.075058 3.014017
v -0.228784 -0.148688 2.941437
v -0.234144 -0.137508 2.939317
v -0.245634 -0.118968 2.926757
v -0.159184 0.002302 2.949757
v -0.209104 -0.182458 2.938337
v -0.054294 -0.175318 2.980577
v -0.199024 -0.199798 2.926757
v -0.250994 -0.113188 2.917627
v -0.159184 0.002302 2.949757
v -0.254454 -0.107358 2.909477
v -0.245634 -0.118968 2.926757
v -0.254454 -0.107358 2.909477
v -0.159184 0.002302 2.949757
v -0.261384 -0.099318 2.883707
v -0.265484 -0.101788 2.858427
v -0.183744 0.003142 2.820427
v -0.266584 -0.108408 2.844237
v -0.266424 -0.112298 2.834777
v -0.265634 -0.117968 2.828417
v -0.262484 -0.128628 2.815537
v -0.183744 0.003142 2.820427
v -0.262484 -0.128628 2.815537
v -0.007214 -0.035088 2.870007
v -0.053034 -0.221118 2.834127
v -0.216034 -0.209558 2.815537
v -0.203904 -0.221278 2.834777
v -0.200914 -0.223528 2.844237
v -0.195084 -0.226208 2.858427
v -0.191144 -0.223588 2.884357
v -0.193664 -0.213448 2.909477
v -0.054294 -0.175318 2.980577
v -0.199024 -0.199798 2.926757
v 0.094366 0.093112 2.968507
v -0.050834 0.091852 3.000637
v 0.003656 -0.017228 2.870167
v 0.134366 0.104982 2.868377
v 0.134366 0.104982 2.868377
v 0.003656 -0.017228 2.870167
v -0.138704 0.109232 2.856637
v 0.003656 -0.017228 2.870167
v -0.050834 0.091852 3.000637
v -0.138704 0.109232 2.856637
v 0.003656 -0.017228 2.870167
v 0.189796 0.018322 2.860547
v 0.013886 -0.035348 2.870007
v 0.151216 -0.016968 2.982377
v 0.102076 -0.098378 3.014017
v 0.151216 -0.016968 2.982377
v 0.013886 -0.035348 2.870007
v -0.159184 0.002302 2.949757
v -0.109414 -0.075058 3.014017
v -0.007214 -0.035088 2.870007
v -0.183744 0.003142 2.820427
v -0.053034 -0.221118 2.834127
v -0.007214 -0.035088 2.870007
v -0.054294 -0.175318 2.980577
v -0.109414 -0.075058 3.014017
v 0.223656 -0.111608 2.821247
v 0.234836 -0.092338 2.859727
v 0.231056 -0.099008 2.838527
v 0.231056 -0.099008 2.903607
v 0.234836 -0.092338 2.882397
v 0.213886 -0.128578 2.809987
v 0.202706 -0.147848 2.805907
v 0.181926 -0.184088 2.821247
v 0.191686 -0.167128 2.809987
v 0.213886 -0.128578 2.932307
v 0.223656 -0.111608 2.921057
v 0.174516 -0.196698 2.903607
v 0.170736 -0.203418 2.859727
v 0.174516 -0.196698 2.838527
v 0.170736 -0.203418 2.882397
v 0.191686 -0.167128 2.932307
v 0.181926 -0.184088 2.921057
v 0.202706 -0.147848 2.936217
v -0.178074 -0.182148 2.821247
v -0.166894 -0.201418 2.859727
v -0.170834 -0.194748 2.838527
v -0.170834 -0.194748 2.903607
v -0.166894 -0.201418 2.882397
v -0.187844 -0.165178 2.809987
v -0.199024 -0.145908 2.805907
v -0.219964 -0.109668 2.821247
v -0.210204 -0.126628 2.809987
v -0.187844 -0.165178 2.932307
v -0.178074 -0.182148 2.921057
v -0.227214 -0.097068 2.903607
v -0.231144 -0.090398 2.859727
v -0.227214 -0.097068 2.838527
v -0.231144 -0.090398 2.882397
v -0.210204 -0.126628 2.932307
v -0.219964 -0.109668 2.921057
v -0.199024 -0.145908 2.936217
v 0.017516 1.578601 2.893167
v 0.031216 1.563941 2.891537
v 0.035466 1.564002 2.892997
v 0.046016 1.534742 2.887947
v 0.052626 1.534742 2.890227
v 0.077826 1.481122 2.883377
v 0.007116 1.565001 2.891047
v 0.004286 1.580961 2.892837
v 0.008846 1.534742 2.888107
v 0.068066 1.460111 2.880607
v 0.097196 1.430022 2.877347
v -0.014454 1.576501 2.893327
v -0.026424 1.564102 2.892517
v -0.028634 1.563941 2.892677
v -0.026584 1.564052 2.892517
v -0.043114 1.534742 2.894637
v -0.048784 1.534742 2.895447
v -0.061854 1.480232 2.897727
v -0.065794 1.481171 2.898547
v 0.021766 1.460111 2.882727
v -0.073354 1.427292 2.898547
v 0.085546 1.418462 2.873917
v 0.021606 1.418992 2.880277
v -0.077764 1.427652 2.899367
v -0.077444 1.429021 2.902457
v -0.093984 1.336691 2.908497
v -0.092404 1.334062 2.900507
v -0.094294 1.335111 2.902787
v -0.105164 1.255282 2.907357
v -0.104694 1.257122 2.913057
v -0.115404 1.137951 2.918767
v -0.102644 1.252132 2.904087
v -0.116184 1.136172 2.913387
v -0.122964 1.043411 2.923177
v -0.113034 1.132751 2.908817
v -0.124064 1.041682 2.917787
v -0.126894 0.923622 2.927907
v 0.020036 1.253712 2.872287
v 0.020976 1.331962 2.876037
v 0.106646 1.332172 2.861527
v 0.120666 1.336321 2.865117
v 0.133576 1.258381 2.852397
v 0.118146 1.253021 2.849787
v 0.130586 1.135542 2.834127
v 0.019086 1.135802 2.868217
v 0.147746 1.138422 2.835107
v 0.017666 1.038372 2.863967
v 0.139556 1.038321 2.823527
v 0.157666 1.043571 2.823527
v -0.120914 1.038221 2.912407
v 0.016406 0.919832 2.860547
v 0.147436 0.919992 2.811457
v 0.166646 0.923412 2.810807
v 0.164916 0.798882 2.800367
v 0.144916 0.795782 2.802327
v 0.157826 0.673202 2.794167
v -0.125954 0.918362 2.916487
v 0.015146 0.795782 2.855487
v -0.126264 0.794212 2.919907
v -0.128634 0.921881 2.922517
v -0.127684 0.797252 2.926267
v -0.125324 0.798882 2.931817
v -0.124854 0.673202 2.925947
v -0.122644 0.673202 2.931977
v -0.118704 0.610912 2.932637
v -0.123114 0.673202 2.918937
v -0.121224 0.610961 2.924637
v -0.114294 0.549042 2.931657
v -0.118704 0.611072 2.916487
v -0.116344 0.549302 2.921547
v 0.015626 0.673202 2.850757
v -0.113194 0.549882 2.912247
v 0.137666 0.673202 2.796777
v 0.014996 0.610652 2.846687
v 0.129006 0.610752 2.794497
v 0.149326 0.610802 2.792047
v 0.012786 0.548202 2.843257
v 0.118616 0.548622 2.792697
v 0.139086 0.548672 2.791887
v -0.099814 0.464642 2.903277
v 0.103336 0.464012 2.793357
v 0.008066 0.464642 2.838527
v -0.106114 0.464642 2.915177
v -0.103904 0.464642 2.927737
v -0.077604 0.308652 2.892677
v -0.071934 0.308652 2.915997
v -0.071464 0.308652 2.878647
v -0.008634 0.308652 2.833637
v 0.117036 0.464012 2.794497
v 0.123966 0.464012 2.795147
v 0.065386 0.319112 2.807057
v 0.080666 0.319112 2.809177
v 0.085856 0.319112 2.815697
v 0.059716 0.265272 2.829727
v 0.037356 0.265272 2.818957
v 0.049476 0.244582 2.834127
v 0.012626 0.156662 2.822547
v 0.042076 0.156662 2.837057
v 0.026486 0.244582 2.821407
v -0.017764 0.156662 2.826787
v -0.017134 0.266592 2.832337
v -0.016184 0.244582 2.828747
v -0.039024 0.156662 2.843747
v -0.054774 0.271682 2.861687
v -0.045794 0.244582 2.852397
v -0.057294 0.244582 2.878647
v -0.049414 0.156662 2.870987
v -0.064854 0.271682 2.883867
v -0.077604 0.308652 2.892677
v -0.049104 0.244582 2.908007
v -0.042484 0.156662 2.901967
v -0.059184 0.271682 2.910937
v -0.028634 1.563941 2.892677
v -0.046424 1.534742 2.897567
v -0.048784 1.534742 2.895447
v -0.026424 1.564002 2.893657
v -0.014454 1.576501 2.893327
v -0.023594 1.564002 2.894797
v 0.004286 1.580961 2.892837
v 0.017516 1.578601 2.893167
v 0.025386 1.563941 2.894957
v 0.035466 1.564002 2.892997
v -0.036504 1.534742 2.897897
v 0.037036 1.534742 2.894467
v 0.052626 1.534742 2.890227
v -0.044374 1.481122 2.902137
v -0.065324 1.481122 2.900997
v -0.065794 1.481171 2.898547
v 0.055626 1.481122 2.891207
v 0.077826 1.481122 2.883377
v -0.053984 1.429541 2.904577
v -0.076344 1.429182 2.904747
v -0.077444 1.429021 2.902457
v 0.071056 1.430701 2.887617
v 0.097196 1.430022 2.877347
v 0.120666 1.336321 2.865117
v 0.090106 1.336161 2.878977
v -0.063114 1.336112 2.908167
v -0.091934 1.336642 2.910937
v -0.093984 1.336691 2.908497
v -0.063594 1.259171 2.910617
v 0.101296 1.258911 2.869677
v 0.133576 1.258381 2.852397
v 0.147746 1.138422 2.835107
v -0.101544 1.258592 2.915507
v -0.104694 1.257122 2.913057
v 0.114046 1.138692 2.857447
v 0.157666 1.043571 2.823527
v -0.059814 1.138792 2.913717
v -0.110994 1.139261 2.921377
v -0.115404 1.137951 2.918767
v 0.122706 1.043632 2.848477
v 0.166646 0.923412 2.810807
v -0.056504 1.043682 2.917137
v -0.117444 1.044682 2.925947
v -0.122964 1.043411 2.923177
v 0.130266 0.923252 2.838037
v -0.119654 0.924772 2.930837
v -0.054144 0.923302 2.917297
v -0.126894 0.923622 2.927907
v -0.048314 0.798882 2.913877
v 0.127586 0.798882 2.830047
v 0.164916 0.798882 2.800367
v 0.157826 0.673202 2.794167
v 0.120506 0.673202 2.824507
v 0.149326 0.610802 2.792047
v -0.116184 0.798882 2.934917
v 0.113736 0.610702 2.824017
v -0.122014 0.798882 2.934267
v -0.125324 0.798882 2.931817
v -0.118554 0.673202 2.935407
v -0.122644 0.673202 2.931977
v -0.039964 0.673152 2.909797
v -0.112254 0.673202 2.936387
v -0.114294 0.610912 2.936387
v -0.118704 0.610912 2.932637
v -0.107844 0.610912 2.937527
v -0.033354 0.610802 2.908007
v -0.109264 0.549251 2.936387
v -0.114294 0.549042 2.931657
v -0.103904 0.464642 2.927737
v -0.102804 0.549251 2.937687
v -0.096344 0.464642 2.936877
v -0.071934 0.308652 2.915997
v -0.029734 0.548732 2.908657
v -0.085324 0.464642 2.937527
v -0.058394 0.308652 2.928877
v -0.059184 0.271682 2.910937
v 0.106486 0.548412 2.825157
v -0.041384 0.271682 2.927577
v -0.049104 0.244582 2.908007
v -0.033034 0.308652 2.929697
v -0.022014 0.464642 2.911427
v 0.094206 0.464012 2.829557
v 0.139086 0.548672 2.791887
v 0.094206 0.464012 2.829557
v 0.120036 0.464012 2.799717
v 0.123966 0.464012 2.795147
v 0.077036 0.319112 2.844397
v -0.004064 0.308652 2.917957
v 0.058926 0.317582 2.874737
v 0.087276 0.319112 2.822217
v 0.123966 0.464012 2.795147
v 0.085856 0.319112 2.815697
v 0.059716 0.265272 2.829727
v 0.063966 0.265272 2.858587
v 0.049476 0.244582 2.834127
v 0.058296 0.244582 2.862177
v 0.051056 0.267272 2.891207
v 0.052946 0.244582 2.893327
v 0.008376 0.271682 2.920887
v 0.042076 0.156662 2.837057
v 0.058296 0.244582 2.862177
v 0.055626 0.156662 2.866907
v 0.051056 0.156662 2.897237
v 0.033416 0.156662 2.919257
v 0.018926 0.244582 2.919747
v 0.004916 0.156662 2.928717
v -0.008634 0.244582 2.930517
v -0.023434 0.156662 2.920397
v -0.016344 0.271682 2.930517
v -0.028784 0.244582 2.925457
v -0.042484 0.156662 2.901967
v 0.003336 0.143952 2.931977
v 0.022706 0.170002 2.928557
v 0.022706 0.143952 2.928557
v 0.039716 0.170002 2.918767
v 0.003336 0.170002 2.931977
v 0.039716 0.143952 2.918767
v -0.015874 0.143952 2.928557
v 0.052316 0.170002 2.903767
v -0.015874 0.170002 2.928557
v 0.052316 0.143952 2.903767
v -0.032884 0.143952 2.918767
v 0.058926 0.170002 2.885497
v -0.032884 0.170002 2.918767
v 0.058926 0.143952 2.885497
v 0.058926 0.170002 2.865767
v 0.058926 0.143952 2.865767
v -0.045484 0.143952 2.903767
v -0.045484 0.170002 2.903767
v -0.052094 0.143952 2.885497
v -0.052094 0.170002 2.885497
v -0.052094 0.143952 2.865767
v -0.052094 0.170002 2.865767
v -0.045484 0.143952 2.847497
v -0.045484 0.170002 2.847497
v -0.032884 0.143952 2.832497
v -0.032884 0.170002 2.832497
v -0.015874 0.143952 2.822707
v -0.015874 0.170002 2.822707
v 0.003336 0.143952 2.819287
v 0.003336 0.170002 2.819287
v 0.022706 0.143952 2.822707
v 0.022706 0.170002 2.822707
v 0.039716 0.143952 2.832497
v 0.039716 0.170002 2.832497
v 0.052316 0.143952 2.847497
v 0.052316 0.170002 2.847497
v 0.058926 0.143952 2.865767
v 0.058926 0.170002 2.865767
v -1.133664 -0.798208 2.908497
v -1.132254 -0.795478 2.900507
v -1.132254 -0.797638 2.902787
v -1.057604 -0.767118 2.907357
v -1.059494 -0.767698 2.913057
v -0.950834 -0.717328 2.918767
v -1.056184 -0.763388 2.904087
v -0.948944 -0.717119 2.913387
v -0.865164 -0.676628 2.923177
v -0.947524 -0.712658 2.908817
v -0.863114 -0.676728 2.917787
v -0.759494 -0.620118 2.927907
v -0.861854 -0.672219 2.912407
v -0.755554 -0.616699 2.916487
v -0.719814 -0.433138 2.855487
v -0.647684 -0.554888 2.919907
v -0.757134 -0.620748 2.922517
v -0.649734 -0.557668 2.926267
v -0.652254 -0.556408 2.931817
v -0.543744 -0.493168 2.925947
v -0.544694 -0.491338 2.931977
v -0.492724 -0.456778 2.932637
v -0.544534 -0.491648 2.918937
v -0.491624 -0.458928 2.924637
v -0.441384 -0.422008 2.931657
v -0.492884 -0.456828 2.916487
v -0.440594 -0.423798 2.921547
v -0.613984 -0.371538 2.850757
v -0.442804 -0.421378 2.912247
v -0.559494 -0.340758 2.846687
v -0.504224 -0.311508 2.843257
v -0.375554 -0.367128 2.903277
v -0.429414 -0.273798 2.838527
v -0.372404 -0.372638 2.915177
v -0.373514 -0.370698 2.927737
v -0.251624 -0.270018 2.892677
v -0.254454 -0.265128 2.915997
v -0.254614 -0.264658 2.878647
v -0.286114 -0.210248 2.833637
v -0.342334 -0.133618 2.815697
v -0.282644 -0.129308 2.829727
v -0.271464 -0.148688 2.818957
v -0.259654 -0.127838 2.834127
v -0.165164 -0.115868 2.822547
v -0.179814 -0.090398 2.837057
v -0.248154 -0.147848 2.821407
v -0.149894 -0.142178 2.826787
v -0.245484 -0.196538 2.832337
v -0.226744 -0.184768 2.828747
v -0.139334 -0.160618 2.843747
v -0.230994 -0.231678 2.861687
v -0.211934 -0.210348 2.852397
v -0.206264 -0.220378 2.878647
v -0.134144 -0.169538 2.870987
v -0.225954 -0.240388 2.883867
v -0.251624 -0.270018 2.892677
v -0.210364 -0.213238 2.908007
v -0.137604 -0.163608 2.901967
v -0.228784 -0.235608 2.910937
v -1.148624 -0.771108 2.908167
v -1.134614 -0.796318 2.910937
v -1.133664 -0.798208 2.908497
v -1.081854 -0.733038 2.910617
v -1.062324 -0.765758 2.915507
v -1.059494 -0.767698 2.913057
v -0.979494 -0.669589 2.913717
v -0.954294 -0.714228 2.921377
v -0.950834 -0.717328 2.918767
v -0.898704 -0.619168 2.917137
v -0.869104 -0.672428 2.925947
v -0.865164 -0.676628 2.923177
v -0.764064 -0.614498 2.930837
v -0.795554 -0.556988 2.917297
v -0.759494 -0.620118 2.927907
v -0.690674 -0.489758 2.913877
v -0.656814 -0.548528 2.934917
v -0.653984 -0.553518 2.934267
v -0.652254 -0.556408 2.931817
v -0.546734 -0.487708 2.935407
v -0.544694 -0.491338 2.931977
v -0.586104 -0.419698 2.909797
v -0.549884 -0.482248 2.936387
v -0.494924 -0.452938 2.936387
v -0.492724 -0.456778 2.932637
v -0.498234 -0.447268 2.937527
v -0.535404 -0.382668 2.908007
v -0.444064 -0.417758 2.936387
v -0.441384 -0.422008 2.931657
v -0.373514 -0.370698 2.927737
v -0.447364 -0.412078 2.937687
v -0.377294 -0.364178 2.936877
v -0.254454 -0.265128 2.915997
v -0.483434 -0.348478 2.908657
v -0.382804 -0.354678 2.937527
v -0.261224 -0.253368 2.928877
v -0.228784 -0.235608 2.910937
v -0.237604 -0.220168 2.927577
v -0.210364 -0.213238 2.908007
v -0.273824 -0.231408 2.929697
v -0.414454 -0.299738 2.911427
v -0.471934 -0.198898 2.829557
v -0.471934 -0.198898 2.829557
v -0.337924 -0.141288 2.844397
v -0.288314 -0.206258 2.917957
v -0.327684 -0.156198 2.874737
v -0.343114 -0.132458 2.822217
v -0.342334 -0.133618 2.815697
v -0.282644 -0.129308 2.829727
v -0.284854 -0.125738 2.858587
v -0.259654 -0.127838 2.834127
v -0.264064 -0.120278 2.862177
v -0.280124 -0.137868 2.891207
v -0.261384 -0.124898 2.893327
v -0.262484 -0.177108 2.920887
v -0.179814 -0.090398 2.837057
v -0.264064 -0.120278 2.862177
v -0.186584 -0.078578 2.866907
v -0.184224 -0.082618 2.897237
v -0.175554 -0.097848 2.919257
v -0.244374 -0.154308 2.919747
v -0.161224 -0.122538 2.928717
v -0.230674 -0.178158 2.930517
v -0.147054 -0.147008 2.920397
v -0.250204 -0.198428 2.930517
v -0.220444 -0.195648 2.925457
v -0.137604 -0.163608 2.901967
v -0.149414 -0.117498 2.931977
v -0.181704 -0.113768 2.928557
v -0.159184 -0.100788 2.928557
v -0.190204 -0.099108 2.918767
v -0.172094 -0.130468 2.931977
v -0.167684 -0.086088 2.918767
v -0.139814 -0.134198 2.928557
v -0.196504 -0.088188 2.903767
v -0.162334 -0.147168 2.928557
v -0.173824 -0.075158 2.903767
v -0.131304 -0.148848 2.918767
v -0.199814 -0.082408 2.885497
v -0.153824 -0.161878 2.918767
v -0.177294 -0.069388 2.885497
v -0.199814 -0.082408 2.865767
v -0.177294 -0.069388 2.865767
v -0.125004 -0.159778 2.903767
v -0.147684 -0.172798 2.903767
v -0.121704 -0.165548 2.885497
v -0.144224 -0.178578 2.885497
v -0.121704 -0.165548 2.865767
v -0.144224 -0.178578 2.865767
v -0.125004 -0.159778 2.847497
v -0.147684 -0.172798 2.847497
v -0.131304 -0.148848 2.832497
v -0.153824 -0.161878 2.832497
v -0.139814 -0.134198 2.822707
v -0.162334 -0.147168 2.822707
v -0.149414 -0.117498 2.819287
v -0.172094 -0.130468 2.819287
v -0.159184 -0.100788 2.822707
v -0.181704 -0.113768 2.822707
v -0.167684 -0.086088 2.832497
v -0.190204 -0.099108 2.832497
v -0.173824 -0.075158 2.847497
v -0.196504 -0.088188 2.847497
v -0.177294 -0.069388 2.865767
v -0.199814 -0.082408 2.865767
v 1.388846 -0.848628 2.893167
v 1.369166 -0.853248 2.891537
v 1.367116 -0.856878 2.892997
v 1.336566 -0.851418 2.887947
v 1.333096 -0.857248 2.890227
v 1.274206 -0.852259 2.883377
v 1.382076 -0.832928 2.891047
v 1.397356 -0.838389 2.892837
v 1.355146 -0.819218 2.888107
v 1.260816 -0.833188 2.880607
v 1.220346 -0.843378 2.877347
v 1.402866 -0.820008 2.893327
v 1.398136 -0.803358 2.892517
v 1.399246 -0.801358 2.892677
v 1.398136 -0.803308 2.892517
v 1.381136 -0.774208 2.894637
v 1.383966 -0.769268 2.895447
v 1.343176 -0.730778 2.897727
v 1.346016 -0.727838 2.898547
v 1.283966 -0.793118 2.882727
v 1.303176 -0.694328 2.898547
v 1.216096 -0.827568 2.873917
v 1.248536 -0.772428 2.880277
v 1.305696 -0.690758 2.899367
v 1.306646 -0.691648 2.902457
v 1.234986 -0.631148 2.908497
v 1.231836 -0.631248 2.900507
v 1.233726 -0.630148 2.902787
v 1.170106 -0.580828 2.907357
v 1.171526 -0.582088 2.913057
v 1.073576 -0.513238 2.918767
v 1.166016 -0.581409 2.904087
v 1.072476 -0.511708 2.913387
v 0.995466 -0.459458 2.923177
v 1.067906 -0.512758 2.908817
v 0.994516 -0.457618 2.917787
v 0.893736 -0.396118 2.927907
v 1.106176 -0.688388 2.872287
v 1.173416 -0.728308 2.876037
v 1.130736 -0.802678 2.861527
v 1.127276 -0.816908 2.865117
v 1.053416 -0.789018 2.852397
v 1.056566 -0.772998 2.849787
v 0.948536 -0.725098 2.834127
v 1.004436 -0.628618 2.868217
v 0.942396 -0.741388 2.835107
v 0.920816 -0.578728 2.863967
v 0.859876 -0.684238 2.823527
v 0.855306 -0.702568 2.823527
v 0.989956 -0.458668 2.912407
v 0.818766 -0.518328 2.860547
v 0.753416 -0.631988 2.811457
v 0.746806 -0.650319 2.810807
v 0.639876 -0.586448 2.800367
v 0.647116 -0.567538 2.802327
v 0.534516 -0.517598 2.794167
v 0.888696 -0.394378 2.916487
v 0.711996 -0.455308 2.855487
v 0.781286 -0.331988 2.919907
v 0.893106 -0.393808 2.922517
v 0.784756 -0.332198 2.926267
v 0.784916 -0.335138 2.931817
v 0.675776 -0.272748 2.925947
v 0.674836 -0.274578 2.931977
v 0.618776 -0.246798 2.932637
v 0.674996 -0.274268 2.918937
v 0.620186 -0.244698 2.924637
v 0.563026 -0.219698 2.931657
v 0.619086 -0.246908 2.916487
v 0.564286 -0.218178 2.921547
v 0.605696 -0.394378 2.850757
v 0.563176 -0.221168 2.912247
v 0.544596 -0.500048 2.796777
v 0.551686 -0.362608 2.846687
v 0.494836 -0.461348 2.794497
v 0.484756 -0.478988 2.792047
v 0.498776 -0.329358 2.843257
v 0.446176 -0.421268 2.792697
v 0.436096 -0.439028 2.791887
v 0.482706 -0.190128 2.903277
v 0.380666 -0.365658 2.793357
v 0.428696 -0.283458 2.838527
v 0.485856 -0.184668 2.915177
v 0.484756 -0.186608 2.927737
v 0.336566 -0.131308 2.892677
v 0.333736 -0.136188 2.915997
v 0.333416 -0.136608 2.878647
v 0.302076 -0.191078 2.833637
v 0.373736 -0.377578 2.794497
v 0.370266 -0.383508 2.795147
v 0.274046 -0.260398 2.807057
v 0.266486 -0.273638 2.809177
v 0.263816 -0.278158 2.815697
v 0.230266 -0.228628 2.829727
v 0.241446 -0.209248 2.818957
v 0.217516 -0.209408 2.834127
v 0.159716 -0.133508 2.822547
v 0.145076 -0.158928 2.837057
v 0.229006 -0.189398 2.821407
v 0.174996 -0.107198 2.826787
v 0.269796 -0.162718 2.832337
v 0.250266 -0.152468 2.828747
v 0.185696 -0.088768 2.843747
v 0.293106 -0.132668 2.861687
v 0.265066 -0.126838 2.852397
v 0.270896 -0.116868 2.878647
v 0.190736 -0.079788 2.870987
v 0.298146 -0.123958 2.883867
v 0.336566 -0.131308 2.892677
v 0.266806 -0.124008 2.908007
v 0.187436 -0.085718 2.901967
v 0.295306 -0.128738 2.910937
v 1.399246 -0.801358 2.892677
v 1.382706 -0.771378 2.897567
v 1.383966 -0.769268 2.895447
v 1.397986 -0.803358 2.893657
v 1.402866 -0.820008 2.893327
v 1.396566 -0.805779 2.894797
v 1.397356 -0.838389 2.892837
v 1.388846 -0.848628 2.893167
v 1.372156 -0.848208 2.894957
v 1.367116 -0.856878 2.892997
v 1.377826 -0.779988 2.897897
v 1.340976 -0.843748 2.894467
v 1.333096 -0.857248 2.890227
v 1.335306 -0.746378 2.902137
v 1.345696 -0.728198 2.900997
v 1.346016 -0.727838 2.898547
v 1.285386 -0.832928 2.891207
v 1.274206 -0.852259 2.883377
v 1.295466 -0.712178 2.904577
v 1.306326 -0.692748 2.904747
v 1.306646 -0.691648 2.902457
v 1.233886 -0.821158 2.887617
v 1.220346 -0.843378 2.877347
v 1.127276 -0.816908 2.865117
v 1.142546 -0.790338 2.878977
v 1.219086 -0.657618 2.908167
v 1.233886 -0.632928 2.910937
v 1.234986 -0.631148 2.908497
v 1.152626 -0.618798 2.910617
v 1.069956 -0.761398 2.869677
v 1.053416 -0.789018 2.852397
v 0.942396 -0.741388 2.835107
v 1.171216 -0.585558 2.915507
v 1.171526 -0.582088 2.913057
v 0.959556 -0.712288 2.857447
v 0.855306 -0.702568 2.823527
v 1.046486 -0.561868 2.913717
v 1.072626 -0.517748 2.921377
v 1.073576 -0.513238 2.918767
v 0.872786 -0.672318 2.848477
v 0.746806 -0.650319 2.810807
v 0.962546 -0.517178 2.917137
v 0.993736 -0.464868 2.925947
v 0.995466 -0.459458 2.923177
v 0.764916 -0.618588 2.838037
v 0.891056 -0.402938 2.930837
v 0.857036 -0.458978 2.917297
v 0.893736 -0.396118 2.927907
v 0.746486 -0.401738 2.913877
v 0.658456 -0.554098 2.830047
v 0.639876 -0.586448 2.800367
v 0.534516 -0.517598 2.794167
v 0.553106 -0.485188 2.824507
v 0.484756 -0.478988 2.792047
v 0.780346 -0.342968 2.934917
v 0.502396 -0.448108 2.824017
v 0.783176 -0.338028 2.934267
v 0.784916 -0.335138 2.931817
v 0.672626 -0.278098 2.935407
v 0.674836 -0.274578 2.931977
v 0.633416 -0.346168 2.909797
v 0.669476 -0.283568 2.936387
v 0.616726 -0.250688 2.936387
v 0.618776 -0.246798 2.932637
v 0.613416 -0.256308 2.937527
v 0.575936 -0.320798 2.908007
v 0.560816 -0.224168 2.936387
v 0.563026 -0.219698 2.931657
v 0.484756 -0.186608 2.927737
v 0.557516 -0.229838 2.937687
v 0.480976 -0.193128 2.936877
v 0.333736 -0.136188 2.915997
v 0.520506 -0.292908 2.908657
v 0.475466 -0.202578 2.937527
v 0.326956 -0.147958 2.928877
v 0.295306 -0.128738 2.910937
v 0.452156 -0.410608 2.825157
v 0.286326 -0.144178 2.927577
v 0.266806 -0.124008 2.908007
v 0.314206 -0.169908 2.929697
v 0.443806 -0.257518 2.911427
v 0.385226 -0.357778 2.829557
v 0.436096 -0.439028 2.791887
v 0.385226 -0.357778 2.829557
v 0.372156 -0.380148 2.799717
v 0.370266 -0.383508 2.795147
v 0.268216 -0.270488 2.844397
v 0.299716 -0.195068 2.917957
v 0.275936 -0.254098 2.874737
v 0.263186 -0.279308 2.822217
v 0.370266 -0.383508 2.795147
v 0.263816 -0.278158 2.815697
v 0.230266 -0.228628 2.829727
v 0.228216 -0.232198 2.858587
v 0.217516 -0.209408 2.834127
v 0.213106 -0.216918 2.862177
v 0.236406 -0.222058 2.891207
v 0.215776 -0.212348 2.893327
v 0.261606 -0.187238 2.920887
v 0.145076 -0.158928 2.837057
v 0.213106 -0.216918 2.862177
v 0.138296 -0.170798 2.866907
v 0.140666 -0.166708 2.897237
v 0.149326 -0.151528 2.919257
v 0.232786 -0.182938 2.919747
v 0.163656 -0.126788 2.928717
v 0.246486 -0.159088 2.930517
v 0.177826 -0.102318 2.920397
v 0.273886 -0.165918 2.930517
v 0.256566 -0.141598 2.925457
v 0.187436 -0.085718 2.901967
v 0.153416 -0.119178 2.931977
v 0.166326 -0.148898 2.928557
v 0.143816 -0.135878 2.928557
v 0.157826 -0.163558 2.918767
v 0.175936 -0.132198 2.931977
v 0.135306 -0.150528 2.918767
v 0.163026 -0.102478 2.928557
v 0.151526 -0.174478 2.903767
v 0.185546 -0.115498 2.928557
v 0.129006 -0.161458 2.903767
v 0.171526 -0.087768 2.918767
v 0.148216 -0.180258 2.885497
v 0.194046 -0.100788 2.918767
v 0.125546 -0.167228 2.885497
v 0.148216 -0.180258 2.865767
v 0.125546 -0.167228 2.865767
v 0.177826 -0.076848 2.903767
v 0.200346 -0.089868 2.903767
v 0.181136 -0.071068 2.885497
v 0.203656 -0.084088 2.885497
v 0.181136 -0.071068 2.865767
v 0.203656 -0.084088 2.865767
v 0.177826 -0.076848 2.847497
v 0.200346 -0.089868 2.847497
v 0.171526 -0.087768 2.832497
v 0.194046 -0.100788 2.832497
v 0.163026 -0.102478 2.822707
v 0.185546 -0.115498 2.822707
v 0.153416 -0.119178 2.819287
v 0.175936 -0.132198 2.819287
v 0.143816 -0.135878 2.822707
v 0.166326 -0.148898 2.822707
v 0.135306 -0.150528 2.832497
v 0.157826 -0.163558 2.832497
v 0.129006 -0.161458 2.847497
v 0.151526 -0.174478 2.847497
v 0.125546 -0.167228 2.865767
v 0.148216 -0.180258 2.865767
v 0.095887 0.242675 2.764439
v -0.128689 0.226330 2.781775
v -0.130206 0.225385 2.781925
v 0.138178 0.224406 2.762036
v 0.262950 0.094815 2.757999
v 0.292012 -0.030888 2.760913
v -0.221419 -0.208788 2.806215
v 0.011969 -0.317836 2.793284
v 0.133431 -0.288009 2.783062
v 0.258591 -0.164836 2.768798
v -0.256887 -0.144101 2.806239
v -0.228045 -0.199502 2.806332
v -0.228286 -0.200116 2.806375
v 0.033937 0.193585 2.771020
v -0.080781 -0.093446 2.791118
v -0.096448 0.126492 2.783408
v -0.716848 -0.422086 2.851608
v -0.570413 -0.321855 2.836691
v -0.357884 -0.137867 2.813486
v -0.891801 -0.478162 2.866862
v -0.549992 -0.243028 2.831994
v -0.379784 -0.142828 2.815313
v -0.086510 0.243985 2.777930
v 0.133849 0.227054 2.762250
v 0.172696 0.203377 2.760321
v 0.277910 0.058624 2.758349
v 0.276130 -0.123969 2.765847
v -0.284409 -0.030888 2.803715
v -0.260163 -0.143610 2.806462
v -0.228286 -0.200116 2.806375
v -0.086341 -0.303975 2.800025
v 0.135508 -0.286756 2.782857
v 0.024686 0.203904 2.771290
v -0.045135 0.199026 2.776672
v -0.051351 0.090827 2.781498
v -0.084455 -0.186198 2.795133
v -1.130408 -0.776521 2.896616
v -1.050798 -0.679700 2.886799
v -1.138928 -0.783400 2.897527
v -0.994842 -0.634906 2.880837
v -0.935026 -0.590308 2.874596
v -0.825011 -0.498922 2.862740
v -0.783828 -0.469272 2.858485
v -0.822181 -0.496028 2.862413
v -0.528829 -0.296291 2.832572
v -0.313515 -0.150547 2.810704
v -1.226016 -0.806329 2.904918
v -1.029469 -0.582861 2.881308
v -0.482905 -0.199289 2.825248
v -0.357884 -0.137867 2.813486
v -0.086909 0.243888 2.777964
v -0.101875 0.237645 2.779327
v -0.201247 0.172771 2.789323
v -0.205941 0.167215 2.789896
v -0.253655 0.099610 2.796166
v -0.258271 0.088394 2.796962
v -0.282291 -0.001803 2.802384
v -0.281060 0.013993 2.801656
v 0.176979 0.199727 2.760150
v -0.166159 -0.262903 2.804295
v -0.073090 -0.307230 2.799172
v 0.047451 -0.315301 2.790547
v 0.055330 0.129310 2.772024
v -0.058768 0.189449 2.778070
v -0.080781 -0.093446 2.791118
v -0.340966 -0.136071 2.812158
v -0.333043 -0.137092 2.811611
v -0.325705 -0.140316 2.811196
v -1.217111 -0.824809 2.905003
v -1.217372 -0.827182 2.905118
v -0.474180 -0.195054 2.824429
v 0.004964 0.258083 2.770569
v 0.002396 0.258278 2.770752
v 0.207156 0.173879 2.758953
v 0.279323 0.052668 2.758484
v -0.276416 -0.093768 2.805658
v -0.270793 -0.116745 2.806168
v -0.214153 -0.217313 2.806019
v 0.054540 -0.313643 2.789954
v 0.206742 -0.235235 2.775489
v 0.260210 -0.162200 2.768572
v 0.024686 0.203904 2.771290
v -1.159553 -0.804615 2.899914
v -0.516719 -0.290093 2.831422
v -0.496550 -0.278152 2.829443
v -1.205234 -0.823614 2.904073
v -1.202091 -0.822905 2.903811
v -1.120410 -0.666038 2.891417
v -1.074896 -0.637511 2.886886
v -0.984489 -0.553138 2.876769
v -0.858573 -0.447960 2.863176
v -0.830412 -0.424244 2.860128
v -0.649870 -0.309330 2.842086
v -0.507198 -0.212924 2.827602
v -0.507198 -0.212924 2.827602
v -0.421118 -0.161221 2.819124
v -0.384055 -0.145174 2.815725
v 0.047657 0.254866 2.767529
v -0.284409 -0.030888 2.803715
v 0.211073 0.169310 2.758846
v 0.288445 0.014395 2.759351
v 0.291584 -0.036205 2.761159
v -0.203818 -0.229427 2.805741
v -0.200257 -0.233581 2.805644
v -0.186867 -0.245114 2.805115
v -0.151966 -0.271673 2.803595
v -0.042542 -0.314750 2.797207
v 0.008953 0.210670 2.772186
v 0.014249 0.086657 2.776796
v -0.068461 0.176737 2.779303
v 0.108479 -0.160067 2.779753
v 0.199753 -0.099701 2.770540
v 0.051086 0.254047 2.767307
v 0.236711 0.139358 2.758151
v 0.288317 -0.076150 2.763013
v -0.030898 -0.315730 2.796382
v 0.091485 -0.305020 2.786863
v 0.234920 -0.202459 2.772074
v -0.030627 0.202669 2.775448
v -0.096448 0.126492 2.783408
v -0.058768 0.189449 2.778070
v 0.169335 -0.060403 2.771213
v 0.206273 -0.107815 2.770383
v 0.014249 0.086657 2.776796
v 0.055330 0.129310 2.772024
v -1.146363 -0.789399 2.898321
v -0.918625 -0.573973 2.872719
v -0.906581 -0.561315 2.871314
v -0.723714 -0.426388 2.852292
v -0.623900 -0.354343 2.841973
v 0.091847 0.244337 2.764672
v -0.167069 0.202405 2.785590
v -0.170506 0.199418 2.785965
v -0.230381 0.138240 2.792880
v -0.235433 0.129850 2.793593
v -0.270714 0.057879 2.799117
v -0.273904 0.044104 2.799909
v 0.239957 0.134043 2.758124
v 0.287217 -0.080733 2.763280
v -0.282961 -0.047983 2.804297
v -0.280754 -0.075721 2.805252
v -0.127886 -0.286566 2.802408
v 0.096018 -0.303179 2.786452
v 0.236311 -0.200844 2.771906
v -0.045135 0.199026 2.776672
v -0.051351 0.090827 2.781498
v 0.209520 -0.137093 2.771323
v -0.246709 -0.131908 2.804991
v -0.256887 -0.144101 2.806239
v -0.226970 -0.197267 2.806162
v -0.221980 -0.196230 2.805750
v 0.169335 -0.060403 2.771213
v -1.189195 -0.818241 2.902665
v -1.161347 -0.806705 2.900131
v -1.172877 -0.812321 2.901214
v -1.082485 -0.719157 2.890743
v -0.323671 -0.162154 2.811926
v -0.955899 -0.520109 2.873313
v -0.605314 -0.281392 2.837650
v -0.597737 -0.274674 2.836816
v -0.041314 0.254753 2.774140
v -0.042829 0.254630 2.774257
v 0.260539 0.100595 2.757945
v 0.288895 0.008606 2.759551
v 0.277664 -0.120320 2.765586
v -0.270169 -0.119473 2.806231
v -0.266873 -0.127385 2.806306
v -0.113780 -0.292481 2.801599
v 0.002396 -0.318520 2.794023
v 0.205904 -0.235947 2.775580
v -0.260163 -0.143610 2.806462
v -0.257784 -0.143984 2.806300
v -0.226970 -0.197267 2.806162
v 0.118481 -0.074624 2.775563
v 0.211088 -0.127191 2.770807
v 0.211228 -0.121818 2.770580
v 0.206273 -0.107815 2.770383
v -0.168160 -0.037798 2.795361
v -0.084455 -0.186198 2.795133
v 0.118481 -0.074624 2.775563
v -1.202091 -0.822905 2.903811
v -0.580400 -0.327194 2.837648
v -0.444213 -0.247783 2.824332
v -0.366184 -0.202160 2.816697
v -1.175674 -0.724339 2.897872
v -1.154040 -0.685471 2.894698
v -0.754938 -0.378532 2.852679
v -0.671833 -0.327316 2.844442
v -0.546097 -0.239522 2.831563
vn 0.1598 0.9865 0.0356
vn 0.1559 0.9859 0.0602
vn 0.2339 0.9716 0.0354
vn 0.0040 0.9994 0.0357
vn -0.0001 0.9983 0.0589
vn 0.0778 0.9963 0.0355
vn 0.3115 0.9496 0.0355
vn 0.3085 0.9494 0.0594
vn 0.3820 0.9235 0.0354
vn 0.0819 0.9929 0.0858
vn 0.1914 0.9778 0.0853
vn -0.0009 0.9967 0.0815
vn 0.2335 0.9688 0.0833
vn -0.0777 0.9935 0.0830
vn -0.1561 0.9860 0.0595
vn -0.1862 0.9790 0.0835
vn -0.1526 0.9876 0.0354
vn -0.0779 0.9963 0.0355
vn -0.3085 0.9494 0.0595
vn -0.2327 0.9689 0.0838
vn -0.3047 0.9518 0.0355
vn -0.2337 0.9717 0.0353
vn -0.3062 0.9427 0.1325
vn -0.2310 0.9654 0.1213
vn -0.2298 0.9563 0.1808
vn -0.4500 0.8831 0.1326
vn -0.4485 0.8898 0.0838
vn -0.3810 0.9209 0.0822
vn -0.3002 0.9259 0.2292
vn -0.2297 0.9562 0.1815
vn -0.4419 0.8674 0.2290
vn -0.5832 0.8080 0.0835
vn -0.5833 0.8014 0.1324
vn -0.5209 0.8495 0.0836
vn -0.5723 0.7875 0.2288
vn -0.7015 0.7077 0.0844
vn -0.7009 0.7009 0.1324
vn -0.6482 0.7569 0.0835
vn -0.6881 0.6886 0.2287
vn -0.8043 0.5883 0.0839
vn -0.8020 0.5825 0.1322
vn -0.7570 0.6480 0.0841
vn -0.7871 0.5728 0.2289
vn -0.8859 0.4562 0.0842
vn -0.8830 0.4504 0.1322
vn -0.8505 0.5193 0.0837
vn -0.8678 0.4414 0.2283
vn -0.9475 0.3092 0.0818
vn -0.9428 0.3062 0.1319
vn -0.9198 0.3835 0.0833
vn -0.9259 0.3006 0.2289
vn -0.9937 0.0761 0.0821
vn -0.9879 0.0799 0.1330
vn -0.9932 0.0798 0.0847
vn -0.9832 0.1612 0.0859
vn -0.9789 0.1552 0.1327
vn -0.9694 0.2310 0.0826
vn -0.9708 0.0765 0.2274
vn -0.9616 0.1518 0.2284
vn -0.9471 0.0760 0.3119
vn -0.9381 0.1493 0.3126
vn -0.9100 0.0713 0.4084
vn -0.9035 0.2933 0.3125
vn -0.9012 0.1424 0.4093
vn -0.8496 0.0665 0.5232
vn -0.8412 0.1318 0.5244
vn -0.7289 0.0590 0.6821
vn -0.8677 0.2822 0.4092
vn -0.8461 0.4315 0.3129
vn -0.7168 0.1162 0.6875
vn -0.4843 0.1074 0.8683
vn -0.8096 0.2629 0.5248
vn -0.8129 0.4145 0.4091
vn -0.7686 0.5582 0.3126
vn -0.6905 0.2245 0.6876
vn -0.4496 0.1858 0.8737
vn -0.2254 0.0545 0.9727
vn -0.7583 0.3865 0.5249
vn -0.6477 0.3291 0.6872
vn -0.7385 0.5360 0.4090
vn -0.6898 0.4991 0.5245
vn -0.5896 0.4244 0.6872
vn -0.6723 0.6712 0.3122
vn -0.6454 0.6451 0.4090
vn -0.5582 0.7686 0.3124
vn -0.6023 0.6019 0.5244
vn -0.5364 0.7383 0.4090
vn -0.4307 0.8467 0.3125
vn -0.2231 0.9472 0.2303
vn -0.2299 0.9562 0.1814
vn -0.1855 0.9439 0.2733
vn -0.2931 0.9035 0.3127
vn -0.4133 0.8135 0.4091
vn -0.1487 0.9383 0.3122
vn -0.4997 0.6893 0.5246
vn -0.0821 0.9584 0.2735
vn -0.5128 0.5141 0.6875
vn -0.2817 0.8680 0.4090
vn -0.3858 0.7590 0.5246
vn -0.3695 0.3158 0.8739
vn -0.4272 0.5874 0.6874
vn -0.3286 0.6478 0.6873
vn -0.2115 0.0880 0.9734
vn -0.1090 0.0264 0.9937
vn -0.2541 0.4146 0.8738
vn -0.1744 0.1487 0.9734
vn -0.0957 0.0586 0.9937
vn -0.1199 0.1954 0.9734
vn -0.0730 0.0850 0.9937
vn -0.1133 0.4730 0.8737
vn -0.2260 0.6905 0.6871
vn -0.2632 0.8098 0.5244
vn -0.1434 0.9012 0.4089
vn -0.1330 0.8409 0.5245
vn -0.1120 0.7178 0.6872
vn -0.0002 0.9500 0.3122
vn -0.0008 0.9611 0.2760
vn 0.0758 0.9583 0.2757
vn 0.1489 0.9382 0.3124
vn 0.1778 0.9444 0.2765
vn -0.0000 0.9125 0.4091
vn 0.2233 0.9355 0.2740
vn -0.0000 0.8513 0.5246
vn 0.1429 0.9013 0.4090
vn 0.2937 0.9034 0.3125
vn -0.0010 0.7264 0.6873
vn 0.1333 0.8409 0.5246
vn 0.2815 0.8681 0.4090
vn 0.1140 0.7175 0.6872
vn 0.0384 0.4849 0.8737
vn 0.2627 0.8098 0.5246
vn 0.2239 0.6910 0.6873
vn -0.0532 0.2228 0.9734
vn -0.0426 0.1035 0.9937
vn 0.0175 0.2284 0.9734
vn -0.0087 0.1116 0.9937
vn 0.1856 0.4497 0.8737
vn 0.0255 0.1089 0.9937
vn 0.0873 0.2120 0.9734
vn 0.3159 0.3701 0.8736
vn 0.3305 0.6467 0.6874
vn 0.4255 0.5889 0.6871
vn 0.3863 0.7586 0.5247
vn 0.5004 0.6887 0.5247
vn 0.4143 0.8131 0.4089
vn 0.5363 0.7384 0.4089
vn 0.6020 0.6017 0.5249
vn 0.6445 0.6461 0.4089
vn 0.4313 0.8465 0.3122
vn 0.5581 0.7688 0.3123
vn 0.6713 0.6722 0.3124
vn 0.7384 0.5360 0.4092
vn 0.7689 0.5580 0.3121
vn 0.6881 0.6886 0.2287
vn 0.5715 0.7881 0.2287
vn 0.4425 0.8670 0.2290
vn 0.7878 0.5720 0.2285
vn 0.3003 0.9259 0.2291
vn 0.2225 0.9473 0.2305
vn 0.2301 0.9564 0.1796
vn 0.8018 0.5827 0.1323
vn 0.4500 0.8831 0.1327
vn 0.7009 0.7009 0.1320
vn 0.5826 0.8018 0.1329
vn 0.3065 0.9426 0.1326
vn 0.2169 0.9599 0.1774
vn 0.1524 0.9759 0.1562
vn 0.2301 0.9560 0.1821
vn 0.2326 0.9649 0.1219
vn 0.4526 0.8897 0.0595
vn 0.4559 0.8893 0.0355
vn 0.5218 0.8523 0.0351
vn 0.5873 0.8071 0.0599
vn 0.5884 0.8078 0.0349
vn 0.6502 0.7590 0.0352
vn 0.7063 0.7054 0.0595
vn 0.7079 0.7054 0.0356
vn 0.7594 0.6496 0.0356
vn 0.8071 0.5874 0.0595
vn 0.8092 0.5865 0.0358
vn 0.8519 0.5225 0.0352
vn 0.8891 0.4538 0.0596
vn 0.8894 0.4558 0.0349
vn 0.9230 0.3833 0.0353
vn 0.8829 0.4504 0.1326
vn 0.9496 0.3078 0.0598
vn 0.9506 0.3084 0.0358
vn 0.9721 0.2320 0.0355
vn 0.8676 0.4414 0.2291
vn 0.9427 0.3061 0.1328
vn 0.9859 0.1565 0.0594
vn 0.9869 0.1574 0.0354
vn 0.9962 0.0793 0.0351
vn 0.8466 0.4313 0.3120
vn 0.9259 0.3006 0.2289
vn 0.9789 0.1550 0.1329
vn 0.9982 -0.0001 0.0597
vn 0.9994 0.0027 0.0351
vn 0.9962 -0.0793 0.0352
vn 0.9875 -0.1536 0.0354
vn 0.9859 -0.1564 0.0599
vn 0.9721 -0.2320 0.0355
vn 0.9912 0.0001 0.1325
vn 0.9615 0.1533 0.2282
vn 0.9511 -0.3067 0.0358
vn 0.9495 -0.3078 0.0603
vn 0.9229 -0.3833 0.0351
vn 0.9033 0.2947 0.3119
vn 0.9791 -0.1549 0.1319
vn 0.9735 -0.0000 0.2286
vn 0.9382 0.1481 0.3127
vn 0.8136 0.4131 0.4092
vn 0.8680 0.2806 0.4096
vn 0.6884 0.5005 0.5249
vn 0.7585 0.3864 0.5247
vn 0.5146 0.5129 0.6871
vn 0.5871 0.4280 0.6872
vn 0.4151 0.2533 0.8738
vn 0.6476 0.3290 0.6873
vn 0.8099 0.2629 0.5244
vn 0.6903 0.2264 0.6872
vn 0.9010 0.1442 0.4091
vn 0.8409 0.1341 0.5243
vn 0.4727 0.1135 0.8739
vn 0.9499 -0.0001 0.3124
vn 0.9125 0.0002 0.4091
vn 0.7176 0.1120 0.6874
vn 0.8513 -0.0004 0.5247
vn 0.9610 -0.1540 0.2297
vn 0.7262 0.0010 0.6875
vn 0.9385 -0.1484 0.3116
vn 0.9008 -0.1443 0.4096
vn 0.8410 -0.1336 0.5243
vn 0.4851 -0.0370 0.8736
vn 0.9033 -0.2945 0.3120
vn 0.7176 -0.1139 0.6870
vn 0.8681 -0.2811 0.4090
vn 0.8099 -0.2629 0.5244
vn 0.6909 -0.2244 0.6873
vn 0.9392 -0.2450 0.2407
vn 0.9555 -0.2299 0.1846
vn 0.9012 -0.3379 0.2713
vn 0.8868 -0.3709 0.2758
vn 0.8466 -0.4311 0.3121
vn 0.8604 -0.4282 0.2763
vn 0.8208 -0.5005 0.2752
vn 0.8141 -0.4126 0.4087
vn 0.7689 -0.5586 0.3112
vn 0.7694 -0.5759 0.2763
vn 0.7584 -0.3864 0.5249
vn 0.7382 -0.5363 0.4092
vn 0.6716 -0.6721 0.3119
vn 0.7341 -0.6211 0.2745
vn 0.6882 -0.5007 0.5250
vn 0.6466 -0.3311 0.6872
vn 0.4497 -0.1860 0.8736
vn 0.5884 -0.4263 0.6871
vn 0.6445 -0.6459 0.4092
vn 0.6021 -0.6018 0.5247
vn 0.3699 -0.3160 0.8737
vn 0.5130 -0.5144 0.6872
vn 0.5361 -0.7385 0.4090
vn 0.5006 -0.6886 0.5246
vn 0.4274 -0.5874 0.6873
vn 0.5581 -0.7688 0.3122
vn 0.4145 -0.8130 0.4088
vn 0.4315 -0.8464 0.3123
vn 0.5716 -0.7880 0.2289
vn 0.3860 -0.7586 0.5248
vn 0.4424 -0.8671 0.2288
vn 0.2936 -0.9034 0.3125
vn 0.3012 -0.9257 0.2290
vn 0.2813 -0.8680 0.4091
vn 0.2627 -0.8098 0.5246
vn 0.3285 -0.6479 0.6873
vn 0.2543 -0.4148 0.8736
vn 0.2261 -0.6905 0.6871
vn 0.1430 -0.9013 0.4090
vn 0.1335 -0.8409 0.5245
vn 0.1487 -0.9382 0.3125
vn 0.1132 -0.4732 0.8737
vn 0.1517 -0.9615 0.2293
vn -0.0000 -0.9499 0.3124
vn 0.0001 -0.9734 0.2290
vn -0.0001 -0.9125 0.4091
vn 0.1119 -0.7178 0.6872
vn -0.0003 -0.8513 0.5247
vn -0.1489 -0.9382 0.3126
vn 0.0009 -0.7264 0.6873
vn -0.1433 -0.9012 0.4091
vn -0.1330 -0.8410 0.5245
vn -0.0386 -0.4848 0.8737
vn -0.1523 -0.9614 0.2291
vn -0.1139 -0.7175 0.6871
vn -0.2630 -0.8098 0.5244
vn -0.2817 -0.8680 0.4090
vn -0.2932 -0.9035 0.3125
vn -0.3007 -0.9258 0.2292
vn -0.2240 -0.6911 0.6872
vn -0.4134 -0.8135 0.4090
vn -0.3860 -0.7589 0.5245
vn -0.4307 -0.8467 0.3124
vn -0.4419 -0.8674 0.2291
vn -0.1863 -0.4494 0.8737
vn -0.3305 -0.6469 0.6873
vn -0.4997 -0.6894 0.5245
vn -0.5363 -0.7383 0.4091
vn -0.5582 -0.7687 0.3122
vn -0.5727 -0.7873 0.2284
vn -0.4256 -0.5887 0.6873
vn -0.6455 -0.6450 0.4089
vn -0.6022 -0.6019 0.5244
vn -0.6722 -0.6712 0.3125
vn -0.6895 -0.6877 0.2272
vn -0.6705 -0.7203 0.1777
vn -0.7475 -0.6264 0.2212
vn -0.7351 -0.6208 0.2724
vn -0.7688 -0.5582 0.3122
vn -0.7759 -0.5684 0.2735
vn -0.8198 -0.5021 0.2752
vn -0.7384 -0.5362 0.4088
vn -0.8466 -0.4312 0.3121
vn -0.8613 -0.4268 0.2756
vn -0.8877 -0.3688 0.2757
vn -0.9036 -0.2936 0.3121
vn -0.8897 -0.3636 0.2762
vn -0.9341 -0.2267 0.2757
vn -0.9444 -0.2248 0.2399
vn -0.8131 -0.4142 0.4092
vn -0.6897 -0.4992 0.5246
vn -0.9612 -0.1535 0.2294
vn -0.9555 -0.2311 0.1833
vn -0.5144 -0.5127 0.6874
vn -0.3155 -0.3702 0.8737
vn -0.5883 -0.4263 0.6872
vn -0.7586 -0.3864 0.5247
vn -0.4150 -0.2544 0.8735
vn -0.6485 -0.3272 0.6873
vn -0.8677 -0.2826 0.4089
vn -0.8094 -0.2629 0.5250
vn -0.6903 -0.2262 0.6872
vn -0.9382 -0.1493 0.3122
vn -0.9012 -0.1424 0.4093
vn -0.8409 -0.1316 0.5250
vn -0.9473 -0.0762 0.3111
vn -0.9099 -0.0710 0.4088
vn -0.9705 -0.0762 0.2286
vn -0.8494 -0.0667 0.5234
vn -0.9881 -0.0803 0.1312
vn -0.7178 -0.1144 0.6868
vn -0.7222 -0.0584 0.6892
vn -0.4734 -0.1125 0.8737
vn -0.4826 -0.0361 0.8751
vn -0.9791 -0.1548 0.1322
vn -0.9571 -0.2267 0.1803
vn -0.9574 -0.2253 0.1804
vn -0.9667 -0.2284 0.1156
vn -0.9698 -0.2296 0.0821
vn -0.9845 -0.1526 0.0859
vn -0.9933 -0.0798 0.0831
vn -0.9690 -0.2323 0.0847
vn -0.9703 -0.2275 0.0818
vn -0.9207 -0.3816 0.0815
vn -0.9212 -0.3802 0.0820
vn -0.9207 -0.3817 0.0815
vn -0.7792 -0.6188 0.1000
vn -0.7713 -0.6294 0.0939
vn -0.7613 -0.6426 0.0866
vn -0.7572 -0.6478 0.0837
vn -0.7562 -0.6489 0.0841
vn -0.7557 -0.6495 0.0837
vn -0.7511 -0.6493 0.1189
vn -0.6974 -0.7036 0.1363
vn -0.6581 -0.7302 0.1836
vn -0.5837 -0.8010 0.1331
vn -0.6428 -0.7447 0.1794
vn -0.5844 -0.8071 0.0835
vn -0.6481 -0.7569 0.0838
vn -0.4500 -0.8831 0.1327
vn -0.4505 -0.8888 0.0838
vn -0.5209 -0.8495 0.0834
vn -0.3063 -0.9427 0.1326
vn -0.3051 -0.9487 0.0835
vn -0.3812 -0.9207 0.0834
vn -0.1548 -0.9790 0.1325
vn -0.1527 -0.9847 0.0836
vn -0.2328 -0.9689 0.0832
vn -0.0001 -0.9912 0.1325
vn 0.0037 -0.9965 0.0833
vn -0.0776 -0.9935 0.0832
vn 0.1550 -0.9790 0.1324
vn 0.1598 -0.9836 0.0832
vn 0.0774 -0.9935 0.0830
vn 0.3067 -0.9426 0.1323
vn 0.3121 -0.9464 0.0835
vn 0.2334 -0.9688 0.0830
vn 0.4500 -0.8831 0.1326
vn 0.4561 -0.8860 0.0838
vn 0.3812 -0.9207 0.0834
vn 0.5822 -0.8021 0.1330
vn 0.6380 -0.7485 0.1810
vn 0.6505 -0.7375 0.1814
vn 0.5893 -0.8036 0.0829
vn 0.5205 -0.8497 0.0840
vn 0.7013 -0.7002 0.1333
vn 0.7547 -0.6448 0.1208
vn 0.7581 -0.6468 0.0825
vn 0.7065 -0.7053 0.0590
vn 0.7592 -0.6453 0.0845
vn 0.7093 -0.7040 0.0356
vn 0.6501 -0.7590 0.0351
vn 0.8071 -0.5873 0.0605
vn 0.8059 -0.5853 0.0893
vn 0.8099 -0.5855 0.0358
vn 0.7594 -0.6496 0.0356
vn 0.8482 -0.5229 0.0842
vn 0.8891 -0.4539 0.0596
vn 0.8925 -0.4498 0.0349
vn 0.8520 -0.5224 0.0353
vn 0.8916 -0.4454 0.0822
vn 0.9213 -0.3799 0.0831
vn 0.9240 -0.3723 0.0871
vn 0.9621 -0.2599 0.0825
vn 0.9664 -0.2309 0.1126
vn 0.9567 -0.2280 0.1811
vn 0.9569 -0.2268 0.1814
vn 0.6650 -0.7251 0.1791
vn 0.7551 -0.6202 0.2124
vn 0.6927 -0.6847 0.2267
vn 0.1491 0.1735 0.9735
vn 0.0587 0.0951 0.9937
vn 0.1955 0.1191 0.9734
vn 0.0852 0.0724 0.9937
vn 0.2223 0.0542 0.9735
vn 0.1035 0.0425 0.9937
vn 0.2287 -0.0167 0.9733
vn 0.1113 0.0101 0.9937
vn 0.2113 -0.0878 0.9735
vn 0.1085 -0.0263 0.9938
vn 0.1743 -0.1485 0.9734
vn 0.0953 -0.0582 0.9937
vn 0.1197 -0.1953 0.9734
vn 0.0726 -0.0848 0.9938
vn 0.0531 -0.2227 0.9734
vn 0.0425 -0.1033 0.9937
vn -0.0177 -0.2283 0.9734
vn 0.0086 -0.1116 0.9937
vn -0.0875 -0.2121 0.9733
vn -0.0255 -0.1089 0.9937
vn -0.1491 -0.1738 0.9734
vn -0.0587 -0.0951 0.9937
vn -0.1955 -0.1191 0.9734
vn -0.0852 -0.0724 0.9937
vn -0.2231 -0.0526 0.9734
vn -0.1035 -0.0426 0.9937
vn -0.2308 -0.0167 0.9729
vn -0.1118 -0.0081 0.9937
vn -0.3356 0.2665 -0.9035
vn -0.3239 0.2661 -0.9079
vn 0.0096 0.2940 -0.9557
vn -0.4739 0.2889 -0.8318
vn 0.0099 0.2941 -0.9557
vn -0.4752 0.2850 -0.8324
vn -0.4681 0.2531 -0.8467
vn -0.4730 0.2432 -0.8468
vn 0.3365 0.2665 -0.9032
vn 0.3268 0.2657 -0.9070
vn 0.4952 0.2842 -0.8210
vn 0.4952 0.2858 -0.8204
vn -0.8439 0.2567 -0.4710
vn -0.8353 0.2554 -0.4870
vn -0.7521 0.2491 -0.6102
vn -0.7521 0.2490 -0.6102
vn -0.9416 0.2887 -0.1732
vn -0.9484 0.2866 -0.1358
vn -0.9596 0.2800 0.0273
vn -0.9599 0.2761 0.0480
vn -0.9404 0.2687 0.2084
vn -0.9318 0.2675 0.2451
vn -0.8824 0.2717 0.3842
vn -0.8826 0.2744 0.3817
vn -0.8835 0.2875 0.3698
vn -0.8829 0.2902 0.3692
vn -0.6815 0.2695 0.6804
vn -0.6815 0.2696 0.6804
vn -0.2824 0.2902 0.9143
vn -0.3018 0.2903 0.9081
vn -0.4505 0.2718 0.8504
vn -0.4507 0.2703 0.8508
vn 0.0084 0.2734 0.9618
vn 0.0077 0.2736 0.9618
vn 0.3057 0.2906 0.9067
vn 0.2888 0.2882 0.9130
vn 0.4664 0.2288 0.8545
vn 0.4681 0.2235 0.8549
vn 0.6973 0.2351 0.6771
vn 0.6974 0.2349 0.6771
vn 0.6986 0.2319 0.6769
vn 0.6987 0.2316 0.6769
vn 0.8986 0.2309 0.3731
vn 0.8980 0.2305 0.3749
vn 0.8971 0.2421 0.3696
vn 0.8959 0.2448 0.3706
vn 0.9403 0.2705 0.2064
vn 0.9317 0.2697 0.2431
vn 0.9447 0.2878 -0.1575
vn 0.9498 0.2864 -0.1257
vn 0.8238 0.2551 -0.5063
vn 0.8340 0.2557 -0.4890
vn 0.7237 0.2777 -0.6317
vn 0.7235 0.2799 -0.6310
vn 0.3867 0.1679 -0.9068
vn 0.3851 0.1654 -0.9080
vn 0.2115 -0.1257 -0.9692
vn 0.4580 0.2942 -0.8388
vn 0.4581 0.2942 -0.8388
vn 0.2130 -0.1237 -0.9692
vn 0.1269 -0.2672 -0.9552
vn 0.1276 -0.2680 -0.9549
vn 0.0599 -0.4080 -0.9110
vn 0.0576 -0.4126 -0.9091
vn -0.0387 -0.5438 -0.8383
vn -0.0397 -0.5433 -0.8386
vn 0.6638 0.5872 -0.4632
vn 0.6581 0.5771 -0.4836
vn 0.6033 0.5240 -0.6012
vn 0.6024 0.5248 -0.6014
vn 0.6709 0.6588 -0.3403
vn 0.6693 0.6604 -0.3405
vn 0.7078 0.7061 0.0206
vn 0.7072 0.7068 0.0205
vn 0.6963 0.7175 0.0191
vn 0.6956 0.7182 0.0191
vn 0.6319 0.5642 0.5314
vn 0.6396 0.5782 0.5066
vn 0.6701 0.6396 0.3767
vn 0.5898 0.4724 0.6550
vn 0.5907 0.4714 0.6548
vn 0.6691 0.6392 0.3791
vn 0.6671 0.6349 0.3897
vn 0.6672 0.6348 0.3897
vn 0.3626 0.1465 0.9204
vn 0.3703 0.1589 0.9152
vn 0.4559 0.2422 0.8565
vn 0.4579 0.2405 0.8559
vn 0.2388 -0.1255 0.9629
vn 0.2338 -0.1304 0.9635
vn 0.1095 -0.2495 0.9622
vn 0.1132 -0.2498 0.9617
vn 0.0856 -0.3979 0.9134
vn 0.1085 -0.3691 0.9230
vn 0.0080 -0.5190 0.8547
vn 0.0072 -0.5189 0.8548
vn -0.1665 -0.8086 0.5643
vn -0.1771 -0.8259 0.5353
vn -0.1321 -0.7471 0.6514
vn -0.1323 -0.7471 0.6514
vn -0.2216 -0.8825 0.4150
vn -0.2217 -0.8804 0.4193
vn -0.2470 -0.9464 0.2083
vn -0.2462 -0.9371 0.2473
vn -0.2675 -0.9474 -0.1756
vn -0.2710 -0.9515 -0.1458
vn -0.1884 -0.8518 -0.4889
vn -0.1928 -0.8598 -0.4728
vn -0.1705 -0.7773 -0.6056
vn -0.1719 -0.7765 -0.6062
vn -0.1761 -0.2869 -0.9416
vn -0.1752 -0.2860 -0.9421
vn -0.2060 -0.1208 -0.9711
vn -0.0606 -0.4148 -0.9079
vn -0.2072 -0.1107 -0.9720
vn -0.0596 -0.4092 -0.9105
vn 0.0374 -0.5457 -0.8372
vn 0.0381 -0.5454 -0.8373
vn -0.3950 0.1749 -0.9019
vn -0.3930 0.1719 -0.9033
vn -0.4401 0.3079 -0.8435
vn -0.4382 0.3091 -0.8441
vn 0.1949 -0.8553 -0.4800
vn 0.1907 -0.8501 -0.4908
vn 0.1449 -0.7832 -0.6046
vn 0.2532 -0.9532 -0.1655
vn 0.1453 -0.7837 -0.6040
vn 0.1643 -0.7866 -0.5952
vn 0.1667 -0.7859 -0.5955
vn 0.2556 -0.9572 -0.1355
vn 0.2480 -0.9462 0.2078
vn 0.2447 -0.9375 0.2476
vn 0.2280 -0.8938 0.3862
vn 0.2277 -0.8951 0.3834
vn 0.1915 -0.8381 0.5109
vn 0.1833 -0.8166 0.5474
vn 0.1640 -0.7298 0.6638
vn 0.1650 -0.7312 0.6619
vn 0.1388 -0.7501 0.6467
vn 0.1353 -0.7513 0.6459
vn -0.0246 -0.5233 0.8518
vn -0.0133 -0.5192 0.8546
vn -0.0092 -0.5177 0.8555
vn -0.4310 0.2726 0.8602
vn -0.4416 0.2589 0.8591
vn -0.4544 0.2419 0.8573
vn -0.6236 0.5734 0.5314
vn -0.6342 0.5851 0.5055
vn -0.5881 0.4712 0.6574
vn -0.5896 0.4691 0.6575
vn -0.6547 0.6552 0.3771
vn -0.6541 0.6578 0.3734
vn -0.6447 0.6590 0.3875
vn -0.6439 0.6600 0.3871
vn -0.7226 0.6898 0.0440
vn -0.7209 0.6917 0.0433
vn -0.6998 0.7135 0.0345
vn -0.6979 0.7154 0.0338
vn -0.6367 0.6121 -0.4690
vn -0.6327 0.6018 -0.4873
vn -0.6959 0.6388 -0.3280
vn -0.6982 0.6368 -0.3271
vn -0.5768 0.5431 -0.6102
vn -0.5758 0.5437 -0.6106
vn -0.2740 -0.3313 -0.9029
vn -0.2289 -0.3196 -0.9195
vn -0.0443 -0.3582 -0.9326
vn -0.4504 -0.3939 -0.8012
vn -0.4666 -0.3969 -0.7904
vn -0.1026 -0.3467 -0.9324
vn 0.2955 -0.4466 -0.8445
vn 0.4247 -0.4485 -0.7864
vn -0.6820 -0.4101 -0.6056
vn -0.9326 -0.3609 0.0074
vn -0.8545 -0.3524 -0.3817
vn -0.8961 -0.3912 -0.2097
vn -0.8594 -0.3485 -0.3741
vn -0.9068 -0.4198 -0.0388
vn -0.9097 -0.4024 0.1026
vn -0.8915 -0.3808 0.2455
vn -0.8178 -0.2825 0.5014
vn -0.6801 -0.3287 0.6553
vn -0.0316 -0.5296 0.8477
vn 0.0174 -0.5303 0.8476
vn 0.1911 -0.5083 0.8397
vn 0.8557 -0.4724 0.2111
vn 0.8975 -0.4278 -0.1067
vn 0.7980 -0.4745 0.3715
vn 0.8728 -0.4841 0.0620
vn 0.8626 -0.4420 -0.2461
vn 0.7731 -0.2675 -0.5751
vn 0.7620 -0.2733 -0.5872
vn 0.7864 -0.3332 -0.5201
vn -0.1853 0.5021 -0.8447
vn -0.3262 0.2869 -0.9007
vn -0.3893 0.2330 -0.8912
vn -0.4483 0.0479 -0.8926
vn -0.0874 0.5925 -0.8008
vn -0.0873 0.5901 -0.8026
vn -0.5051 -0.0487 -0.8617
vn -0.4986 -0.0495 -0.8654
vn -0.6026 -0.1521 -0.7834
vn -0.0164 0.8717 -0.4897
vn 0.1152 0.9766 -0.1816
vn -0.0560 0.7919 -0.6081
vn 0.1010 0.9745 -0.2001
vn 0.1029 0.9934 0.0504
vn 0.5467 0.8357 0.0528
vn 0.0434 0.9736 0.2241
vn 0.0082 0.9169 0.3990
vn -0.0151 0.8593 0.5112
vn 0.9669 0.1044 -0.2328
vn 0.9688 0.1099 -0.2220
vn 0.5466 0.8357 0.0528
vn 0.8362 -0.0720 -0.5436
vn 0.0133 0.3340 0.9425
vn 0.3814 0.2459 0.8911
vn -0.0213 0.6197 0.7845
vn -0.2409 0.3026 0.9222
vn 0.3505 0.2853 0.8920
vn -0.2975 0.3529 0.8871
vn -0.8041 -0.5376 0.2536
vn -0.7726 -0.5570 -0.3047
vn -0.7942 -0.5356 0.2871
vn -0.8339 -0.5465 0.0777
vn -0.7969 -0.5519 -0.2457
vn -0.7395 -0.4764 -0.4756
vn -0.7396 -0.5279 -0.4175
vn -0.7131 -0.3512 -0.6067
vn 0.4745 0.0935 -0.8753
vn 0.4318 0.0971 -0.8967
vn 0.3735 0.2486 -0.8937
vn 0.5394 -0.0739 -0.8388
vn 0.5753 -0.2182 -0.7883
vn 0.5794 -0.2670 -0.7701
vn 0.2313 0.4809 -0.8457
vn 0.2178 0.4381 -0.8722
vn 0.1806 0.6167 -0.7662
vn 0.7062 -0.3987 -0.5850
vn 0.6939 -0.3817 -0.6106
vn 0.6947 -0.3828 -0.6090
vn 0.6823 -0.3664 -0.6326
vn 0.7471 -0.6437 -0.1657
vn 0.7556 -0.6325 -0.1706
vn 0.7643 -0.5280 -0.3703
vn 0.7828 -0.6202 0.0505
vn 0.7751 -0.6299 -0.0503
vn 0.8051 -0.5509 0.2201
vn 0.7683 -0.5007 0.3988
vn 0.7191 -0.4514 0.5284
vn 0.7119 -0.4456 0.5429
vn 0.0391 -0.5109 0.8588
vn 0.0292 -0.5138 0.8574
vn 0.4805 -0.3175 0.8175
vn -0.0027 0.7439 0.6683
vn -0.0470 0.5953 0.8021
vn -0.0679 0.9878 0.1399
vn 0.0008 0.9102 0.4141
vn -0.0373 0.6683 0.7430
vn -0.0014 0.9770 0.2131
vn -0.0262 0.9981 0.0558
vn -0.1143 0.9568 -0.2673
vn -0.0461 0.8918 -0.4501
vn -0.0856 0.9382 -0.3354
vn 0.0888 0.7948 -0.6003
vn -0.3962 0.7706 -0.4992
vn -0.1548 0.7252 -0.6709
vn -0.4583 0.7709 -0.4423
vn -0.6727 0.7168 -0.1837
vn 0.6475 0.6956 -0.3112
vn 0.2944 -0.9186 0.2634
vn 0.2949 -0.9233 0.2459
vn 0.2777 -0.9427 -0.1851
vn 0.5640 -0.5719 -0.5957
vn -0.3469 -0.9078 -0.2355
vn -0.4518 -0.7238 -0.5215
vn -0.3566 -0.8978 -0.2585
vn -0.2211 -0.9746 0.0357
vn -0.9981 0.0584 0.0192
vn -0.9266 0.1629 0.3389
vn -0.9285 0.0193 -0.3709
vn -0.7659 -0.2195 -0.6044
vn 0.8563 -0.5163 0.0098
vn 0.8658 -0.5004 -0.0006
vn 0.8665 -0.4992 0.0010
vn 0.8700 -0.4930 -0.0000
vn 0.8666 -0.4990 -0.0032
vn 0.8642 -0.5032 0.0085
vn 0.8656 -0.5007 -0.0006
vn 0.8689 -0.4950 0.0075
vn 0.8705 -0.4919 0.0140
vn 0.8660 -0.5000 0.0028
vn 0.8665 -0.4991 -0.0004
vn 0.8664 -0.4993 0.0007
vn 0.8548 -0.5188 -0.0120
vn 0.8716 -0.4903 -0.0000
vn 0.8669 -0.4986 -0.0035
vn 0.8708 -0.4914 -0.0147
vn 0.8664 -0.4989 0.0184
vn -0.8716 -0.4902 0.0078
vn -0.8643 -0.5029 -0.0004
vn -0.8658 -0.5003 -0.0004
vn -0.8655 -0.5010 0.0003
vn -0.8610 -0.5086 -0.0000
vn -0.8656 -0.5007 0.0002
vn -0.8642 -0.5032 -0.0085
vn -0.8659 -0.5002 0.0002
vn -0.8643 -0.5030 0.0084
vn -0.8662 -0.4996 0.0013
vn -0.8659 -0.5002 0.0008
vn -0.8655 -0.5010 -0.0001
vn -0.8644 -0.5028 0.0004
vn -0.8707 -0.4918 -0.0067
vn -0.8616 -0.5076 -0.0000
vn -0.8651 -0.5015 -0.0036
vn -0.8667 -0.4988 -0.0001
vn -0.8650 -0.5017 -0.0006
vn 0.3067 0.2984 -0.9038
vn 0.1731 0.2414 -0.9548
vn 0.0504 0.1429 -0.9885
vn 0.1557 0.1882 -0.9697
vn 0.3143 0.2664 -0.9112
vn 0.0460 0.1193 -0.9918
vn -0.0204 0.0947 -0.9953
vn -0.0073 0.1102 -0.9939
vn -0.0741 0.0751 -0.9944
vn -0.0054 0.1214 -0.9926
vn 0.0956 0.1777 -0.9794
vn -0.0486 0.1087 -0.9929
vn -0.0623 0.1488 -0.9869
vn -0.0811 0.0138 -0.9966
vn -0.0707 0.1188 -0.9904
vn -0.1263 -0.0009 -0.9920
vn -0.1430 -0.0033 -0.9897
vn -0.1802 0.0189 -0.9834
vn -0.2170 0.0218 -0.9759
vn -0.1151 0.0617 -0.9914
vn -0.1816 0.0229 -0.9831
vn 0.0063 0.1350 -0.9908
vn -0.1455 0.0506 -0.9881
vn -0.7644 0.1403 -0.6293
vn -0.9792 0.2027 0.0116
vn -0.9873 0.1587 0.0104
vn -0.5092 0.0547 -0.8589
vn -0.9286 0.1298 -0.3477
vn -0.9437 0.0901 -0.3183
vn -0.9921 0.1174 0.0439
vn -0.9894 0.0919 0.1121
vn -0.5386 0.0183 -0.8423
vn -0.9644 0.0721 -0.2544
vn -0.9818 0.0690 0.1771
vn -0.5824 0.0278 -0.8124
vn -0.9821 0.0521 -0.1811
vn -0.9540 0.0288 0.2984
vn -0.2367 0.0306 -0.9711
vn -0.1895 0.0645 -0.9798
vn 0.0146 0.1497 -0.9886
vn 0.1933 0.1813 -0.9642
vn 0.1138 0.1555 -0.9813
vn -0.0561 0.1154 -0.9917
vn -0.1311 0.1047 -0.9858
vn -0.2854 0.0490 -0.9572
vn 0.0306 0.1301 -0.9910
vn -0.3190 0.0311 -0.9473
vn -0.1769 0.0863 -0.9804
vn -0.0330 0.1098 -0.9934
vn -0.6334 0.0071 -0.7738
vn -0.3643 0.0379 -0.9305
vn -0.1991 0.0839 -0.9764
vn -0.0503 0.0935 -0.9943
vn -0.1044 0.0667 -0.9923
vn -0.2399 0.0635 -0.9687
vn -0.1262 0.0529 -0.9906
vn -0.6900 -0.0044 -0.7238
vn -0.4040 0.0371 -0.9140
vn -0.7775 -0.0106 -0.6287
vn -0.9982 0.0177 -0.0574
vn -0.9950 -0.0152 0.0989
vn -0.9197 -0.0088 0.3926
vn -0.9977 -0.0392 0.0552
vn -0.9383 -0.0379 0.3439
vn -0.9513 -0.0671 0.3008
vn -0.7791 -0.0168 -0.6266
vn -0.9978 -0.0660 0.0030
vn -0.9741 -0.1090 0.1983
vn -0.7689 -0.0193 -0.6391
vn -0.9925 -0.1013 -0.0680
vn -0.4266 0.0445 -0.9033
vn -0.7682 -0.0396 -0.6390
vn -0.2636 0.0598 -0.9628
vn -0.4363 0.0657 -0.8974
vn -0.2719 0.0700 -0.9598
vn -0.1121 0.0457 -0.9926
vn -0.4539 0.0639 -0.8887
vn -0.2421 0.0472 -0.9691
vn -0.0306 0.0010 -0.9995
vn -0.7259 -0.0253 -0.6873
vn -0.1705 -0.0128 -0.9853
vn -0.4750 0.0708 -0.8772
vn -0.9801 -0.1321 -0.1482
vn -0.9709 -0.1645 0.1739
vn -0.9795 -0.1602 -0.1222
vn -0.9335 -0.2776 0.2270
vn -0.7853 -0.0598 -0.6162
vn -0.4549 0.0675 -0.8880
vn 0.0886 -0.0870 -0.9923
vn 0.1053 -0.0881 -0.9905
vn -0.0887 -0.1278 -0.9878
vn 0.4671 -0.3179 -0.8251
vn 0.7246 -0.3772 -0.5768
vn 0.4074 -0.4269 -0.8073
vn 0.0674 -0.2077 -0.9759
vn 0.4525 -0.2370 -0.8597
vn 0.4410 -0.0669 -0.8950
vn 0.1345 -0.0286 -0.9905
vn 0.1146 -0.0739 -0.9907
vn -0.4002 0.0219 -0.9162
vn -0.4368 0.1083 -0.8930
vn -0.4006 0.0792 -0.9128
vn -0.7922 -0.0071 -0.6102
vn -0.7712 -0.0358 -0.6356
vn -0.7751 -0.0069 -0.6318
vn -0.9829 -0.1640 -0.0833
vn -0.9937 -0.0748 -0.0838
vn -0.9525 -0.2852 -0.1068
vn -0.9502 -0.3086 -0.0444
vn -0.9447 -0.2219 0.2417
vn -0.9721 -0.0881 0.2174
vn -0.9129 -0.3577 0.1966
vn -0.6311 0.3552 0.6896
vn -0.3691 0.2714 0.8889
vn -0.3904 0.3822 0.8376
vn -0.3673 0.3708 0.8530
vn -0.0369 0.1439 0.9889
vn -0.1798 0.2384 0.9544
vn 0.0263 0.1353 0.9905
vn -0.0030 0.1218 0.9926
vn 0.1076 0.1108 0.9880
vn 0.2020 0.0998 0.9743
vn -0.0023 0.0888 0.9960
vn 0.1658 0.0279 0.9858
vn 0.2716 0.0430 0.9615
vn 0.0206 0.0504 0.9985
vn -0.6393 0.2121 0.7392
vn -0.9457 0.2635 0.1903
vn 0.2258 0.0084 0.9741
vn 0.3383 0.0341 0.9404
vn 0.0706 0.0275 0.9971
vn -0.5258 0.1544 0.8364
vn -0.8871 0.2018 0.4150
vn 0.2554 -0.0197 0.9666
vn 0.3655 -0.0073 0.9308
vn 0.4179 -0.0336 0.9079
vn 0.3080 -0.0320 0.9508
vn 0.1372 0.0327 0.9900
vn -0.3759 0.1114 0.9199
vn -0.7535 0.1530 0.6394
vn 0.1830 0.0155 0.9830
vn 0.3596 -0.0698 0.9305
vn 0.4700 -0.0689 0.8800
vn 0.5450 -0.0400 0.8375
vn -0.2861 0.0830 0.9546
vn -0.6389 0.1036 0.7623
vn 0.4278 -0.0399 0.9030
vn 0.5771 -0.0366 0.8159
vn 0.2367 0.0314 0.9711
vn -0.2033 0.0649 0.9770
vn -0.5240 0.0813 0.8478
vn 0.4675 -0.0381 0.8832
vn 0.5994 -0.0512 0.7988
vn 0.2589 0.0187 0.9657
vn -0.1663 0.0475 0.9849
vn -0.4570 0.0590 0.8875
vn 0.5030 -0.0441 0.8632
vn -0.0880 0.0317 0.9956
vn 0.2949 0.0025 0.9555
vn -0.3827 0.0397 0.9230
vn 0.3567 -0.0106 0.9342
vn 0.5288 -0.0694 0.8459
vn 0.6206 -0.0738 0.7806
vn 0.6272 -0.0904 0.7736
vn 0.5515 -0.0670 0.8315
vn 0.6569 -0.1010 0.7472
vn 0.0983 0.0191 0.9950
vn 0.5851 -0.0646 0.8084
vn -0.3660 0.0114 0.9305
vn -0.5956 0.0045 0.8033
vn -0.4160 -0.0083 0.9093
vn -0.6425 -0.0221 0.7660
vn 0.4087 0.0076 0.9126
vn 0.0992 0.0166 0.9949
vn -0.4262 -0.0244 0.9043
vn -0.6485 -0.0428 0.7600
vn 0.1003 0.0173 0.9948
vn 0.4366 0.0260 0.8993
vn -0.4632 -0.0576 0.8844
vn -0.6804 -0.0884 0.7275
vn -0.7590 -0.1561 0.6321
vn 0.0819 0.0150 0.9965
vn -0.4525 -0.1086 0.8851
vn -0.6683 -0.2559 0.6985
vn 0.4569 0.0464 0.8883
vn 0.1554 0.0134 0.9878
vn -0.3916 -0.1807 0.9022
vn -0.6482 -0.3188 0.6915
vn 0.6187 -0.0488 0.7841
vn -0.3894 -0.2096 0.8969
vn -0.6420 -0.2241 0.7332
vn 0.1607 0.0346 0.9864
vn 0.4793 0.0820 0.8738
vn 0.5770 0.0390 0.8158
vn 0.7083 -0.0842 0.7008
vn 0.7490 -0.0558 0.6602
vn 0.7589 -0.0826 0.6460
vn 0.7536 -0.1096 0.6481
vn 0.8779 -0.0883 0.4707
vn 0.4550 0.1582 0.8763
vn 0.7360 0.0512 0.6750
vn 0.9531 -0.2905 0.0847
vn 0.7725 -0.0779 0.6303
vn 0.9087 -0.3675 -0.1979
vn 0.8760 -0.4642 -0.1311
vn 0.9558 -0.2516 0.1521
vn 0.9356 -0.2502 -0.2490
vn 0.9807 -0.1918 0.0369
vn 0.7924 0.0848 0.6041
vn 0.8626 0.0741 0.5004
vn 0.4579 0.1726 0.8721
vn 0.9946 -0.0536 -0.0885
vn 0.9190 -0.0581 -0.3899
vn 0.9914 -0.0338 -0.1266
vn 0.9128 -0.0015 0.4083
vn 0.5622 0.0417 0.8259
vn 0.4889 0.1058 0.8659
vn 0.0522 -0.0043 0.9986
vn 0.0727 0.0053 0.9973
vn -0.4959 -0.0758 0.8651
vn 0.1234 0.0456 0.9913
vn -0.4184 -0.1452 0.8966
vn -0.6847 -0.0866 0.7236
vn 0.3415 -0.0000 0.9399
vn -0.0007 -0.0000 1.0000
vn 0.6421 -0.0000 0.7667
vn 0.6421 -0.0000 0.7666
vn -0.3422 -0.0000 0.9396
vn 0.8664 -0.0000 0.4994
vn -0.6421 -0.0000 0.7667
vn 0.9850 -0.0000 0.1727
vn -0.6421 -0.0000 0.7666
vn 1.0000 -0.0000 -0.0000
vn -0.8664 -0.0000 0.4994
vn -0.9850 -0.0000 0.1727
vn -0.9850 -0.0000 -0.1727
vn -0.8664 -0.0000 -0.4994
vn -0.6421 -0.0000 -0.7666
vn -0.6421 -0.0000 -0.7667
vn -0.3422 -0.0000 -0.9396
vn -0.0007 -0.0000 -1.0000
vn 0.3415 -0.0000 -0.9399
vn 0.6421 -0.0000 -0.7667
vn 0.6421 -0.0000 -0.7666
vn 0.8664 -0.0000 -0.4994
vn 0.9403 -0.0000 -0.3402
vn 0.9404 -0.0000 -0.3402
vn 0.3397 -0.9405 -0.0042
vn 0.3398 -0.9405 -0.0045
vn 0.3570 -0.9341 -0.0044
vn 0.0780 -0.1694 -0.9824
vn 0.2080 -0.4700 -0.8578
vn 0.2559 -0.6388 -0.7255
vn 0.0725 -0.1842 -0.9802
vn 0.3513 -0.8672 -0.3529
vn 0.3937 -0.8613 -0.3210
vn 0.3949 -0.9179 0.0375
vn 0.4151 -0.9031 0.1094
vn 0.2534 -0.4759 -0.8422
vn 0.4195 -0.8710 -0.2559
vn 0.4307 -0.8845 0.1791
vn 0.2668 -0.5180 -0.8127
vn 0.4459 -0.8752 -0.1874
vn 0.4527 -0.8410 0.2963
vn 0.0624 -0.2065 -0.9765
vn 0.1177 -0.2106 -0.9705
vn 0.1117 -0.2756 -0.9548
vn 0.1317 -0.2312 -0.9639
vn 0.1560 -0.2808 -0.9470
vn 0.3081 -0.5465 -0.7787
vn 0.1832 -0.3167 -0.9307
vn 0.3475 -0.5939 -0.7256
vn 0.1723 -0.2965 -0.9394
vn 0.4837 -0.8731 -0.0610
vn 0.3989 -0.6697 -0.6264
vn 0.5105 -0.8539 0.1011
vn 0.4680 -0.7925 0.3910
vn 0.5328 -0.8450 0.0464
vn 0.5059 -0.8000 0.3225
vn 0.5358 -0.7937 0.2882
vn 0.4047 -0.6675 -0.6250
vn 0.1699 -0.3684 -0.9140
vn 0.5559 -0.8312 0.0007
vn 0.5821 -0.7908 0.1894
vn 0.4027 -0.6585 -0.6358
vn 0.5837 -0.8085 -0.0752
vn 0.1748 -0.3917 -0.9033
vn 0.4176 -0.6437 -0.6413
vn 0.1430 -0.3548 -0.9239
vn 0.1635 -0.3655 -0.9163
vn 0.1611 -0.4107 -0.8974
vn 0.1406 -0.3982 -0.9065
vn 0.1407 -0.3897 -0.9101
vn 0.1714 -0.4252 -0.8887
vn 0.1417 -0.4142 -0.8991
vn 0.1437 -0.4025 -0.9041
vn 0.3841 -0.6155 -0.6882
vn 0.1497 -0.4075 -0.9009
vn 0.1763 -0.4469 -0.8770
vn 0.6044 -0.7826 -0.1489
vn 0.6283 -0.7579 0.1755
vn 0.6281 -0.7684 -0.1228
vn 0.7069 -0.6702 0.2263
vn 0.4454 -0.6500 -0.6157
vn 0.1693 -0.4276 -0.8880
vn 0.1846 -0.2810 -0.9418
vn 0.1552 -0.3766 -0.9133
vn 0.1928 -0.0042 -0.9812
vn 0.1988 0.5146 -0.8341
vn 0.1465 0.1623 -0.9758
vn 0.1659 0.5658 -0.8077
vn -0.0201 0.5096 -0.8602
vn -0.1624 0.4163 -0.8946
vn -0.0424 0.1312 -0.9904
vn 0.0072 0.1348 -0.9908
vn 0.1813 -0.3574 -0.9162
vn 0.1240 -0.4324 -0.8931
vn 0.1316 -0.3876 -0.9124
vn 0.4029 -0.6827 -0.6096
vn 0.4163 -0.6500 -0.6358
vn 0.3929 -0.6684 -0.6316
vn 0.6331 -0.7696 -0.0827
vn 0.5622 -0.8228 -0.0832
vn 0.7234 -0.6821 -0.1073
vn 0.7428 -0.6681 -0.0439
vn 0.6648 -0.7070 0.2415
vn 0.5624 -0.7983 0.2156
vn 0.7672 -0.6114 0.1940
vn -0.0571 0.0335 0.9978
vn -0.0714 0.0323 0.9969
vn -0.0970 0.1023 0.9900
vn -0.0461 -0.0643 0.9969
vn 0.2840 -0.8476 0.4482
vn 0.0881 -0.3735 0.9234
vn -0.1049 0.1506 0.9830
vn -0.0533 0.2466 0.9676
vn -0.0895 0.1914 0.9774
vn 0.2387 -0.7191 0.6526
vn 0.0733 -0.2936 0.9531
vn 0.2331 -0.6111 0.7564
vn -0.1493 0.2486 0.9570
vn -0.1455 0.1893 0.9711
vn 0.0459 -0.2094 0.9767
vn 0.1925 -0.4954 0.8470
vn -0.1357 0.2773 0.9512
vn -0.1829 0.2902 0.9393
vn -0.1456 0.2149 0.9657
vn 0.0404 -0.1650 0.9855
vn 0.1747 -0.4209 0.8901
vn -0.1667 0.3168 0.9337
vn -0.1827 0.3381 0.9232
vn 0.0178 -0.0940 0.9954
vn -0.1494 0.2542 0.9555
vn 0.1590 -0.3545 0.9214
vn -0.1692 0.3142 0.9342
vn -0.1580 0.4044 0.9008
vn -0.1793 0.3666 0.9129
vn -0.2150 0.4048 0.8888
vn -0.0653 0.0750 0.9950
vn 0.1714 -0.3201 0.9318
vn 0.2903 -0.5125 0.8081
vn 0.2129 -0.3529 0.9111
vn 0.3364 -0.5403 0.7713
vn -0.2113 0.3499 0.9126
vn -0.2086 0.4210 0.8827
vn -0.2417 0.4222 0.8737
vn -0.0640 0.0776 0.9949
vn 0.2330 -0.3551 0.9053
vn 0.3607 -0.5392 0.7610
vn -0.0661 0.0794 0.9947
vn -0.2410 0.3649 0.8993
vn 0.2813 -0.3714 0.8849
vn 0.4177 -0.5454 0.7267
vn 0.5155 -0.5797 0.6310
vn -0.0548 0.0647 0.9964
vn 0.3207 -0.3379 0.8848
vn 0.5552 -0.4506 0.6991
vn -0.2686 0.3726 0.8883
vn -0.0891 0.1276 0.9878
vn 0.3518 -0.2487 0.9024
vn 0.6007 -0.4026 0.6907
vn -0.2386 0.4347 0.8684
vn -0.2669 0.4391 0.8579
vn 0.3770 -0.2330 0.8964
vn 0.5165 -0.4443 0.7320
vn -0.1101 0.1215 0.9865
vn -0.3106 0.3742 0.8738
vn -0.2613 0.4529 0.8524
vn -0.3224 0.4805 0.8155
vn -0.2336 0.4685 0.8520
vn -0.2976 0.6508 0.6985
vn -0.3260 0.6757 0.6612
vn -0.2944 0.6617 0.6895
vn -0.3212 0.6848 0.6541
vn -0.3643 0.3149 0.8764
vn -0.4124 0.6121 0.6748
vn -0.3625 0.8049 0.4699
vn -0.3205 0.7383 0.5935
vn -0.3293 0.8361 0.4388
vn -0.2263 0.9700 0.0889
vn -0.1376 0.9722 -0.1894
vn -0.2322 0.9525 -0.1972
vn -0.0373 0.9912 -0.1273
vn -0.2604 0.9533 0.1529
vn -0.2513 0.9360 -0.2464
vn -0.3247 0.9451 0.0373
vn -0.4693 0.6440 0.6041
vn -0.4951 0.7104 0.5002
vn -0.3789 0.3099 0.8720
vn -0.2514 0.9360 -0.2464
vn -0.4508 0.8883 -0.0879
vn -0.4090 0.8245 -0.3910
vn -0.4664 0.8755 -0.1260
vn -0.4545 0.7917 0.4082
vn -0.3174 0.4671 0.8252
vn -0.3370 0.3703 0.8656
vn -0.0218 0.0465 0.9987
vn -0.0422 0.0615 0.9972
vn 0.3135 -0.3909 0.8654
vn -0.1019 0.0846 0.9912
vn 0.3351 -0.2894 0.8966
vn 0.4176 -0.5491 0.7239
vn -0.1708 0.2959 0.9398
vn -0.1709 0.2969 0.9395
vn 0.0003 -0.0009 1.0000
vn -0.3214 0.5563 0.7663
vn -0.0003 0.0008 1.0000
vn -0.3214 0.5572 0.7657
vn 0.1709 -0.2971 0.9394
vn -0.4319 0.7506 0.5001
vn 0.1708 -0.2959 0.9398
vn -0.4320 0.7504 0.5003
vn 0.3214 -0.5561 0.7665
vn -0.4922 0.8528 0.1747
vn 0.3214 -0.5570 0.7658
vn -0.4927 0.8522 0.1759
vn -0.5005 0.8657 -0.0000
vn 0.4319 -0.7508 0.4998
vn 0.4320 -0.7506 0.5001
vn 0.4923 -0.8528 0.1745
vn 0.4930 -0.8521 0.1760
vn 0.4932 -0.8524 -0.1737
vn 0.4922 -0.8527 -0.1751
vn 0.4317 -0.7500 -0.5012
vn 0.4314 -0.7500 -0.5014
vn 0.3214 -0.5570 -0.7658
vn 0.3222 -0.5575 -0.7651
vn 0.1713 -0.2967 -0.9395
vn 0.1703 -0.2960 -0.9399
vn 0.0006 -0.0007 -1.0000
vn -0.0006 0.0006 -1.0000
vn -0.1705 0.2961 -0.9398
vn -0.1713 0.2967 -0.9395
vn -0.3221 0.5575 -0.7652
vn -0.3213 0.5570 -0.7658
vn -0.4316 0.7499 -0.5014
vn -0.4318 0.7500 -0.5011
vn -0.4686 0.8135 -0.3444
vn -0.4702 0.8134 -0.3425
vn 0.1051 -0.4211 -0.9009
vn 0.1234 -0.2754 -0.9534
vn 0.0985 -0.1147 -0.9885
vn 0.0857 -0.2270 -0.9701
vn 0.0746 -0.4014 -0.9129
vn 0.0805 -0.0986 -0.9919
vn 0.0924 -0.0297 -0.9953
vn 0.0991 -0.0485 -0.9939
vn 0.1022 0.0267 -0.9944
vn 0.1080 -0.0557 -0.9926
vn 0.1064 -0.1716 -0.9794
vn 0.1179 -0.0125 -0.9929
vn 0.1300 -0.0037 -0.9915
vn 0.0470 0.0593 -0.9971
vn 0.0656 0.0334 -0.9973
vn 0.0620 0.1096 -0.9920
vn 0.0679 0.1252 -0.9898
vn 0.1060 0.1461 -0.9836
vn 0.1263 0.1761 -0.9762
vn 0.1111 0.0688 -0.9914
vn 0.1113 0.1466 -0.9829
vn 0.1137 -0.0732 -0.9908
vn 0.1166 0.1007 -0.9881
vn 0.5040 0.5918 -0.6291
vn 0.6649 0.7469 0.0107
vn 0.6307 0.7761 -0.0025
vn 0.3011 0.4129 -0.8596
vn 0.5747 0.7373 -0.3551
vn 0.5477 0.7696 -0.3282
vn 0.5976 0.8013 0.0283
vn 0.5742 0.8110 0.1120
vn 0.2837 0.4553 -0.8439
vn 0.5440 0.7987 -0.2572
vn 0.5505 0.8152 0.1801
vn 0.3138 0.4885 -0.8142
vn 0.5360 0.8243 -0.1821
vn 0.5032 0.8140 0.2903
vn 0.1449 0.1898 -0.9711
vn 0.1507 0.1319 -0.9797
vn 0.1223 -0.0876 -0.9886
vn 0.0604 -0.2580 -0.9643
vn 0.0775 -0.1768 -0.9812
vn 0.1280 -0.0093 -0.9917
vn 0.1561 0.0610 -0.9859
vn 0.1851 0.2227 -0.9572
vn 0.0972 -0.0918 -0.9910
vn 0.1865 0.2607 -0.9472
vn 0.1632 0.1100 -0.9804
vn 0.1114 -0.0266 -0.9934
vn 0.3217 0.5434 -0.7753
vn 0.2150 0.2967 -0.9305
vn 0.1722 0.1304 -0.9764
vn 0.1063 -0.0031 -0.9943
vn 0.1101 0.0574 -0.9923
vn 0.1750 0.1763 -0.9687
vn 0.1087 0.0826 -0.9906
vn 0.3407 0.5990 -0.7247
vn 0.2341 0.3314 -0.9140
vn 0.3764 0.6736 -0.6361
vn 0.5144 0.8552 -0.0634
vn 0.4840 0.8696 0.0972
vn 0.4488 0.7956 0.4069
vn 0.4653 0.8839 0.0467
vn 0.4400 0.8380 0.3229
vn 0.4184 0.8574 0.2997
vn 0.3763 0.6838 -0.6251
vn 0.4422 0.8969 0.0054
vn 0.3933 0.8998 0.1889
vn 0.3687 0.6774 -0.6366
vn 0.4080 0.9101 -0.0727
vn 0.2516 0.3472 -0.9034
vn 0.3491 0.6858 -0.6386
vn 0.1835 0.1983 -0.9628
vn 0.2750 0.3448 -0.8975
vn 0.1966 0.2006 -0.9597
vn 0.0958 0.0743 -0.9926
vn 0.2826 0.3610 -0.8887
vn 0.1619 0.1859 -0.9691
vn 0.0163 0.0260 -0.9995
vn 0.3413 0.6412 -0.6873
vn 0.0747 0.1544 -0.9852
vn 0.2989 0.3761 -0.8770
vn 0.3757 0.9149 -0.1477
vn 0.3425 0.9230 0.1754
vn 0.3516 0.9279 -0.1237
vn 0.2269 0.9474 0.2258
vn 0.3400 0.7104 -0.6163
vn 0.2856 0.3605 -0.8880
vn -0.1194 -0.0331 -0.9923
vn -0.1293 -0.0473 -0.9905
vn -0.0672 0.1404 -0.9878
vn -0.5068 -0.2439 -0.8269
vn -0.6863 -0.4352 -0.5828
vn -0.5733 -0.1391 -0.8075
vn -0.2141 0.0454 -0.9757
vn -0.4319 -0.2724 -0.8598
vn -0.2797 -0.3494 -0.8943
vn -0.0928 -0.1029 -0.9904
vn -0.1202 -0.0616 -0.9908
vn 0.2185 0.3349 -0.9166
vn 0.3120 0.3239 -0.8932
vn 0.2695 0.3075 -0.9126
vn 0.3898 0.6902 -0.6097
vn 0.3547 0.6855 -0.6359
vn 0.3821 0.6741 -0.6322
vn 0.3503 0.9330 -0.0828
vn 0.4318 0.8981 -0.0837
vn 0.2288 0.9675 -0.1080
vn 0.2064 0.9774 -0.0452
vn 0.2800 0.9293 0.2410
vn 0.4113 0.8862 0.2134
vn 0.1452 0.9705 0.1926
vn 0.6100 0.3590 0.7064
vn 0.4100 0.1782 0.8945
vn 0.4870 0.1279 0.8640
vn 0.4814 0.1240 0.8677
vn 0.1423 -0.0396 0.9890
vn 0.2965 0.0368 0.9543
vn 0.1044 -0.0904 0.9904
vn 0.1100 -0.0594 0.9922
vn 0.0427 -0.1503 0.9877
vn -0.0144 -0.2267 0.9739
vn 0.0788 -0.0422 0.9960
vn -0.0586 -0.1576 0.9858
vn -0.0986 -0.2561 0.9616
vn 0.0334 -0.0429 0.9985
vn 0.5012 0.4464 0.7412
vn 0.7004 0.6864 0.1958
vn -0.1054 -0.1987 0.9744
vn -0.1394 -0.3088 0.9409
vn -0.0114 -0.0750 0.9971
vn 0.3982 0.3794 0.8352
vn 0.6187 0.6694 0.4112
vn -0.1449 -0.2118 0.9665
vn -0.1894 -0.3145 0.9302
vn -0.2379 -0.3446 0.9081
vn -0.1815 -0.2502 0.9510
vn -0.0402 -0.1353 0.9900
vn 0.2816 0.2658 0.9220
vn 0.5059 0.5702 0.6472
vn -0.0780 -0.1662 0.9830
vn -0.2405 -0.2768 0.9303
vn -0.2951 -0.3735 0.8794
vn -0.3070 -0.4512 0.8380
vn 0.2148 0.2058 0.9547
vn 0.4087 0.5004 0.7633
vn -0.2483 -0.3502 0.9032
vn -0.3200 -0.4818 0.8158
vn -0.0912 -0.2207 0.9711
vn 0.1592 0.1459 0.9764
vn 0.3340 0.4169 0.8453
vn -0.2667 -0.3860 0.8831
vn -0.3437 -0.4924 0.7997
vn -0.1133 -0.2336 0.9657
vn 0.1234 0.1189 0.9852
vn 0.2785 0.3640 0.8888
vn -0.2894 -0.4126 0.8637
vn 0.0713 0.0603 0.9956
vn -0.1455 -0.2567 0.9555
vn 0.2254 0.3110 0.9233
vn -0.1875 -0.3036 0.9342
vn -0.3243 -0.4233 0.8460
vn -0.3743 -0.5009 0.7803
vn -0.3918 -0.4978 0.7737
vn -0.3336 -0.4440 0.8316
vn -0.4163 -0.5184 0.7469
vn -0.0320 -0.0936 0.9951
vn -0.3488 -0.4744 0.8083
vn 0.1914 0.3086 0.9317
vn 0.2985 0.5070 0.8086
vn 0.1994 0.3615 0.9108
vn 0.3003 0.5627 0.7702
vn -0.1973 -0.3581 0.9126
vn -0.0352 -0.0944 0.9949
vn 0.1919 0.3805 0.9046
vn 0.2873 0.5835 0.7596
vn -0.0355 -0.0963 0.9947
vn -0.1956 -0.3912 0.8993
vn 0.1819 0.4304 0.8841
vn 0.2643 0.6363 0.7248
vn 0.2445 0.7365 0.6307
vn -0.0286 -0.0796 0.9964
vn 0.1325 0.4470 0.8847
vn 0.1123 0.7056 0.6997
vn -0.1885 -0.4187 0.8883
vn -0.0659 -0.1406 0.9879
vn 0.0392 0.4288 0.9026
vn 0.0470 0.7203 0.6921
vn -0.3520 -0.5110 0.7842
vn 0.0125 0.4421 0.8969
vn 0.1260 0.6681 0.7333
vn -0.0502 -0.1561 0.9865
vn -0.1687 -0.4560 0.8739
vn -0.2548 -0.5195 0.8156
vn -0.4274 -0.5709 0.7010
vn -0.4219 -0.6202 0.6614
vn -0.4531 -0.6179 0.6426
vn -0.4765 -0.6026 0.6401
vn -0.5171 -0.7162 0.4686
vn -0.0908 -0.4729 0.8764
vn -0.3245 -0.6630 0.6746
vn -0.7270 -0.6805 0.0912
vn -0.4592 -0.6336 0.6227
vn -0.7729 -0.6079 -0.1819
vn -0.8400 -0.5276 -0.1266
vn -0.6960 -0.7016 0.1530
vn -0.6858 -0.6852 -0.2455
vn -0.6561 -0.7537 0.0376
vn -0.3231 -0.7285 0.6040
vn -0.3670 -0.7848 0.4994
vn -0.0793 -0.4830 0.8720
vn -0.6857 -0.6852 -0.2455
vn -0.5434 -0.8348 -0.0884
vn -0.5089 -0.7666 -0.3917
vn -0.5246 -0.8419 -0.1265
vn -0.4583 -0.7892 0.4087
vn -0.2458 -0.5085 0.8252
vn -0.1521 -0.4771 0.8656
vn -0.0295 -0.0425 0.9987
vn -0.0319 -0.0666 0.9973
vn 0.1817 0.4662 0.8658
vn -0.0224 -0.1301 0.9912
vn 0.0831 0.4345 0.8968
vn 0.2663 0.6345 0.7256
vn -0.1716 -0.2966 0.9395
vn -0.1716 -0.2967 0.9394
vn 0.0001 0.0002 1.0000
vn -0.3218 -0.5562 0.7662
vn -0.0001 -0.0002 1.0000
vn -0.3217 -0.5562 0.7662
vn 0.1713 0.2963 0.9396
vn -0.4334 -0.7494 0.5005
vn 0.1712 0.2961 0.9397
vn -0.4325 -0.7494 0.5013
vn 0.3214 0.5560 0.7665
vn -0.4913 -0.8533 0.1745
vn 0.3214 0.5559 0.7666
vn -0.4906 -0.8536 0.1751
vn -0.4983 -0.8670 -0.0000
vn 0.4333 0.7495 0.5005
vn 0.4333 0.7494 0.5007
vn 0.4929 0.8525 0.1738
vn 0.4929 0.8525 0.1740
vn 0.4929 0.8525 -0.1738
vn 0.4929 0.8525 -0.1740
vn 0.4333 0.7495 -0.5005
vn 0.4333 0.7494 -0.5007
vn 0.3214 0.5560 -0.7665
vn 0.3214 0.5559 -0.7666
vn 0.1713 0.2963 -0.9396
vn 0.1712 0.2961 -0.9397
vn 0.0001 0.0002 -1.0000
vn -0.0001 -0.0002 -1.0000
vn -0.1716 -0.2966 -0.9395
vn -0.1716 -0.2967 -0.9394
vn -0.3217 -0.5561 -0.7663
vn -0.3217 -0.5562 -0.7663
vn -0.4330 -0.7488 -0.5018
vn -0.4325 -0.7496 -0.5010
vn -0.4691 -0.8133 -0.3443
vn -0.4682 -0.8146 -0.3425
vn -0.1167 0.1487 0.9820
vn 0.1490 -0.4070 -0.9012
vn -0.6370 -0.2150 0.7403
vn -0.6119 -0.1317 0.7799
vn -0.5955 -0.0847 0.7989
vn -0.5257 0.0754 0.8473
vn -0.5184 0.0883 0.8505
vn -0.9627 -0.2581 0.0813
vn -0.9498 -0.3020 0.0814
vn 0.3411 -0.9390 -0.0432
vn 0.2622 -0.7530 0.6035
vn -0.0522 0.5759 0.8159
vn 0.1592 -0.3747 -0.9134
vn 0.1774 -0.2788 -0.9438
vn -0.5442 0.5908 0.5956
vn 0.1990 -0.5116 0.8359
vn -0.6350 -0.5016 0.5875
vn -0.6337 -0.5065 0.5847
vn -0.6330 -0.5093 0.5831
vn -0.6306 -0.5178 0.5781
vn 0.6612 -0.0407 0.7491
vn 0.8229 -0.4278 0.3740
vn 0.7960 -0.4500 0.4049
vn 0.7196 -0.5022 0.4796
vn 0.0954 0.6600 0.7452
vn -0.7032 -0.7060 0.0844
vn -0.3564 0.6931 0.6265
vn -0.1973 0.3420 0.9187
vn 0.2184 -0.7285 0.6493
vn -0.1844 -0.5375 0.8228
vn 0.0976 0.7868 -0.6095
vn -0.0348 0.8150 -0.5784
vn -0.0081 0.8203 -0.5718
vn 0.1709 -0.3783 -0.9098
vn 0.1932 -0.3299 -0.9240
vn 0.1378 -0.2100 -0.9679
vn -0.7512 0.0582 0.6575
vn 0.4628 -0.5582 0.6886
vn -0.9933 -0.0813 0.0821
vn -0.1309 0.7904 -0.5985
vn 0.5563 0.6777 0.4808
vn -0.3342 -0.5814 0.7418
vn -0.6962 -0.3239 0.6406
vn -0.7786 -0.2501 0.5755
vn -0.4901 -0.4588 0.7411
vn -0.4567 0.2388 0.8570
vn -0.0081 -0.5172 0.8558
vt 0.911105 -0.870800
vt 0.911600 -0.870800
vt 0.911096 -0.871083
vt 0.911240 -0.867200
vt 0.911600 -0.867200
vt 0.911233 -0.867400
vt 0.910985 -0.874500
vt 0.911600 -0.874500
vt 0.910976 -0.874822
vt 0.912300 -0.869400
vt 0.912800 -0.870800
vt 0.912300 -0.867200
vt 0.913800 -0.872500
vt 0.912300 -0.865200
vt 0.911600 -0.863500
vt 0.912800 -0.863500
vt 0.911387 -0.863500
vt 0.911382 -0.863622
vt 0.911600 -0.859800
vt 0.913800 -0.862000
vt 0.911543 -0.859800
vt 0.911541 -0.859833
vt 0.914000 -0.859800
vt 0.914000 -0.861800
vt 0.914800 -0.861300
vt 0.914000 -0.856400
vt 0.911691 -0.856400
vt 0.911600 -0.858584
vt 0.917000 -0.859800
vt 0.915800 -0.861100
vt 0.917000 -0.856400
vt 0.911832 -0.852700
vt 0.914000 -0.852700
vt 0.911696 -0.856252
vt 0.917000 -0.852700
vt 0.911970 -0.849100
vt 0.914000 -0.849100
vt 0.911846 -0.852331
vt 0.917000 -0.849100
vt 0.912102 -0.845400
vt 0.914000 -0.845400
vt 0.911992 -0.848496
vt 0.917000 -0.845400
vt 0.912224 -0.842000
vt 0.914000 -0.842000
vt 0.912129 -0.844651
vt 0.917000 -0.842000
vt 0.912333 -0.838300
vt 0.914000 -0.838300
vt 0.912254 -0.840992
vt 0.917000 -0.838300
vt 0.912504 -0.831000
vt 0.914000 -0.831000
vt 0.912455 -0.833382
vt 0.912428 -0.834700
vt 0.914000 -0.834700
vt 0.912363 -0.837156
vt 0.917000 -0.831000
vt 0.917000 -0.834700
vt 0.923600 -0.831000
vt 0.923600 -0.834700
vt 0.929200 -0.831000
vt 0.923600 -0.838300
vt 0.929200 -0.834700
vt 0.935000 -0.831000
vt 0.935000 -0.834700
vt 0.939900 -0.831000
vt 0.929200 -0.838300
vt 0.923600 -0.842000
vt 0.939900 -0.834700
vt 0.944100 -0.833000
vt 0.935000 -0.838300
vt 0.929200 -0.842000
vt 0.923600 -0.845400
vt 0.939900 -0.838300
vt 0.944100 -0.840000
vt 0.947700 -0.834700
vt 0.935000 -0.842000
vt 0.939900 -0.842000
vt 0.929200 -0.845400
vt 0.935000 -0.845400
vt 0.939900 -0.845400
vt 0.923600 -0.849100
vt 0.929200 -0.849100
vt 0.923600 -0.852700
vt 0.935000 -0.849100
vt 0.929200 -0.852700
vt 0.923600 -0.856400
vt 0.916700 -0.862000
vt 0.916000 -0.861100
vt 0.918400 -0.863500
vt 0.923600 -0.859800
vt 0.929200 -0.856400
vt 0.923600 -0.863500
vt 0.935000 -0.852700
vt 0.919400 -0.865000
vt 0.939900 -0.849100
vt 0.929200 -0.859800
vt 0.935000 -0.856400
vt 0.944100 -0.847400
vt 0.939900 -0.852700
vt 0.939900 -0.856400
vt 0.947700 -0.840500
vt 0.949900 -0.836400
vt 0.944100 -0.854500
vt 0.947700 -0.847400
vt 0.949900 -0.843000
vt 0.947700 -0.854500
vt 0.949900 -0.849800
vt 0.944100 -0.861800
vt 0.939900 -0.859800
vt 0.935000 -0.859800
vt 0.929200 -0.863500
vt 0.935000 -0.863500
vt 0.939900 -0.863500
vt 0.923600 -0.867200
vt 0.919700 -0.867200
vt 0.919400 -0.869400
vt 0.923600 -0.870800
vt 0.918700 -0.870800
vt 0.929200 -0.867200
vt 0.918200 -0.871300
vt 0.935000 -0.867200
vt 0.929200 -0.870800
vt 0.923600 -0.874500
vt 0.939900 -0.867200
vt 0.935000 -0.870800
vt 0.929200 -0.874500
vt 0.939900 -0.870800
vt 0.944100 -0.868900
vt 0.935000 -0.874500
vt 0.939900 -0.874500
vt 0.947700 -0.861800
vt 0.949900 -0.857100
vt 0.947700 -0.868900
vt 0.949900 -0.864200
vt 0.944100 -0.876200
vt 0.949900 -0.871600
vt 0.947700 -0.876200
vt 0.944100 -0.883500
vt 0.939900 -0.877900
vt 0.939900 -0.881600
vt 0.935000 -0.877900
vt 0.935000 -0.881600
vt 0.929200 -0.877900
vt 0.929200 -0.881600
vt 0.935000 -0.885200
vt 0.929200 -0.885200
vt 0.923600 -0.877900
vt 0.923600 -0.881600
vt 0.923600 -0.885200
vt 0.929200 -0.888900
vt 0.923600 -0.888900
vt 0.917000 -0.885200
vt 0.917000 -0.881600
vt 0.917000 -0.877900
vt 0.917000 -0.888900
vt 0.917000 -0.874500
vt 0.916700 -0.872500
vt 0.916000 -0.873300
vt 0.914000 -0.888900
vt 0.914000 -0.877900
vt 0.914000 -0.885200
vt 0.914000 -0.881600
vt 0.914000 -0.874500
vt 0.915800 -0.873300
vt 0.914800 -0.873300
vt 0.914000 -0.872800
vt 0.911600 -0.877900
vt 0.910884 -0.877900
vt 0.910875 -0.878307
vt 0.911600 -0.881600
vt 0.910803 -0.881600
vt 0.910796 -0.882039
vt 0.911600 -0.885200
vt 0.910746 -0.885200
vt 0.910741 -0.885682
vt 0.911600 -0.888900
vt 0.910712 -0.888900
vt 0.910711 -0.889399
vt 0.911600 -0.892600
vt 0.910703 -0.892600
vt 0.910706 -0.893061
vt 0.914000 -0.892600
vt 0.911600 -0.896000
vt 0.910720 -0.896000
vt 0.910726 -0.896477
vt 0.917000 -0.892600
vt 0.914000 -0.896000
vt 0.911600 -0.899600
vt 0.910762 -0.899600
vt 0.910771 -0.900065
vt 0.923600 -0.892600
vt 0.917000 -0.896000
vt 0.914000 -0.899600
vt 0.911600 -0.903300
vt 0.910828 -0.903300
vt 0.910838 -0.903727
vt 0.910916 -0.907000
vt 0.911600 -0.907000
vt 0.910927 -0.907367
vt 0.914000 -0.903300
vt 0.917000 -0.899600
vt 0.911024 -0.910600
vt 0.911600 -0.910600
vt 0.911035 -0.910891
vt 0.923600 -0.896000
vt 0.914000 -0.907000
vt 0.917000 -0.903300
vt 0.923600 -0.899600
vt 0.929200 -0.892600
vt 0.929200 -0.896000
vt 0.935000 -0.888900
vt 0.935000 -0.892600
vt 0.939900 -0.885200
vt 0.939900 -0.888900
vt 0.944100 -0.890600
vt 0.939900 -0.892600
vt 0.935000 -0.896000
vt 0.939900 -0.896000
vt 0.929200 -0.899600
vt 0.935000 -0.899600
vt 0.944100 -0.897900
vt 0.923600 -0.903300
vt 0.929200 -0.903300
vt 0.939900 -0.899600
vt 0.935000 -0.903300
vt 0.917000 -0.907000
vt 0.939900 -0.903300
vt 0.923600 -0.907000
vt 0.929200 -0.907000
vt 0.935000 -0.907000
vt 0.944100 -0.905000
vt 0.923600 -0.910600
vt 0.939900 -0.907000
vt 0.929200 -0.910600
vt 0.935000 -0.910600
vt 0.939900 -0.910600
vt 0.916700 -0.910100
vt 0.916000 -0.909400
vt 0.918200 -0.911400
vt 0.919400 -0.913300
vt 0.923600 -0.914000
vt 0.919700 -0.914000
vt 0.919900 -0.915500
vt 0.929200 -0.914000
vt 0.923600 -0.917700
vt 0.919400 -0.917700
vt 0.935000 -0.914000
vt 0.929200 -0.917700
vt 0.923600 -0.921400
vt 0.918200 -0.919400
vt 0.935000 -0.917700
vt 0.939900 -0.914000
vt 0.944100 -0.912300
vt 0.939900 -0.917700
vt 0.929200 -0.921400
vt 0.935000 -0.921400
vt 0.944100 -0.919400
vt 0.939900 -0.921400
vt 0.929200 -0.925000
vt 0.935000 -0.925000
vt 0.939900 -0.925000
vt 0.923600 -0.925000
vt 0.929200 -0.928400
vt 0.923600 -0.928400
vt 0.917000 -0.925000
vt 0.935000 -0.928400
vt 0.917000 -0.928400
vt 0.923600 -0.932100
vt 0.917000 -0.932100
vt 0.929200 -0.932100
vt 0.935000 -0.932100
vt 0.939900 -0.928400
vt 0.944100 -0.926700
vt 0.939900 -0.932100
vt 0.929200 -0.935800
vt 0.935000 -0.935800
vt 0.923600 -0.935800
vt 0.944100 -0.934100
vt 0.917000 -0.935800
vt 0.923600 -0.939400
vt 0.917000 -0.939400
vt 0.929200 -0.939400
vt 0.939900 -0.935800
vt 0.935000 -0.939400
vt 0.923600 -0.943100
vt 0.939900 -0.939400
vt 0.929200 -0.943100
vt 0.935000 -0.943100
vt 0.944100 -0.941100
vt 0.917000 -0.943100
vt 0.939900 -0.943100
vt 0.935000 -0.946500
vt 0.929200 -0.946500
vt 0.923600 -0.946500
vt 0.917000 -0.946500
vt 0.939900 -0.946500
vt 0.929200 -0.950200
vt 0.935000 -0.950200
vt 0.923600 -0.950200
vt 0.917000 -0.950200
vt 0.944100 -0.948500
vt 0.939900 -0.950200
vt 0.935000 -0.953800
vt 0.929200 -0.953800
vt 0.923600 -0.953800
vt 0.917000 -0.953800
vt 0.939900 -0.953800
vt 0.929200 -0.957500
vt 0.935000 -0.957500
vt 0.923600 -0.957500
vt 0.917000 -0.957500
vt 0.916000 -0.957500
vt 0.916700 -0.958200
vt 0.918200 -0.959500
vt 0.923600 -0.961200
vt 0.919400 -0.961200
vt 0.919900 -0.963600
vt 0.929200 -0.961200
vt 0.923600 -0.964600
vt 0.919700 -0.964600
vt 0.919400 -0.965800
vt 0.923600 -0.968300
vt 0.918200 -0.967800
vt 0.917500 -0.968300
vt 0.916700 -0.968700
vt 0.929200 -0.964600
vt 0.935000 -0.961200
vt 0.917000 -0.971900
vt 0.916000 -0.969700
vt 0.939900 -0.957500
vt 0.944100 -0.955600
vt 0.939900 -0.961200
vt 0.935000 -0.964600
vt 0.944100 -0.962900
vt 0.939900 -0.964600
vt 0.929200 -0.968300
vt 0.935000 -0.968300
vt 0.939900 -0.968300
vt 0.923600 -0.971900
vt 0.929200 -0.971900
vt 0.935000 -0.971900
vt 0.923600 -0.975600
vt 0.929200 -0.975600
vt 0.917000 -0.975600
vt 0.935000 -0.975600
vt 0.914000 -0.975600
vt 0.939900 -0.971900
vt 0.939900 -0.975600
vt 0.944100 -0.970000
vt 0.944100 -0.977300
vt 0.914000 -0.971900
vt 0.915800 -0.969700
vt 0.914800 -0.969500
vt 0.914000 -0.969000
vt 0.913800 -0.968700
vt 0.912561 -0.971900
vt 0.912526 -0.974173
vt 0.912651 -0.970372
vt 0.912671 -0.968495
vt 0.912738 -0.967541
vt 0.912571 -0.966175
vt 0.913100 -0.967300
vt 0.912711 -0.960868
vt 0.912735 -0.960065
vt 0.913100 -0.959700
vt 0.912726 -0.959152
vt 0.912654 -0.957835
vt 0.913800 -0.958200
vt 0.914000 -0.958000
vt 0.914000 -0.957500
vt 0.914800 -0.957500
vt 0.914000 -0.953800
vt 0.915800 -0.957500
vt 0.912525 -0.953800
vt 0.912556 -0.956026
vt 0.914000 -0.950200
vt 0.912455 -0.950200
vt 0.912499 -0.952451
vt 0.914000 -0.946500
vt 0.912367 -0.946500
vt 0.912426 -0.948927
vt 0.914000 -0.943100
vt 0.912263 -0.943100
vt 0.912336 -0.945458
vt 0.914000 -0.939400
vt 0.912145 -0.939400
vt 0.912232 -0.942125
vt 0.914000 -0.935800
vt 0.912016 -0.935800
vt 0.912117 -0.938624
vt 0.914000 -0.932100
vt 0.911879 -0.932100
vt 0.911994 -0.935193
vt 0.914000 -0.928400
vt 0.911738 -0.928400
vt 0.911864 -0.931693
vt 0.914000 -0.925000
vt 0.915800 -0.921400
vt 0.914800 -0.921400
vt 0.911600 -0.925000
vt 0.911731 -0.928215
vt 0.914000 -0.921400
vt 0.914000 -0.920900
vt 0.913800 -0.920600
vt 0.911600 -0.921400
vt 0.913100 -0.919200
vt 0.911439 -0.921400
vt 0.911443 -0.921486
vt 0.911600 -0.917700
vt 0.912600 -0.917500
vt 0.911289 -0.917700
vt 0.911296 -0.917871
vt 0.912300 -0.915500
vt 0.911600 -0.914000
vt 0.911149 -0.914000
vt 0.911158 -0.914248
vt 0.912300 -0.914000
vt 0.912300 -0.913300
vt 0.913100 -0.911600
vt 0.913600 -0.910400
vt 0.914000 -0.909900
vt 0.914800 -0.909400
vt 0.915800 -0.909400
vt 0.916200 -0.921400
vt 0.916700 -0.920600
vt 0.917000 -0.921400
vt 0.947700 -0.883500
vt 0.949900 -0.878600
vt 0.947700 -0.890600
vt 0.949900 -0.886000
vt 0.947700 -0.897900
vt 0.949900 -0.893000
vt 0.947700 -0.905000
vt 0.949900 -0.900400
vt 0.947700 -0.912300
vt 0.949900 -0.907700
vt 0.947700 -0.919400
vt 0.949900 -0.914800
vt 0.947700 -0.926700
vt 0.949900 -0.922100
vt 0.947700 -0.934100
vt 0.949900 -0.929200
vt 0.947700 -0.941100
vt 0.949900 -0.936500
vt 0.947700 -0.948500
vt 0.949900 -0.943600
vt 0.947700 -0.955600
vt 0.949900 -0.950900
vt 0.947700 -0.962900
vt 0.949900 -0.958200
vt 0.947700 -0.970000
vt 0.949900 -0.965300
vt 0.947700 -0.975100
vt 0.949900 -0.972600
vt 0.645900 -0.607300
vt 0.645900 -0.607100
vt 0.644900 -0.607300
vt 0.646400 -0.607300
vt 0.646600 -0.607300
vt 0.644000 -0.607300
vt 0.644000 -0.607100
vt 0.643200 -0.607300
vt 0.643500 -0.607300
vt 0.644000 -0.608300
vt 0.643200 -0.608300
vt 0.644900 -0.608100
vt 0.644900 -0.608300
vt 0.645900 -0.608100
vt 0.645900 -0.608300
vt 0.646400 -0.608100
vt 0.646400 -0.608300
vt 0.646600 -0.608100
vt 0.646900 -0.608300
vt 0.644900 -0.611000
vt 0.644900 -0.610700
vt 0.644000 -0.611000
vt 0.644000 -0.610700
vt 0.644200 -0.608800
vt 0.644200 -0.608500
vt 0.643200 -0.608500
vt 0.643500 -0.608500
vt 0.644900 -0.608800
vt 0.645900 -0.608500
vt 0.645900 -0.608800
vt 0.646600 -0.608500
vt 0.646900 -0.608800
vt 0.647900 -0.608800
vt 0.643700 -0.608100
vt 0.643700 -0.607800
vt 0.643200 -0.608100
vt 0.643500 -0.607800
vt 0.644200 -0.607800
vt 0.644200 -0.608100
vt 0.645200 -0.607800
vt 0.646200 -0.607800
vt 0.646200 -0.608100
vt 0.646900 -0.607800
vt 0.646900 -0.608100
vt 0.645900 -0.606800
vt 0.645200 -0.607100
vt 0.646900 -0.606800
vt 0.646900 -0.607100
vt 0.645200 -0.606800
vt 0.644400 -0.607100
vt 0.644400 -0.606800
vt 0.644200 -0.607100
vt 0.644200 -0.606800
vt 0.643200 -0.607100
vt 0.643500 -0.606800
vt 0.646200 -0.606600
vt 0.646200 -0.606300
vt 0.645400 -0.606300
vt 0.647100 -0.606300
vt 0.647100 -0.606600
vt 0.648100 -0.609800
vt 0.646900 -0.609800
vt 0.646200 -0.606800
vt 0.646600 -0.606600
vt 0.645400 -0.606800
vt 0.645400 -0.606600
vt 0.646600 -0.606800
vt 0.647100 -0.606800
vt 0.644000 -0.609800
vt 0.644200 -0.609500
vt 0.643200 -0.609500
vt 0.643500 -0.609500
vt 0.645200 -0.609800
vt 0.645700 -0.609800
vt 0.645900 -0.609800
vt 0.646900 -0.609500
vt 0.644000 -0.610300
vt 0.643200 -0.610000
vt 0.643500 -0.610000
vt 0.644400 -0.610300
vt 0.644400 -0.610500
vt 0.644900 -0.610300
vt 0.644900 -0.610500
vt 0.645900 -0.610300
vt 0.645900 -0.610500
vt 0.646900 -0.610300
vt 0.647600 -0.610000
vt 0.645400 -0.607600
vt 0.645200 -0.607600
vt 0.645900 -0.607600
vt 0.646900 -0.607600
vt 0.644200 -0.607600
vt 0.643200 -0.607600
vt 0.643500 -0.607600
vt 0.646900 -0.610700
vt 0.647100 -0.610700
vt 0.645900 -0.610700
vt 0.647100 -0.611000
vt 0.647600 -0.611000
vt 0.644400 -0.610700
vt 0.643700 -0.610700
vt 0.643500 -0.611000
vt 0.643200 -0.611000
vt 0.643862 -0.609199
vt 0.643921 -0.609000
vt 0.643200 -0.609000
vt 0.646300 -0.609257
vt 0.646344 -0.609239
vt 0.646900 -0.609000
vt 0.644200 -0.606600
vt 0.645200 -0.606600
vt 0.644000 -0.606600
vt 0.643200 -0.606800
vt 0.643500 -0.606600
vt 0.646900 -0.609300
vt 0.647900 -0.609300
vt 0.644900 -0.610000
vt 0.645900 -0.610000
vt 0.644000 -0.610000
vt 0.946500 -0.665200
vt 0.946500 -0.665000
vt 0.946300 -0.665200
vt 0.946000 -0.665400
vt 0.946300 -0.665400
vt 0.945800 -0.665200
vt 0.946000 -0.665200
vt 0.946000 -0.665700
vt 0.946300 -0.665700
vt 0.946800 -0.665700
vt 0.946800 -0.665400
vt 0.946500 -0.665700
vt 0.946500 -0.665400
vt 0.946300 -0.665000
vt 0.946300 -0.665900
vt 0.946300 -0.665815
vt 0.946000 -0.665000
vt 0.945860 -0.665340
vt 0.945800 -0.665400
vt 0.945977 -0.665400
vt 0.945800 -0.665400
vt 0.945800 -0.665688
vt 0.945800 -0.665700
vt 0.945800 -0.665000
vt 0.945800 -0.665900
vt 0.460800 -0.958000
vt 0.461300 -0.956500
vt 0.459600 -0.959200
vt 0.460800 -0.953400
vt 0.461300 -0.954800
vt 0.456700 -0.960400
vt 0.458400 -0.960200
vt 0.453700 -0.959200
vt 0.454900 -0.960200
vt 0.459600 -0.952100
vt 0.458400 -0.951200
vt 0.452500 -0.953400
vt 0.452000 -0.956500
vt 0.452500 -0.958000
vt 0.452000 -0.954800
vt 0.454900 -0.951200
vt 0.453700 -0.952100
vt 0.456700 -0.950900
vt 0.163900 -0.118400
vt 0.164100 -0.118400
vt 0.165300 -0.117000
vt 0.162900 -0.121100
vt 0.162100 -0.121100
vt 0.160400 -0.125800
vt 0.166300 -0.117900
vt 0.166500 -0.116700
vt 0.166100 -0.121100
vt 0.161400 -0.127700
vt 0.159200 -0.130400
vt 0.168000 -0.117500
vt 0.169200 -0.118400
vt 0.169500 -0.118400
vt 0.170900 -0.121100
vt 0.171400 -0.121100
vt 0.173600 -0.126300
vt 0.173900 -0.126300
vt 0.166100 -0.127700
vt 0.174800 -0.130900
vt 0.160200 -0.131600
vt 0.166100 -0.131400
vt 0.175100 -0.130600
vt 0.175300 -0.130600
vt 0.177300 -0.138900
vt 0.176600 -0.139200
vt 0.176800 -0.139200
vt 0.178000 -0.146300
vt 0.178500 -0.146000
vt 0.179700 -0.157300
vt 0.177800 -0.146500
vt 0.179200 -0.157500
vt 0.181000 -0.166300
vt 0.178800 -0.157300
vt 0.180200 -0.166100
vt 0.181900 -0.176100
vt 0.166300 -0.146300
vt 0.166100 -0.139400
vt 0.159200 -0.139200
vt 0.158000 -0.138900
vt 0.157300 -0.146000
vt 0.158700 -0.146500
vt 0.158200 -0.157000
vt 0.166300 -0.157000
vt 0.156800 -0.156800
vt 0.166300 -0.165800
vt 0.157800 -0.165800
vt 0.156000 -0.165300
vt 0.179700 -0.165800
vt 0.166500 -0.176600
vt 0.157300 -0.176600
vt 0.155300 -0.176100
vt 0.155100 -0.187500
vt 0.156800 -0.187800
vt 0.154800 -0.198800
vt 0.181000 -0.176600
vt 0.166500 -0.187800
vt 0.181700 -0.187800
vt 0.181200 -0.176300
vt 0.181900 -0.187500
vt 0.182700 -0.187300
vt 0.181900 -0.198800
vt 0.182700 -0.198800
vt 0.181900 -0.204600
vt 0.181700 -0.198800
vt 0.181400 -0.204400
vt 0.181400 -0.210000
vt 0.181000 -0.204400
vt 0.180700 -0.210000
vt 0.166500 -0.198800
vt 0.180200 -0.210000
vt 0.156800 -0.198800
vt 0.166800 -0.204400
vt 0.157000 -0.204400
vt 0.154800 -0.204600
vt 0.166800 -0.210000
vt 0.157800 -0.210000
vt 0.155600 -0.210000
vt 0.178000 -0.217800
vt 0.158500 -0.217600
vt 0.167000 -0.217600
vt 0.178800 -0.217800
vt 0.180000 -0.218100
vt 0.176300 -0.226900
vt 0.177300 -0.227100
vt 0.174400 -0.226400
vt 0.168000 -0.226400
vt 0.157300 -0.217600
vt 0.156800 -0.217600
vt 0.161900 -0.226400
vt 0.161200 -0.226400
vt 0.160400 -0.226400
vt 0.161900 -0.230800
vt 0.163400 -0.230800
vt 0.163400 -0.235200
vt 0.163400 -0.244200
vt 0.165300 -0.244000
vt 0.164800 -0.235200
vt 0.167500 -0.243500
vt 0.168300 -0.230500
vt 0.168500 -0.234700
vt 0.169500 -0.243500
vt 0.173100 -0.230800
vt 0.171700 -0.235200
vt 0.173600 -0.235200
vt 0.171400 -0.243700
vt 0.174800 -0.231000
vt 0.176300 -0.226600
vt 0.175100 -0.235700
vt 0.172900 -0.244000
vt 0.176300 -0.231300
vt 0.134800 -0.121100
vt 0.135300 -0.121100
vt 0.136800 -0.118400
vt 0.137000 -0.118400
vt 0.138000 -0.117200
vt 0.137200 -0.118400
vt 0.140900 -0.117000
vt 0.139700 -0.116700
vt 0.141600 -0.118400
vt 0.142400 -0.118400
vt 0.136000 -0.121100
vt 0.142600 -0.121100
vt 0.144100 -0.121100
vt 0.134600 -0.125800
vt 0.133100 -0.125800
vt 0.132600 -0.125800
vt 0.143800 -0.125800
vt 0.146000 -0.125800
vt 0.133300 -0.130400
vt 0.131600 -0.130600
vt 0.131400 -0.130600
vt 0.144600 -0.130400
vt 0.147000 -0.130400
vt 0.148200 -0.138900
vt 0.145500 -0.138900
vt 0.132400 -0.138900
vt 0.129900 -0.138900
vt 0.129700 -0.138900
vt 0.132100 -0.145800
vt 0.145800 -0.145800
vt 0.149000 -0.146000
vt 0.149700 -0.156500
vt 0.128900 -0.146000
vt 0.128400 -0.146000
vt 0.146300 -0.156800
vt 0.150200 -0.165300
vt 0.131600 -0.156800
vt 0.127700 -0.156800
vt 0.127200 -0.156800
vt 0.146800 -0.165300
vt 0.150900 -0.176100
vt 0.131400 -0.165300
vt 0.127000 -0.165300
vt 0.126300 -0.165300
vt 0.147300 -0.176300
vt 0.126000 -0.176100
vt 0.131100 -0.176300
vt 0.125000 -0.176100
vt 0.130600 -0.187500
vt 0.147500 -0.187500
vt 0.151200 -0.187500
vt 0.151400 -0.198800
vt 0.147500 -0.198800
vt 0.150900 -0.204400
vt 0.125500 -0.187500
vt 0.147300 -0.204400
vt 0.124800 -0.187500
vt 0.124500 -0.187500
vt 0.125000 -0.198800
vt 0.124300 -0.198800
vt 0.130900 -0.198800
vt 0.125500 -0.198800
vt 0.125500 -0.204200
vt 0.124500 -0.204200
vt 0.126000 -0.203900
vt 0.131400 -0.204400
vt 0.126000 -0.210000
vt 0.125300 -0.210000
vt 0.126700 -0.217600
vt 0.126700 -0.210000
vt 0.127700 -0.217600
vt 0.130900 -0.226400
vt 0.131900 -0.210000
vt 0.128200 -0.217600
vt 0.131900 -0.226600
vt 0.132400 -0.230800
vt 0.147000 -0.210000
vt 0.133600 -0.231000
vt 0.134100 -0.235200
vt 0.134300 -0.226400
vt 0.132800 -0.217600
vt 0.146300 -0.217600
vt 0.150400 -0.210000
vt 0.148700 -0.217800
vt 0.149200 -0.217800
vt 0.145500 -0.226600
vt 0.136300 -0.226400
vt 0.144300 -0.226400
vt 0.146500 -0.226600
vt 0.147300 -0.226600
vt 0.146500 -0.231000
vt 0.144800 -0.230800
vt 0.145800 -0.235400
vt 0.144100 -0.235200
vt 0.143100 -0.230800
vt 0.141900 -0.235200
vt 0.137700 -0.230800
vt 0.143800 -0.235200
vt 0.143800 -0.244000
vt 0.142600 -0.244000
vt 0.140900 -0.243700
vt 0.139400 -0.244000
vt 0.138900 -0.235400
vt 0.137700 -0.244000
vt 0.136800 -0.235200
vt 0.136300 -0.244000
vt 0.135500 -0.230800
vt 0.135300 -0.235200
vt 0.134800 -0.244000
vt 0.473700 -0.970700
vt 0.473700 -0.966300
vt 0.471600 -0.970700
vt 0.475700 -0.966300
vt 0.471600 -0.966300
vt 0.475700 -0.970700
vt 0.469400 -0.970700
vt 0.477900 -0.966300
vt 0.469400 -0.966300
vt 0.477900 -0.970700
vt 0.467400 -0.970700
vt 0.479900 -0.966300
vt 0.467400 -0.966300
vt 0.479900 -0.970700
vt 0.482100 -0.966300
vt 0.482100 -0.970700
vt 0.465200 -0.970700
vt 0.465200 -0.966300
vt 0.463000 -0.970700
vt 0.463000 -0.966300
vt 0.461100 -0.970700
vt 0.461100 -0.966300
vt 0.458900 -0.970700
vt 0.458900 -0.966300
vt 0.456900 -0.970700
vt 0.456900 -0.966300
vt 0.454700 -0.970700
vt 0.454700 -0.966300
vt 0.452500 -0.970700
vt 0.452500 -0.966300
vt 0.450500 -0.970700
vt 0.450500 -0.966300
vt 0.448400 -0.970700
vt 0.448400 -0.966300
vt 0.446200 -0.970700
vt 0.446200 -0.966300
vt 0.444200 -0.970700
vt 0.444200 -0.966300
vt 0.175748 -0.132460
vt 0.175895 -0.133598
vt 0.176055 -0.136689
vt 0.176106 -0.136368
vt 0.175465 -0.138357
vt 0.175321 -0.139224
vt 0.175180 -0.140179
vt 0.170185 -0.157093
vt 0.171266 -0.150670
vt 0.169262 -0.163786
vt 0.167068 -0.176600
vt 0.168356 -0.167311
vt 0.165917 -0.187800
vt 0.165859 -0.188527
vt 0.164923 -0.204400
vt 0.164989 -0.203386
vt 0.164693 -0.210000
vt 0.164652 -0.208773
vt 0.164502 -0.212104
vt 0.163017 -0.226400
vt 0.164005 -0.222699
vt 0.162360 -0.227748
vt 0.161654 -0.227308
vt 0.133214 -0.131208
vt 0.131660 -0.131220
vt 0.131498 -0.131097
vt 0.131114 -0.132181
vt 0.138525 -0.145800
vt 0.138842 -0.142328
vt 0.138438 -0.150710
vt 0.140067 -0.156800
vt 0.140208 -0.161614
vt 0.141229 -0.165300
vt 0.141506 -0.172292
vt 0.142937 -0.187500
vt 0.142436 -0.179562
vt 0.143730 -0.196279
vt 0.144079 -0.198800
vt 0.144694 -0.203510
vt 0.144877 -0.204400
vt 0.145713 -0.209538
vt 0.145841 -0.210000
vt 0.146611 -0.214223
vt 0.146769 -0.216731
vt 0.146712 -0.217634
vt 0.147189 -0.224356
vt 0.147135 -0.224061
vt 0.147504 -0.225653
vt 0.137020 -0.138900
vt 0.164329 -0.217600
vt 0.913600 -0.968300
vt 0.912703 -0.968300
vt 0.176018 -0.135245
vt 0.946442 -0.665900
vt 0.946500 -0.665844
vt 0.945800 -0.665700
vt 0.164922 -0.198800
vt 0.168721 -0.165800
vt 0.946500 -0.665838
vt 0.946602 -0.665832
vt 0.946583 -0.665400
vt 0.946500 -0.665400
vt 0.946213 -0.665700
vt 0.946000 -0.665400
vt 0.946000 -0.665515
vt 0.946000 -0.665543
vt 0.946198 -0.665400
vt 0.946212 -0.665400
vt 0.912575 -0.957500
vt 0.147310 -0.221622
vt 0.142162 -0.176300
vt 0.131019 -0.132460
vt 0.161283 -0.226921
vt 0.160834 -0.226400
vt 0.166500 -0.181163
vt 0.166978 -0.176952
vt 0.172975 -0.146416
vt 0.945918 -0.665900
vt 0.946000 -0.665780
vt 0.946500 -0.665000
vt 0.946500 -0.665000
vt 0.912504 -0.975600
vt 0.160013 -0.225453
vt 0.946359 -0.665200
vt 0.945918 -0.665200
vt 0.945938 -0.665200
vt 0.646355 -0.609234
vt 0.643500 -0.609000
vt 0.644018 -0.609000
s 1
usemtl 6af6f52c-6c9c-4939-8fc0-3d12836e5d69
f 1498/1/1 2/2/2 1513/3/3
f 1473/4/4 1/5/5 1472/6/6
f 1531/7/7 3/8/8 1401/9/9
f 2/2/2 1/5/5 4/10/10
f 4/10/10 5/11/11 2/2/2
f 2/2/2 5/11/11 3/8/8
f 6/12/12 4/10/10 1/5/5
f 7/13/13 3/8/8 5/11/11
f 6/12/12 1/5/5 8/14/14
f 9/15/15 8/14/14 1/5/5
f 10/16/16 8/14/14 9/15/15
f 1562/17/17 9/15/15 1561/18/18
f 9/15/15 11/19/19 10/16/16
f 12/20/20 10/16/16 11/19/19
f 1451/21/21 11/19/19 1423/22/22
f 11/19/19 13/23/23 12/20/20
f 14/24/24 12/20/20 13/23/23
f 14/24/24 13/23/23 15/25/25
f 13/23/23 11/19/19 16/26/26
f 1402/27/27 16/26/26 11/19/19 1452/28/28
f 13/23/23 17/29/29 15/25/25
f 18/30/30 15/25/25 17/29/29
f 16/26/26 19/31/31 13/23/23
f 17/29/29 13/23/23 19/31/31
f 1532/32/32 20/33/33 1403/34/34
f 19/31/31 16/26/26 21/35/35
f 20/33/33 21/35/35 16/26/26
f 1453/36/36 22/37/37 1533/38/38
f 21/35/35 20/33/33 23/39/39
f 22/37/37 23/39/39 20/33/33
f 1534/40/40 24/41/41 1454/42/42
f 23/39/39 22/37/37 25/43/43
f 24/41/41 25/43/43 22/37/37
f 1455/44/44 26/45/45 1535/46/46
f 25/43/43 24/41/41 27/47/47
f 26/45/45 27/47/47 24/41/41
f 1536/48/48 28/49/49 1456/50/50
f 27/47/47 26/45/45 29/51/51
f 28/49/49 29/51/51 26/45/45
f 1499/52/52 30/53/53 1457/54/54
f 1458/55/55 31/56/56 1537/57/57
f 30/53/53 32/58/58 31/56/56
f 31/56/56 33/59/59 28/49/49
f 33/59/59 31/56/56 32/58/58
f 29/51/51 28/49/49 33/59/59
f 32/58/58 34/60/60 33/59/59
f 35/61/61 33/59/59 34/60/60
f 33/59/59 35/61/61 29/51/51
f 34/60/60 36/62/62 35/61/61
f 37/63/63 29/51/51 35/61/61
f 38/64/64 35/61/61 36/62/62
f 35/61/61 38/64/64 37/63/63
f 36/62/62 39/65/65 38/64/64
f 29/51/51 37/63/63 27/47/47
f 40/66/66 38/64/64 39/65/65
f 39/65/65 41/67/67 40/66/66
f 42/68/68 37/63/63 38/64/64
f 38/64/64 40/66/66 42/68/68
f 43/69/69 27/47/47 37/63/63
f 37/63/63 42/68/68 43/69/69
f 27/47/47 43/69/69 25/43/43
f 44/70/70 40/66/66 41/67/67
f 41/67/67 45/71/71 44/70/70
f 46/72/72 42/68/68 40/66/66
f 40/66/66 44/70/70 46/72/72
f 47/73/73 43/69/69 42/68/68
f 42/68/68 46/72/72 47/73/73
f 48/74/74 25/43/43 43/69/69
f 43/69/69 47/73/73 48/74/74
f 25/43/43 48/74/74 23/39/39
f 44/70/70 45/71/71 49/75/75
f 49/75/75 46/72/72 44/70/70
f 50/76/76 49/75/75 45/71/71
f 45/71/71 51/77/77 50/76/76
f 46/72/72 49/75/75 52/78/78
f 52/78/78 47/73/73 46/72/72
f 53/79/79 52/78/78 49/75/75
f 49/75/75 50/76/76 53/79/79
f 47/73/73 52/78/78 54/80/80
f 54/80/80 48/74/74 47/73/73
f 52/78/78 53/79/79 55/81/81
f 55/81/81 54/80/80 52/78/78
f 53/79/79 50/76/76 56/82/82
f 56/82/82 55/81/81 53/79/79
f 57/83/83 23/39/39 48/74/74
f 48/74/74 54/80/80 57/83/83
f 23/39/39 57/83/83 21/35/35
f 54/80/80 55/81/81 58/84/84
f 58/84/84 57/83/83 54/80/80
f 59/85/85 21/35/35 57/83/83
f 57/83/83 58/84/84 59/85/85
f 21/35/35 59/85/85 19/31/31
f 60/86/86 58/84/84 55/81/81
f 55/81/81 56/82/82 60/86/86
f 61/87/87 59/85/85 58/84/84
f 58/84/84 60/86/86 61/87/87
f 62/88/88 19/31/31 59/85/85
f 59/85/85 61/87/87 62/88/88
f 19/31/31 62/88/88 17/29/29
f 64/89/89 63/90/90 17/29/29
f 64/89/89 17/29/29 65/91/91
f 66/92/92 17/29/29 62/88/88
f 17/29/29 66/92/92 65/91/91
f 67/93/93 62/88/88 61/87/87
f 62/88/88 67/93/93 66/92/92
f 66/92/92 68/94/94 65/91/91
f 61/87/87 69/95/95 67/93/93
f 69/95/95 61/87/87 60/86/86
f 68/94/94 70/96/96 65/91/91
f 60/86/86 71/97/97 69/95/95
f 71/97/97 60/86/86 56/82/82
f 72/98/98 66/92/92 67/93/93
f 66/92/92 72/98/98 68/94/94
f 73/99/99 67/93/93 69/95/95
f 67/93/93 73/99/99 72/98/98
f 56/82/82 74/100/100 71/97/97
f 75/101/101 69/95/95 71/97/97
f 69/95/95 75/101/101 73/99/99
f 71/97/97 74/100/100 75/101/101
f 74/100/100 56/82/82 50/76/76
f 76/102/102 73/99/99 75/101/101
f 50/76/76 77/103/103 74/100/100
f 77/103/103 50/76/76 51/77/77
f 51/77/77 78/104/104 77/103/103
f 79/105/105 75/101/101 74/100/100
f 75/101/101 79/105/105 76/102/102
f 80/106/106 74/100/100 77/103/103
f 77/103/103 81/107/107 80/106/106
f 74/100/100 80/106/106 79/105/105
f 82/108/108 79/105/105 80/106/106
f 80/106/106 83/109/109 82/108/108
f 79/105/105 82/108/108 84/110/110
f 76/102/102 79/105/105 85/111/111
f 84/110/110 85/111/111 79/105/105
f 85/111/111 86/112/112 76/102/102
f 73/99/99 76/102/102 86/112/112
f 86/112/112 72/98/98 73/99/99
f 72/98/98 86/112/112 87/113/113
f 87/113/113 68/94/94 72/98/98
f 86/112/112 85/111/111 88/114/114
f 88/114/114 87/113/113 86/112/112
f 89/115/115 88/114/114 85/111/111
f 85/111/111 84/110/110 89/115/115
f 68/94/94 87/113/113 90/116/116
f 68/94/94 90/116/116 70/96/96
f 91/117/117 70/96/96 90/116/116
f 91/117/117 90/116/116 92/118/118
f 93/119/119 92/118/118 90/116/116
f 94/120/120 92/118/118 93/119/119
f 95/121/121 90/116/116 87/113/113
f 87/113/113 88/114/114 95/121/121
f 90/116/116 95/121/121 93/119/119
f 94/120/120 93/119/119 96/122/122
f 97/123/123 95/121/121 88/114/114
f 88/114/114 89/115/115 97/123/123
f 98/124/124 93/119/119 95/121/121
f 95/121/121 97/123/123 98/124/124
f 99/125/125 96/122/122 93/119/119
f 93/119/119 98/124/124 99/125/125
f 100/126/126 97/123/123 89/115/115
f 89/115/115 84/110/110 100/126/126
f 101/127/127 98/124/124 97/123/123
f 97/123/123 100/126/126 101/127/127
f 98/124/124 101/127/127 102/128/128
f 102/128/128 99/125/125 98/124/124
f 103/129/129 101/127/127 100/126/126
f 104/130/130 100/126/126 84/110/110
f 100/126/126 104/130/130 103/129/129
f 101/127/127 103/129/129 105/131/131
f 105/131/131 102/128/128 101/127/127
f 106/132/132 105/131/131 103/129/129
f 103/129/129 104/130/130 106/132/132
f 84/110/110 107/133/133 104/130/130
f 107/133/133 84/110/110 82/108/108
f 82/108/108 108/134/134 107/133/133
f 109/135/135 104/130/130 107/133/133
f 107/133/133 110/136/136 109/135/135
f 111/137/137 106/132/132 104/130/130
f 104/130/130 109/135/135 111/137/137
f 109/135/135 113/138/138 112/139/139
f 112/139/139 111/137/137 109/135/135
f 111/137/137 112/139/139 114/140/140
f 106/132/132 111/137/137 115/141/141
f 115/141/141 111/137/137 116/142/142
f 114/140/140 116/142/142 111/137/137
f 115/141/141 117/143/143 106/132/132
f 105/131/131 106/132/132 117/143/143
f 116/142/142 118/144/144 115/141/141
f 117/143/143 115/141/141 118/144/144
f 117/143/143 119/145/145 105/131/131
f 102/128/128 105/131/131 119/145/145
f 118/144/144 120/146/146 117/143/143
f 119/145/145 117/143/143 120/146/146
f 118/144/144 116/142/142 121/147/147
f 120/146/146 118/144/144 122/148/148
f 121/147/147 122/148/148 118/144/144
f 119/145/145 123/149/149 102/128/128
f 99/125/125 102/128/128 123/149/149
f 120/146/146 124/150/150 119/145/145
f 123/149/149 119/145/145 124/150/150
f 122/148/148 125/151/151 120/146/146
f 124/150/150 120/146/146 125/151/151
f 122/148/148 121/147/147 126/152/152
f 125/151/151 122/148/148 127/153/153
f 126/152/152 127/153/153 122/148/148
f 125/151/151 128/154/154 124/150/150
f 124/150/150 129/155/155 123/149/149
f 129/155/155 124/150/150 128/154/154
f 130/156/156 123/149/149 129/155/155
f 123/149/149 130/156/156 99/125/125
f 127/153/153 131/157/157 125/151/151
f 128/154/154 125/151/151 131/157/157
f 132/158/158 99/125/125 130/156/156
f 99/125/125 132/158/158 96/122/122
f 133/159/159 96/122/122 132/158/158
f 133/159/159 132/158/158 134/160/160
f 131/157/157 135/161/161 128/154/154
f 130/156/156 136/162/162 132/158/158
f 128/154/154 137/163/163 129/155/155
f 137/163/163 128/154/154 135/161/161
f 129/155/155 138/164/164 130/156/156
f 138/164/164 129/155/155 137/163/163
f 136/162/162 130/156/156 138/164/164
f 139/165/165 132/158/158 136/162/162
f 140/166/166 132/158/158 139/165/165
f 141/166/167 140/166/166 139/165/165
f 142/167/168 141/166/167 139/165/165
f 143/168/169 142/167/168 139/165/165
f 143/168/169 139/165/165 7/13/13
f 3/8/8 7/13/13 139/165/165
f 3/8/8 139/165/165 144/169/170
f 136/162/162 144/169/170 139/165/165
f 1424/170/171 144/169/170 1404/171/172
f 144/169/170 136/162/162 145/172/173
f 138/164/164 145/172/173 136/162/162
f 1425/173/174 145/172/173 1459/174/175
f 145/172/173 138/164/164 146/175/176
f 137/163/163 146/175/176 138/164/164
f 1474/176/177 146/175/176 1500/177/178
f 146/175/176 137/163/163 147/178/179
f 135/161/161 147/178/179 137/163/163
f 1514/179/180 147/178/179 1538/180/181
f 147/178/179 135/161/161 148/181/182
f 1563/182/183 148/181/182 1405/183/184
f 149/184/185 148/181/182 135/161/161
f 148/181/182 149/184/185 150/185/186
f 135/161/161 131/157/157 149/184/185
f 1426/186/187 150/185/186 1475/187/188
f 151/188/189 149/184/185 131/157/157
f 131/157/157 127/153/153 151/188/189
f 152/189/190 150/185/186 149/184/185
f 149/184/185 151/188/189 152/189/190
f 150/185/186 152/189/190 153/190/191
f 1501/191/192 153/190/191 1564/192/193
f 154/193/194 151/188/189 127/153/153
f 127/153/153 126/152/152 154/193/194
f 155/194/195 152/189/190 151/188/189
f 151/188/189 154/193/194 155/194/195
f 156/195/196 153/190/191 152/189/190
f 152/189/190 155/194/195 156/195/196
f 153/190/191 156/195/196 157/196/197
f 1406/197/198 157/196/197 1502/198/199
f 1515/199/200 158/200/201 1539/201/202
f 159/202/203 157/196/197 156/195/196
f 157/196/197 159/202/203 158/200/201
f 156/195/196 161/203/204 159/202/203
f 161/203/204 156/195/196 155/194/195
f 1565/204/205 160/205/206 1427/206/207
f 155/194/195 162/207/208 161/203/204
f 162/207/208 155/194/195 154/193/194
f 163/208/209 158/200/201 159/202/203
f 164/209/210 159/202/203 161/203/204
f 159/202/203 164/209/210 163/208/209
f 165/210/211 161/203/204 162/207/208
f 161/203/204 165/210/211 164/209/210
f 154/193/194 166/211/212 162/207/208
f 166/211/212 154/193/194 126/152/152
f 162/207/208 167/212/213 165/210/211
f 167/212/213 162/207/208 166/211/212
f 126/152/152 168/213/214 166/211/212
f 168/213/214 126/152/152 121/147/147
f 166/211/212 169/214/215 167/212/213
f 169/214/215 166/211/212 168/213/214
f 121/147/147 170/215/216 168/213/214
f 170/215/216 121/147/147 116/142/142
f 116/142/142 114/140/140 170/215/216
f 171/216/217 168/213/214 170/215/216
f 170/215/216 114/140/140 171/216/217
f 168/213/214 171/216/217 169/214/215
f 172/217/218 171/216/217 114/140/140
f 173/218/219 169/214/215 171/216/217
f 171/216/217 172/217/218 173/218/219
f 169/214/215 173/218/219 174/219/220
f 174/219/220 167/212/213 169/214/215
f 175/220/221 174/219/220 173/218/219
f 173/218/219 172/217/218 175/220/221
f 167/212/213 174/219/220 176/221/222
f 176/221/222 165/210/211 167/212/213
f 174/219/220 175/220/221 177/222/223
f 177/222/223 176/221/222 174/219/220
f 178/223/224 175/220/221 172/217/218
f 165/210/211 176/221/222 179/224/225
f 179/224/225 164/209/210 165/210/211
f 176/221/222 177/222/223 180/225/226
f 180/225/226 179/224/225 176/221/222
f 181/226/227 177/222/223 175/220/221
f 175/220/221 178/223/224 181/226/227
f 182/227/228 180/225/226 177/222/223
f 177/222/223 181/226/227 182/227/228
f 164/209/210 179/224/225 183/228/229
f 184/229/230 182/227/228 181/226/227
f 181/226/227 178/223/224 184/229/230
f 179/224/225 180/225/226 185/230/231
f 185/230/231 183/228/229 179/224/225
f 180/225/226 182/227/228 186/231/232
f 186/231/232 185/230/231 180/225/226
f 182/227/228 184/229/230 187/232/233
f 187/232/233 186/231/232 182/227/228
f 188/233/234 184/229/230 178/223/224
f 185/230/231 186/231/232 189/234/235
f 190/235/236 187/232/233 184/229/230
f 184/229/230 188/233/234 190/235/236
f 186/231/232 187/232/233 191/236/237
f 191/236/237 189/234/235 186/231/232
f 187/232/233 190/235/236 192/237/238
f 192/237/238 191/236/237 187/232/233
f 193/238/239 192/237/238 190/235/236
f 190/235/236 188/233/234 193/238/239
f 189/234/235 194/239/240 185/230/231
f 183/228/229 185/230/231 194/239/240
f 194/239/240 195/240/241 183/228/229
f 189/234/235 196/241/242 194/239/240
f 197/242/243 196/241/242 189/234/235
f 189/234/235 198/243/244 197/242/243
f 189/234/235 191/236/237 198/243/244
f 199/244/245 197/242/243 198/243/244
f 199/244/245 198/243/244 200/245/246
f 201/246/247 198/243/244 191/236/237
f 191/236/237 192/237/238 201/246/247
f 198/243/244 202/247/248 200/245/246
f 198/243/244 201/246/247 202/247/248
f 203/248/249 200/245/246 202/247/248
f 204/249/250 201/246/247 192/237/238
f 192/237/238 193/238/239 204/249/250
f 205/250/251 202/247/248 201/246/247
f 201/246/247 204/249/250 205/250/251
f 202/247/248 206/251/252 203/248/249
f 202/247/248 205/250/251 206/251/252
f 207/252/253 203/248/249 206/251/252
f 208/253/254 205/250/251 204/249/250
f 209/254/255 204/249/250 193/238/239
f 204/249/250 209/254/255 208/253/254
f 193/238/239 210/255/256 209/254/255
f 210/255/256 193/238/239 188/233/234
f 211/256/257 208/253/254 209/254/255
f 209/254/255 210/255/256 211/256/257
f 205/250/251 208/253/254 212/257/258
f 212/257/258 206/251/252 205/250/251
f 208/253/254 211/256/257 213/258/259
f 213/258/259 212/257/258 208/253/254
f 214/259/260 211/256/257 210/255/256
f 215/260/261 213/258/259 211/256/257
f 211/256/257 214/259/260 215/260/261
f 212/257/258 213/258/259 216/261/262
f 213/258/259 215/260/261 217/262/263
f 217/262/263 216/261/262 213/258/259
f 218/263/264 217/262/263 215/260/261
f 215/260/261 214/259/260 218/263/264
f 216/261/262 219/264/265 212/257/258
f 206/251/252 212/257/258 219/264/265
f 216/261/262 217/262/263 220/265/266
f 219/264/265 216/261/262 221/266/267
f 220/265/266 221/266/267 216/261/262
f 219/264/265 222/267/268 206/251/252
f 217/262/263 218/263/264 223/268/269
f 223/268/269 220/265/266 217/262/263
f 221/266/267 224/269/270 219/264/265
f 222/267/268 219/264/265 224/269/270
f 221/266/267 220/265/266 225/270/271
f 224/269/270 221/266/267 226/271/272
f 225/270/271 226/271/272 221/266/267
f 220/265/266 223/268/269 227/272/273
f 227/272/273 225/270/271 220/265/266
f 228/273/274 227/272/273 223/268/269
f 229/274/275 223/268/269 218/263/264
f 223/268/269 229/274/275 228/273/274
f 218/263/264 230/275/276 229/274/275
f 230/275/276 218/263/264 214/259/260
f 231/276/277 228/273/274 229/274/275
f 229/274/275 230/275/276 231/276/277
f 227/272/273 228/273/274 232/277/278
f 228/273/274 231/276/277 233/278/279
f 233/278/279 232/277/278 228/273/274
f 232/277/278 234/279/280 227/272/273
f 225/270/271 227/272/273 234/279/280
f 235/280/281 231/276/277 230/275/276
f 234/279/280 236/281/282 225/270/271
f 226/271/272 225/270/271 236/281/282
f 234/279/280 232/277/278 237/282/283
f 236/281/282 234/279/280 238/283/284
f 237/282/283 238/283/284 234/279/280
f 239/284/285 237/282/283 232/277/278
f 232/277/278 233/278/279 239/284/285
f 240/285/286 233/278/279 231/276/277
f 231/276/277 235/280/281 240/285/286
f 241/286/287 239/284/285 233/278/279
f 233/278/279 240/285/286 241/286/287
f 237/282/283 239/284/285 242/287/288
f 243/288/289 241/286/287 240/285/286
f 240/285/286 235/280/281 243/288/289
f 239/284/285 241/286/287 244/289/290
f 244/289/290 242/287/288 239/284/285
f 241/286/287 243/288/289 245/290/291
f 245/290/291 244/289/290 241/286/287
f 246/291/292 243/288/289 235/280/281
f 242/287/288 247/292/293 237/282/283
f 238/283/284 237/282/283 247/292/293
f 248/293/294 245/290/291 243/288/289
f 243/288/289 246/291/292 248/293/294
f 245/290/291 248/293/294 249/294/295
f 244/289/290 245/290/291 250/295/296
f 249/294/295 250/295/296 245/290/291
f 250/295/296 251/296/297 244/289/290
f 242/287/288 244/289/290 251/296/297
f 247/292/293 242/287/288 252/297/298
f 251/296/297 252/297/298 242/287/288
f 253/298/299 249/294/295 248/293/294
f 248/293/294 246/291/292 253/298/299
f 250/295/296 249/294/295 254/299/300
f 249/294/295 253/298/299 255/300/301
f 255/300/301 254/299/300 249/294/295
f 251/296/297 250/295/296 256/301/302
f 254/299/300 256/301/302 250/295/296
f 256/301/302 257/302/303 251/296/297
f 252/297/298 251/296/297 257/302/303
f 258/303/304 253/298/299 246/291/292
f 259/304/305 255/300/301 253/298/299
f 253/298/299 258/303/304 259/304/305
f 255/300/301 259/304/305 260/305/306
f 254/299/300 255/300/301 261/306/307
f 260/305/306 261/306/307 255/300/301
f 261/306/307 262/307/308 254/299/300
f 256/301/302 254/299/300 262/307/308
f 257/302/303 256/301/302 263/308/309
f 262/307/308 263/308/309 256/301/302
f 264/309/310 260/305/306 259/304/305
f 259/304/305 258/303/304 264/309/310
f 261/306/307 260/305/306 265/310/311
f 260/305/306 264/309/310 266/311/312
f 266/311/312 265/310/311 260/305/306
f 262/307/308 261/306/307 267/312/313
f 265/310/311 267/312/313 261/306/307
f 267/312/313 268/313/314 262/307/308
f 263/308/309 262/307/308 268/313/314
f 263/308/309 268/313/314 269/314/315
f 268/313/314 270/315/316 269/314/315
f 270/315/316 268/313/314 271/316/317
f 267/312/313 271/316/317 268/313/314
f 267/312/313 272/317/318 271/316/317
f 267/312/313 265/310/311 272/317/318
f 273/318/319 271/316/317 272/317/318
f 274/319/320 273/318/319 272/317/318
f 275/320/321 272/317/318 265/310/311
f 265/310/311 266/311/312 275/320/321
f 276/321/322 274/319/320 272/317/318
f 272/317/318 275/320/321 276/321/322
f 277/322/323 274/319/320 276/321/322
f 277/322/323 276/321/322 278/323/324
f 279/324/325 278/323/324 276/321/322
f 280/325/326 278/323/324 279/324/325
f 281/326/327 280/325/326 279/324/325
f 282/327/328 281/326/327 279/324/325
f 283/328/329 276/321/322 275/320/321
f 276/321/322 283/328/329 279/324/325
f 275/320/321 284/329/330 283/328/329
f 284/329/330 275/320/321 266/311/312
f 285/330/331 282/327/328 279/324/325
f 285/330/331 286/331/332 282/327/328
f 266/311/312 287/332/333 284/329/330
f 287/332/333 266/311/312 264/309/310
f 264/309/310 288/333/334 287/332/333
f 288/333/334 264/309/310 258/303/304
f 289/334/335 284/329/330 287/332/333
f 287/332/333 288/333/334 289/334/335
f 284/329/330 289/334/335 290/335/336
f 290/335/336 283/328/329 284/329/330
f 291/336/337 289/334/335 288/333/334
f 292/337/338 290/335/336 289/334/335
f 289/334/335 291/336/337 292/337/338
f 283/328/329 290/335/336 293/338/339
f 293/338/339 279/324/325 283/328/329
f 290/335/336 292/337/338 294/339/340
f 294/339/340 293/338/339 290/335/336
f 295/340/341 294/339/340 292/337/338
f 292/337/338 291/336/337 295/340/341
f 279/324/325 293/338/339 296/341/342
f 293/338/339 294/339/340 297/342/343
f 297/342/343 296/341/342 293/338/339
f 296/341/342 285/330/331 279/324/325
f 298/343/344 297/342/343 294/339/340
f 294/339/340 295/340/341 298/343/344
f 296/341/342 297/342/343 299/344/345
f 300/345/346 299/344/345 297/342/343
f 297/342/343 298/343/344 300/345/346
f 299/344/345 301/346/347 296/341/342
f 285/330/331 296/341/342 301/346/347
f 302/347/348 300/345/346 298/343/344
f 301/346/347 303/348/349 285/330/331
f 298/343/344 304/349/350 302/347/348
f 304/349/350 298/343/344 295/340/341
f 305/350/351 302/347/348 304/349/350
f 295/340/341 306/351/352 304/349/350
f 304/349/350 306/351/352 305/350/351
f 306/351/352 295/340/341 291/336/337
f 307/352/353 305/350/351 306/351/352
f 308/353/354 285/330/331 303/348/349
f 285/330/331 308/353/354 309/354/355
f 310/355/356 309/354/355 308/353/354
f 311/356/357 310/355/356 308/353/354
f 311/356/357 308/353/354 312/357/358
f 1541/358/359 308/353/354 1540/359/360
f 1476/360/361 312/357/358 308/353/354 1541/358/359
f 1476/360/361 1477/361/362 312/357/358
f 1567/362/363 1429/363/364 314/364/365
f 1430/365/366 1407/366/367 315/367/368
f 1478/368/369 315/367/368 1407/366/367
f 1503/369/370 316/370/371 315/367/368 1478/368/369
f 318/371/372 316/370/371 317/372/373
f 318/371/372 317/372/373 319/373/374
f 317/372/373 320/374/375 319/373/374
f 319/373/374 320/374/375 321/375/376
f 263/308/309 321/375/376 320/374/375
f 263/308/309 320/374/375 257/302/303
f 1460/376/377 320/374/375 1505/377/378
f 322/378/379 257/302/303 320/374/375
f 257/302/303 322/378/379 252/297/298
f 1542/379/380 322/378/379 1506/380/381
f 323/381/382 252/297/298 322/378/379
f 252/297/298 323/381/382 247/292/293
f 1431/382/383 323/381/382 1568/383/384
f 324/384/385 247/292/293 323/381/382
f 247/292/293 324/384/385 238/283/284
f 1507/385/386 324/384/385 1461/386/387
f 325/387/388 238/283/284 324/384/385
f 238/283/284 325/387/388 236/281/282
f 1569/388/389 325/387/388 1516/389/390
f 326/390/391 236/281/282 325/387/388
f 236/281/282 326/390/391 226/271/272
f 1462/391/392 326/390/391 1408/392/393
f 327/393/394 226/271/272 326/390/391
f 226/271/272 327/393/394 224/269/270
f 1517/394/395 327/393/394 1479/395/396
f 328/396/397 224/269/270 327/393/394
f 224/269/270 328/396/397 222/267/268
f 1409/397/398 328/396/397 1543/398/399
f 329/399/400 222/267/268 328/396/397
f 222/267/268 329/399/400 330/400/401
f 331/401/402 330/400/401 329/399/400
f 332/402/403 329/399/400 1432/403/404
f 333/404/405 331/401/402 329/399/400
f 329/399/400 332/402/403 333/404/405
f 333/404/405 334/405/406 331/401/402
f 334/405/406 333/404/405 335/406/407
f 336/407/408 333/404/405 332/402/403
f 336/407/408 335/406/407 333/404/405
f 336/407/408 337/408/409 335/406/407
f 1480/409/410 336/407/408 1570/410/411
f 336/407/408 338/411/412 337/408/409
f 339/412/413 337/408/409 338/411/412
f 1544/413/414 338/411/412 1518/414/415
f 338/411/412 340/415/416 339/412/413
f 341/416/417 340/415/416 338/411/412
f 1481/417/418 341/416/417 1410/418/419
f 342/419/420 340/415/416 341/416/417
f 342/419/420 341/416/417 343/420/421
f 160/205/206 343/420/421 341/416/417
f 344/421/422 343/420/421 160/205/206
f 345/422/423 344/421/422 160/205/206
f 160/205/206 158/200/201 345/422/423
f 158/200/201 163/208/209 345/422/423
f 163/208/209 346/423/424 345/422/423
f 163/208/209 347/424/425 346/423/424
f 163/208/209 183/228/229 347/424/425
f 183/228/229 163/208/209 164/209/210
f 348/425/426 347/424/425 183/228/229
f 351/426/427 350/427/428 349/428/429
f 350/427/428 207/252/253 349/428/429
f 349/428/429 222/267/268 351/426/427
f 206/251/252 349/428/429 207/252/253
f 349/428/429 206/251/252 222/267/268
f 352/429/430 114/140/140 112/139/139
f 112/139/139 353/430/431 352/429/430
f 114/140/140 352/429/430 172/217/218
f 354/431/432 172/217/218 352/429/430
f 352/429/430 355/432/433 354/431/432
f 172/217/218 354/431/432 178/223/224
f 356/433/434 178/223/224 354/431/432
f 354/431/432 357/434/435 356/433/434
f 178/223/224 356/433/434 188/233/234
f 358/435/436 188/233/234 356/433/434
f 356/433/434 359/436/437 358/435/436
f 188/233/234 358/435/436 210/255/256
f 360/437/438 210/255/256 358/435/436
f 358/435/436 361/438/439 360/437/438
f 210/255/256 360/437/438 214/259/260
f 362/439/440 214/259/260 360/437/438
f 360/437/438 363/440/441 362/439/440
f 214/259/260 362/439/440 230/275/276
f 364/441/442 230/275/276 362/439/440
f 362/439/440 365/442/443 364/441/442
f 230/275/276 364/441/442 235/280/281
f 366/443/444 235/280/281 364/441/442
f 364/441/442 367/444/445 366/443/444
f 235/280/281 366/443/444 246/291/292
f 368/445/446 246/291/292 366/443/444
f 366/443/444 369/446/447 368/445/446
f 246/291/292 368/445/446 258/303/304
f 370/447/448 258/303/304 368/445/446
f 368/445/446 371/448/449 370/447/448
f 258/303/304 370/447/448 288/333/334
f 372/449/450 288/333/334 370/447/448
f 370/447/448 373/450/451 372/449/450
f 288/333/334 372/449/450 291/336/337
f 374/451/452 291/336/337 372/449/450
f 372/449/450 375/452/453 374/451/452
f 291/336/337 374/451/452 306/351/352
f 376/453/454 306/351/352 374/451/452
f 374/451/452 377/454/455 376/453/454
f 306/351/352 376/453/454 307/352/353
f 378/455/456 307/352/353 376/453/454
f 376/453/454 379/456/457 378/455/456
f 382/457/458 381/458/459 380/459/460
f 381/458/459 382/457/458 383/460/461
f 384/459/462 380/459/460 381/458/459
f 385/460/463 383/460/461 382/457/458
f 383/460/461 385/460/463 386/461/464
f 387/461/465 386/461/464 385/460/463
f 380/459/460 384/459/462 388/462/466
f 389/463/467 388/462/466 384/459/462
f 388/462/466 389/463/467 390/464/468
f 391/465/469 390/464/468 389/463/467
f 394/466/470 393/466/471 392/467/472
f 395/467/473 392/467/472 393/466/471
f 393/466/471 394/466/470 396/468/474
f 397/469/475 396/468/474 394/466/470
f 396/468/474 397/469/475 398/468/476
f 399/469/477 398/468/476 397/469/475
f 398/468/476 399/469/477 400/470/478
f 401/471/479 400/470/478 399/469/477
f 400/470/478 401/471/479 402/472/480
f 403/473/481 402/472/480 401/471/479
f 402/472/480 403/473/481 404/474/482
f 405/475/483 404/474/482 403/473/481
f 408/476/484 407/477/484 406/478/485
f 409/479/485 406/478/485 407/477/484
f 412/480/486 411/481/487 410/482/488
f 413/483/489 410/482/488 411/481/487
f 411/481/487 412/480/486 414/484/490
f 415/484/491 414/484/490 412/480/486
f 414/484/490 415/484/491 416/485/492
f 417/486/493 416/485/492 415/484/491
f 416/485/492 417/486/493 418/487/494
f 419/487/495 418/487/494 417/486/493
f 422/488/496 421/488/497 420/489/498
f 423/489/499 420/489/498 421/488/497
f 426/490/500 425/491/501 424/492/502
f 427/493/503 424/492/502 425/491/501
f 425/491/501 426/490/500 428/494/504
f 429/495/505 428/494/504 426/490/500
f 428/494/504 429/495/505 430/496/506
f 431/496/507 430/496/506 429/495/505
f 430/496/506 431/496/507 432/497/508
f 433/498/509 432/497/508 431/496/507
f 432/497/508 433/498/509 434/499/510
f 435/500/511 434/499/510 433/498/509
f 438/458/512 437/501/513 436/502/514
f 437/501/513 438/458/512 439/503/515
f 440/504/516 439/503/515 438/458/512
f 441/505/517 436/502/514 437/501/513
f 436/502/514 441/505/517 442/506/518
f 443/507/519 442/506/518 441/505/517
f 442/506/518 443/507/519 444/508/520
f 445/509/521 444/508/520 443/507/519
f 444/508/520 445/509/521 446/510/522
f 447/511/523 446/510/522 445/509/521
f 450/512/524 449/513/525 448/514/526
f 451/514/527 448/514/526 449/513/525
f 449/513/525 450/512/524 452/515/528
f 453/516/529 452/515/528 450/512/524
f 456/517/530 455/517/531 454/518/532
f 457/518/533 454/518/532 455/517/531
f 460/512/534 459/519/535 458/520/536
f 459/519/535 460/512/534 461/521/537
f 462/522/538 461/521/537 460/512/534
f 463/523/539 458/520/536 459/519/535
f 458/520/536 463/523/539 464/516/540
f 465/524/541 464/516/540 463/523/539
f 468/525/542 467/526/543 466/527/544
f 469/528/545 466/527/544 467/526/543
f 467/526/543 468/525/542 470/529/546
f 471/529/547 470/529/546 468/525/542
f 470/529/546 471/529/547 472/530/548
f 473/530/549 472/530/548 471/529/547
f 472/530/548 473/530/549 474/531/550
f 475/531/551 474/531/550 473/530/549
f 474/531/550 475/531/551 476/532/552
f 477/518/553 476/532/552 475/531/551
f 480/533/554 479/533/555 478/534/556
f 481/535/557 478/534/556 479/533/555
f 479/533/555 480/533/554 482/536/558
f 483/537/559 482/536/558 480/533/554
f 482/536/558 483/537/559 484/538/560
f 485/539/561 484/538/560 483/537/559
f 484/538/560 485/539/561 486/540/562
f 487/541/563 486/540/562 485/539/561
f 486/540/562 487/541/563 488/542/564
f 489/542/565 488/542/564 487/541/563
f 488/542/564 489/542/565 490/543/566
f 491/543/567 490/543/566 489/542/565
f 494/544/568 493/544/569 492/545/570
f 493/544/569 494/544/568 495/546/571
f 496/545/572 492/545/570 493/544/569
f 497/546/573 495/546/571 494/544/568
f 495/546/571 497/546/573 498/547/574
f 499/547/575 498/547/574 497/546/573
f 492/545/570 496/545/572 500/548/576
f 501/548/577 500/548/576 496/545/572
f 500/548/576 501/548/577 502/549/578
f 503/550/579 502/549/578 501/548/577
f 506/551/580 505/551/581 504/552/582
f 505/551/581 506/551/580 507/553/583
f 508/554/584 504/552/582 505/551/581
f 504/552/582 508/554/584 509/555/585
f 510/555/586 509/555/585 508/554/584
f 511/541/587 507/553/583 506/551/580
f 507/553/583 511/541/587 512/477/588
f 513/539/589 512/477/588 511/541/587
f 512/477/588 513/539/589 514/556/590
f 515/537/591 514/556/590 513/539/589
f 514/556/590 515/537/591 516/479/592
f 517/479/593 516/479/592 515/537/591
f 516/479/592 517/479/593 518/557/594
f 519/557/595 518/557/594 517/479/593
f 518/557/594 519/557/595 520/558/596
f 521/559/597 520/558/596 519/557/595
f 1571/560/598 1572/561/599 522/562/600
f 1573/563/601 1412/564/602 524/565/603
f 528/566/604 527/566/605 526/567/606
f 529/505/607 526/567/606 527/566/605
f 527/566/605 528/566/604 530/568/608
f 531/568/609 530/568/608 528/566/604
f 530/568/608 531/568/609 532/569/610
f 533/570/611 532/569/610 531/568/609
f 536/571/612 535/571/613 534/572/614
f 537/572/615 534/572/614 535/571/613
f 540/573/616 539/573/617 538/574/618
f 541/574/619 538/574/618 539/573/617
f 539/573/617 540/573/616 542/575/620
f 543/575/621 542/575/620 540/573/616
f 546/576/622 545/577/623 544/576/624
f 547/576/625 545/577/623 546/576/622
f 548/576/626 545/577/623 547/576/625
f 549/577/627 544/576/624 545/577/623
f 544/576/624 549/577/627 550/576/628
f 550/576/628 549/577/627 551/576/629
f 554/578/630 553/579/630 552/580/630
f 557/581/631 556/581/632 555/581/633
f 558/581/634 555/581/633 556/581/632
f 559/581/635 557/581/631 555/581/633
f 560/581/636 557/581/631 559/581/635
f 561/581/637 557/581/631 560/581/636
f 562/582/638 557/581/631 561/581/637
f 563/582/639 557/581/631 562/582/638
f 1508/580/640 566/580/641 1519/580/642
f 574/583/643 572/579/644 571/583/645
f 575/583/646 572/579/644 574/583/643
f 576/583/647 572/579/644 575/583/646
f 577/584/648 572/579/644 576/583/647
f 577/584/648 578/584/649 572/579/644
f 579/580/650 572/579/644 578/584/649
f 582/585/651 581/586/652 580/587/653
f 580/587/653 581/586/652 583/587/654
f 581/586/652 582/585/651 584/586/655
f 585/585/656 584/586/655 582/585/651
f 581/586/652 586/588/657 583/587/654
f 587/587/658 583/587/654 586/588/657
f 587/587/658 586/588/657 588/587/659
f 591/589/660 590/589/661 589/589/662
f 592/589/663 590/589/661 591/589/660
f 592/589/663 593/578/664 590/589/661
f 594/578/665 590/589/661 593/578/664
f 595/578/666 594/578/665 593/578/664
f 596/578/667 594/578/665 595/578/666
f 597/578/668 594/578/665 596/578/667
f 599/582/669 598/582/670 594/578/671
f 599/582/669 600/582/672 598/582/670
f 603/584/673 602/590/674 601/584/675
f 603/584/673 604/584/676 602/590/674
f 1511/591/677 602/590/674 604/584/676 1547/584/678
f 614/589/679 613/589/680 612/589/681
f 615/589/682 613/589/680 614/589/679
f 616/589/683 613/589/680 615/589/682
f 616/589/683 617/589/684 613/589/680
f 618/589/685 613/589/680 617/589/684
f 619/589/686 618/589/685 617/589/684
f 622/587/687 621/588/688 620/587/689
f 623/587/690 621/588/688 622/587/687
f 623/587/690 624/587/691 621/588/688
f 625/588/692 621/588/688 624/587/691
f 620/587/689 621/588/688 626/584/693
f 627/580/694 626/584/693 621/588/688
f 626/584/693 627/580/694 628/584/695
f 631/592/696 630/589/697 629/592/698
f 629/592/698 630/589/697 632/592/699
f 635/576/700 634/576/701 633/576/702
f 635/576/700 636/576/703 634/576/701
f 637/576/704 634/576/701 636/576/703
f 638/576/705 637/576/704 636/576/703
f 639/576/706 637/576/704 638/576/705
f 640/576/707 637/576/704 639/576/706
f 641/576/708 637/576/704 640/576/707
f 1578/593/709 642/594/710 1548/595/711
f 1579/596/712 1551/597/713 645/594/714
f 647/598/715 645/594/714 646/598/716
f 648/598/717 645/594/714 647/598/715
f 649/598/718 645/594/714 648/598/717
f 650/598/719 645/594/714 649/598/718
f 650/598/719 651/598/720 645/594/714
f 652/579/721 645/594/714 651/598/720
f 653/583/722 652/579/721 651/598/720
f 656/580/723 655/588/724 654/588/725
f 656/580/723 654/588/725 657/580/726
f 664/592/727 663/582/727 662/578/727
f 666/590/728 665/587/729 667/584/730
f 670/599/731 669/599/731 668/592/731
f 673/592/732 672/599/733 671/599/734
f 673/592/732 671/599/734 674/581/735
f 676/600/736 675/583/737 677/598/738
f 676/600/736 677/598/738 678/598/739
f 681/601/740 680/602/741 679/603/741
f 680/602/741 682/604/742 679/603/741
f 683/605/743 682/604/742 680/602/741
f 685/606/744 684/607/745 679/603/741
f 686/608/746 685/606/744 679/603/741
f 682/604/742 686/608/746 679/603/741
f 687/609/747 685/606/744 686/608/746
f 689/610/748 688/611/749 682/604/742
f 690/612/750 686/608/746 682/604/742
f 688/611/749 690/612/750 682/604/742
f 691/613/751 686/608/746 690/612/750
f 692/614/752 686/608/746 691/613/751
f 693/615/753 691/613/751 690/612/750
f 694/616/754 690/612/750 688/611/749
f 695/617/755 690/612/750 694/616/754
f 696/618/756 694/616/754 688/611/749
f 699/601/757 698/602/758 697/603/759
f 698/602/758 700/604/760 697/603/759
f 701/605/761 700/604/760 698/602/758
f 703/606/762 702/607/763 697/603/759
f 704/608/764 703/606/762 697/603/759
f 700/604/760 704/608/764 697/603/759
f 705/609/765 703/606/762 704/608/764
f 707/610/766 706/611/767 700/604/760
f 708/612/768 704/608/764 700/604/760
f 706/611/767 708/612/768 700/604/760
f 709/613/769 704/608/764 708/612/768
f 710/614/770 704/608/764 709/613/769
f 711/615/771 709/613/769 708/612/768
f 712/616/772 708/612/768 706/611/767
f 713/617/773 708/612/768 712/616/772
f 714/618/774 712/616/772 706/611/767
f 717/619/775 716/620/776 715/621/777
f 716/620/776 717/619/775 718/622/778
f 719/623/779 718/622/778 717/619/775
f 719/623/779 720/624/780 718/622/778
f 716/620/776 721/625/781 715/621/777
f 722/626/782 715/621/777 721/625/781
f 718/622/778 723/627/783 716/620/776
f 721/625/781 716/620/776 723/627/783
f 724/628/784 718/622/778 720/624/780
f 718/622/778 724/628/784 723/627/783
f 725/629/785 724/628/784 720/624/780
f 722/626/782 721/625/781 726/630/786
f 726/630/786 721/625/781 727/631/787
f 726/630/786 727/631/787 728/632/788
f 729/631/789 727/631/787 721/625/781
f 729/631/789 728/632/788 727/631/787
f 729/631/789 721/625/781 730/633/790
f 729/631/789 730/633/790 728/632/788
f 723/627/783 730/633/790 721/625/781
f 731/634/791 728/632/788 730/633/790
f 730/633/790 732/635/792 731/634/791
f 730/633/790 723/627/783 732/635/792
f 733/636/793 731/634/791 732/635/792
f 734/637/794 732/635/792 723/627/783
f 734/637/794 723/627/783 724/628/784
f 732/635/792 735/638/795 733/636/793
f 732/635/792 734/637/794 735/638/795
f 724/628/784 736/639/796 734/637/794
f 736/639/796 724/628/784 725/629/785
f 737/640/797 735/638/795 734/637/794
f 737/640/797 734/637/794 736/639/796
f 738/641/798 733/636/793 735/638/795
f 738/641/798 739/642/799 733/636/793
f 739/642/799 738/641/798 740/643/800
f 735/638/795 741/644/801 738/641/798
f 735/638/795 737/640/797 741/644/801
f 742/645/802 740/643/800 738/641/798
f 742/645/802 738/641/798 741/644/801
f 742/645/802 743/646/803 740/643/800
f 744/647/804 740/643/800 743/646/803
f 744/647/804 743/646/803 745/648/805
f 743/646/803 742/645/802 746/649/806
f 741/644/801 746/649/806 742/645/802
f 747/650/807 745/648/805 743/646/803
f 743/646/803 746/649/806 747/650/807
f 745/648/805 747/650/807 748/651/808
f 749/652/809 747/650/807 746/649/806
f 750/653/810 748/651/808 747/650/807
f 747/650/807 749/652/809 750/653/810
f 748/651/808 750/653/810 751/654/811
f 746/649/806 741/644/801 752/655/812
f 746/649/806 752/655/812 749/652/809
f 753/656/813 752/655/812 741/644/801
f 753/656/813 741/644/801 737/640/797
f 737/640/797 736/639/796 753/656/813
f 754/657/814 753/656/813 736/639/796
f 736/639/796 725/629/785 754/657/814
f 755/658/815 754/657/814 725/629/785
f 755/658/815 756/659/816 754/657/814
f 754/657/814 757/660/817 753/656/813
f 757/660/817 754/657/814 756/659/816
f 752/655/812 753/656/813 757/660/817
f 757/660/817 756/659/816 758/661/818
f 752/655/812 757/660/817 759/662/819
f 758/661/818 759/662/819 757/660/817
f 759/662/819 749/652/809 752/655/812
f 760/663/820 758/661/818 756/659/816
f 759/662/819 761/664/821 749/652/809
f 759/662/819 758/661/818 761/664/821
f 758/661/818 760/663/820 762/665/822
f 762/665/822 761/664/821 758/661/818
f 763/666/823 762/665/822 760/663/820
f 764/667/824 749/652/809 761/664/821
f 764/667/824 750/653/810 749/652/809
f 761/664/821 762/665/822 765/668/825
f 762/665/822 763/666/823 766/669/826
f 766/669/826 765/668/825 762/665/822
f 767/670/827 766/669/826 763/666/823
f 767/670/827 768/671/828 766/669/826
f 769/672/829 766/669/826 768/671/828
f 766/669/826 769/672/829 765/668/825
f 768/671/828 770/673/830 769/672/829
f 765/668/825 771/674/831 761/664/821
f 764/667/824 761/664/821 771/674/831
f 772/675/832 765/668/825 769/672/829
f 771/674/831 765/668/825 773/676/833
f 772/675/832 773/676/833 765/668/825
f 771/674/831 774/677/834 764/667/824
f 750/653/810 764/667/824 774/677/834
f 771/674/831 773/676/833 774/677/834
f 774/677/834 751/654/811 750/653/810
f 774/677/834 775/678/835 751/654/811
f 775/678/835 774/677/834 773/676/833
f 776/679/836 751/654/811 775/678/835
f 775/678/835 777/680/837 776/679/836
f 775/678/835 773/676/833 777/680/837
f 778/681/838 776/679/836 777/680/837
f 778/681/838 777/680/837 779/682/839
f 780/683/840 777/680/837 773/676/833
f 773/676/833 772/675/832 780/683/840
f 781/684/841 779/682/839 777/680/837
f 777/680/837 780/683/840 781/684/841
f 779/682/839 781/684/841 782/685/842
f 783/686/843 781/684/841 780/683/840
f 784/687/844 782/685/842 781/684/841
f 781/684/841 783/686/843 784/687/844
f 785/688/845 780/683/840 772/675/832
f 780/683/840 785/688/845 783/686/843
f 786/689/846 784/687/844 783/686/843
f 785/688/845 772/675/832 787/690/847
f 769/672/829 787/690/847 772/675/832
f 787/690/847 769/672/829 770/673/830
f 785/688/845 787/690/847 788/691/848
f 788/691/848 783/686/843 785/688/845
f 787/690/847 770/673/830 789/692/849
f 789/692/849 788/691/848 787/690/847
f 790/693/850 789/692/849 770/673/830
f 788/691/848 791/694/851 783/686/843
f 788/691/848 789/692/849 791/694/851
f 786/689/846 783/686/843 791/694/851
f 789/692/849 790/693/850 792/695/852
f 792/695/852 791/694/851 789/692/849
f 793/696/853 792/695/852 790/693/850
f 786/689/846 791/694/851 794/697/854
f 786/689/846 794/697/854 784/687/844
f 792/695/852 795/698/855 791/694/851
f 792/695/852 793/696/853 795/698/855
f 796/699/856 794/697/854 791/694/851
f 796/699/856 791/694/851 795/698/855
f 797/700/857 784/687/844 794/697/854
f 784/687/844 797/700/857 782/685/842
f 798/701/858 782/685/842 797/700/857
f 797/700/857 799/702/859 798/701/858
f 797/700/857 794/697/854 799/702/859
f 800/703/860 798/701/858 799/702/859
f 801/704/861 799/702/859 794/697/854
f 794/697/854 796/699/856 801/704/861
f 796/699/856 795/698/855 802/705/862
f 802/705/862 801/704/861 796/699/856
f 803/706/863 795/698/855 793/696/853
f 804/707/864 803/706/863 793/696/853
f 795/698/855 803/706/863 805/708/865
f 805/708/865 802/705/862 795/698/855
f 804/707/864 806/709/866 803/706/863
f 805/708/865 803/706/863 806/709/866
f 807/710/867 806/709/866 804/707/864
f 807/710/867 808/711/868 806/709/866
f 805/708/865 806/709/866 809/712/869
f 809/712/869 806/709/866 808/711/868
f 805/708/865 809/712/869 802/705/862
f 808/711/868 810/713/870 809/712/869
f 812/714/871 811/715/872 810/713/870
f 813/716/873 810/713/870 811/715/872
f 813/716/873 809/712/869 810/713/870
f 811/715/872 814/717/874 813/716/873
f 815/718/875 802/705/862 809/712/869
f 809/712/869 813/716/873 815/718/875
f 816/719/876 813/716/873 814/717/874
f 816/719/876 815/718/875 813/716/873
f 814/717/874 817/720/877 816/719/876
f 815/718/875 818/721/878 802/705/862
f 816/719/876 819/722/879 815/718/875
f 819/722/879 816/719/876 817/720/877
f 818/721/878 815/718/875 819/722/879
f 801/704/861 802/705/862 818/721/878
f 819/722/879 817/720/877 820/723/880
f 819/722/879 820/723/880 818/721/878
f 821/724/881 820/723/880 817/720/877
f 818/721/878 822/725/882 801/704/861
f 822/725/882 818/721/878 820/723/880
f 823/726/883 801/704/861 822/725/882
f 820/723/880 821/724/881 824/727/884
f 820/723/880 824/727/884 822/725/882
f 825/728/885 824/727/884 821/724/881
f 826/729/886 822/725/882 824/727/884
f 822/725/882 826/729/886 823/726/883
f 800/703/860 823/726/883 826/729/886
f 829/730/887 828/731/888 827/732/889
f 830/733/890 827/732/889 828/731/888
f 827/732/889 830/733/890 831/734/891
f 832/735/892 831/734/891 830/733/890
f 830/733/890 828/731/888 832/735/892
f 831/734/891 834/736/893 833/737/894
f 834/736/893 831/734/891 835/738/895
f 831/734/891 832/735/892 835/738/895
f 835/738/895 836/739/896 834/736/893
f 837/740/897 832/735/892 828/731/888
f 832/735/892 837/740/897 835/738/895
f 835/738/895 838/741/898 836/739/896
f 838/741/898 835/738/895 837/740/897
f 839/742/899 836/739/896 838/741/898
f 837/740/897 828/731/888 840/743/900
f 837/740/897 840/743/900 838/741/898
f 828/731/888 829/730/887 841/744/901
f 841/744/901 840/743/900 828/731/888
f 842/745/902 841/744/901 829/730/887
f 838/741/898 843/746/903 839/742/899
f 843/746/903 838/741/898 840/743/900
f 844/747/904 839/742/899 843/746/903
f 840/743/900 841/744/901 845/748/905
f 840/743/900 845/748/905 843/746/903
f 841/744/901 842/745/902 846/749/906
f 846/749/906 845/748/905 841/744/901
f 847/750/907 846/749/906 842/745/902
f 843/746/903 848/751/908 844/747/904
f 848/751/908 843/746/903 845/748/905
f 849/752/909 844/747/904 848/751/908
f 849/752/909 848/751/908 850/753/910
f 848/751/908 845/748/905 851/754/911
f 851/754/911 850/753/910 848/751/908
f 845/748/905 846/749/906 852/755/912
f 852/755/912 851/754/911 845/748/905
f 846/749/906 847/750/907 853/756/913
f 853/756/913 852/755/912 846/749/906
f 854/757/914 853/756/913 847/750/907
f 852/755/912 855/758/915 851/754/911
f 852/755/912 853/756/913 855/758/915
f 851/754/911 856/759/916 850/753/910
f 856/759/916 851/754/911 855/758/915
f 857/760/917 850/753/910 856/759/916
f 857/760/917 856/759/916 858/761/918
f 853/756/913 854/757/914 859/762/919
f 859/762/919 855/758/915 853/756/913
f 860/763/920 859/762/919 854/757/914
f 861/764/921 858/761/918 856/759/916
f 856/759/916 855/758/915 861/764/921
f 858/761/918 861/764/921 862/765/922
f 855/758/915 859/762/919 863/766/923
f 863/766/923 861/764/921 855/758/915
f 859/762/919 860/763/920 864/767/924
f 864/767/924 863/766/923 859/762/919
f 865/768/925 864/767/924 860/763/920
f 866/769/926 862/765/922 861/764/921
f 861/764/921 863/766/923 866/769/926
f 862/765/922 866/769/926 867/770/927
f 863/766/923 864/767/924 868/771/928
f 868/771/928 866/769/926 863/766/923
f 864/767/924 865/768/925 869/772/929
f 869/772/929 868/771/928 864/767/924
f 870/773/930 869/772/929 865/768/925
f 871/774/931 867/770/927 866/769/926
f 866/769/926 868/771/928 871/774/931
f 869/772/929 870/773/930 872/775/932
f 868/771/928 869/772/929 873/776/933
f 873/776/933 871/774/931 868/771/928
f 872/775/932 873/776/933 869/772/929
f 874/777/934 872/775/932 870/773/930
f 873/776/933 875/778/935 871/774/931
f 873/776/933 872/775/932 875/778/935
f 871/774/931 876/779/936 867/770/927
f 876/779/936 871/774/931 875/778/935
f 877/780/937 867/770/927 876/779/936
f 877/780/937 876/779/936 878/781/938
f 879/782/939 878/781/938 876/779/936
f 876/779/936 875/778/935 879/782/939
f 878/781/938 879/782/939 880/783/940
f 881/784/941 875/778/935 872/775/932
f 882/785/942 880/783/940 879/782/939
f 872/775/932 874/777/934 883/786/943
f 881/784/941 872/775/932 883/786/943
f 874/777/934 884/787/944 883/786/943
f 883/786/943 884/787/944 885/788/945
f 883/786/943 885/788/945 881/784/941
f 886/789/946 885/788/945 884/787/944
f 887/790/947 879/782/939 875/778/935
f 875/778/935 881/784/941 887/790/947
f 879/782/939 887/790/947 882/785/942
f 888/791/948 881/784/941 885/788/945
f 888/791/948 887/790/947 881/784/941
f 885/788/945 886/789/946 889/792/949
f 890/793/950 889/792/949 886/789/946
f 888/791/948 885/788/945 891/794/951
f 889/792/949 891/794/951 885/788/945
f 887/790/947 888/791/948 892/795/952
f 892/795/952 882/785/942 887/790/947
f 891/794/951 892/795/952 888/791/948
f 889/792/949 890/793/950 893/796/953
f 894/797/954 893/796/953 890/793/950
f 894/797/954 895/798/955 893/796/953
f 893/796/953 896/799/956 889/792/949
f 891/794/951 889/792/949 896/799/956
f 897/800/957 893/796/953 895/798/955
f 893/796/953 897/800/957 896/799/956
f 895/798/955 898/801/958 897/800/957
f 896/799/956 899/802/959 891/794/951
f 892/795/952 891/794/951 899/802/959
f 900/803/960 896/799/956 897/800/957
f 896/799/956 900/803/960 899/802/959
f 901/804/961 897/800/957 898/801/958
f 897/800/957 901/804/961 900/803/960
f 898/801/958 902/805/962 901/804/961
f 899/802/959 903/806/963 892/795/952
f 882/785/942 892/795/952 903/806/963
f 904/807/964 901/804/961 902/805/962
f 902/805/962 905/808/965 904/807/964
f 906/809/966 900/803/960 901/804/961
f 901/804/961 904/807/964 906/809/966
f 907/810/967 899/802/959 900/803/960
f 900/803/960 906/809/966 907/810/967
f 903/806/963 899/802/959 908/811/968
f 907/810/967 908/811/968 899/802/959
f 903/806/963 909/812/969 882/785/942
f 880/783/940 882/785/942 909/812/969
f 903/806/963 910/811/970 909/812/969
f 911/813/971 909/812/969 910/811/970
f 912/814/972 909/812/969 911/813/971
f 910/811/970 913/815/973 911/813/971
f 907/810/967 914/816/974 908/811/968
f 914/816/974 907/810/967 906/809/966
f 915/817/975 913/815/973 908/811/968
f 915/817/975 908/811/968 914/816/974
f 913/815/973 916/818/976 911/813/971
f 917/814/977 911/813/971 916/818/976
f 917/814/977 916/818/976 918/819/978
f 918/819/978 916/818/976 919/820/979
f 913/815/973 920/821/980 916/818/976
f 920/821/980 919/820/979 916/818/976
f 913/815/973 915/817/975 920/821/980
f 919/820/979 920/821/980 921/822/981
f 922/823/982 921/822/981 920/821/980
f 920/821/980 923/824/983 922/823/982
f 923/824/983 920/821/980 915/817/975
f 924/825/984 922/823/982 923/824/983
f 923/824/983 915/817/975 925/826/985
f 914/816/974 925/826/985 915/817/975
f 921/822/981 927/827/986 926/828/987
f 928/829/988 926/828/987 927/827/986
f 927/827/986 924/825/984 928/829/988
f 929/830/989 928/829/988 924/825/984
f 929/830/989 924/825/984 930/831/990
f 924/825/984 923/824/983 931/832/991
f 931/832/991 930/831/990 924/825/984
f 925/826/985 931/832/991 923/824/983
f 930/831/990 931/832/991 932/833/992
f 933/834/993 932/833/992 931/832/991
f 931/832/991 925/826/985 933/834/993
f 932/833/992 933/834/993 934/835/994
f 925/826/985 914/816/974 935/836/995
f 935/836/995 933/834/993 925/826/985
f 906/809/966 935/836/995 914/816/974
f 935/836/995 906/809/966 904/807/964
f 933/834/993 935/836/995 936/837/996
f 904/807/964 936/837/996 935/836/995
f 936/837/996 934/835/994 933/834/993
f 936/837/996 904/807/964 905/808/965
f 934/835/994 936/837/996 937/838/997
f 905/808/965 937/838/997 936/837/996
f 940/839/998 939/840/998 938/841/999
f 939/840/998 940/839/998 941/842/1000
f 942/843/999 938/841/999 939/840/998
f 943/844/1001 941/842/1000 940/839/998
f 938/841/999 942/843/999 944/845/1002
f 941/842/1000 943/844/1001 945/846/1003
f 946/847/1002 944/845/1002 942/843/999
f 947/848/1003 945/846/1003 943/844/1001
f 944/845/1002 946/847/1002 948/849/1004
f 945/846/1003 947/848/1003 949/850/1005
f 950/851/1006 948/849/1004 946/847/1002
f 951/852/1005 949/850/1005 947/848/1003
f 949/850/1005 951/852/1005 952/853/1007
f 953/854/1007 952/853/1007 951/852/1005
f 948/849/1004 950/851/1006 954/855/1008
f 955/856/1008 954/855/1008 950/851/1006
f 954/855/1008 955/856/1008 956/857/1009
f 957/858/1009 956/857/1009 955/856/1008
f 956/857/1009 957/858/1009 958/859/1010
f 959/860/1010 958/859/1010 957/858/1009
f 958/859/1010 959/860/1010 960/861/1011
f 961/862/1011 960/861/1011 959/860/1010
f 960/861/1011 961/862/1011 962/863/1012
f 963/864/1013 962/863/1012 961/862/1011
f 962/863/1012 963/864/1013 964/865/1014
f 965/866/1014 964/865/1014 963/864/1013
f 964/865/1014 965/866/1014 966/867/1015
f 967/868/1015 966/867/1015 965/866/1014
f 966/867/1015 967/868/1015 968/869/1016
f 969/870/1016 968/869/1016 967/868/1015
f 968/869/1016 969/870/1016 970/871/1017
f 971/872/1018 970/871/1017 969/870/1016
f 970/871/1017 971/872/1018 972/873/1019
f 973/874/1019 972/873/1019 971/872/1018
f 972/873/1019 973/874/1019 974/875/1020
f 975/876/1021 974/875/1020 973/874/1019
f 1581/877/1022 1553/878/1023 976/643/1024
f 1483/879/1025 977/644/1026 1554/880/1027
f 1483/879/1025 1526/881/1028 977/644/1026
f 978/645/1029 979/646/1030 976/643/1024
f 980/647/1031 976/643/1024 979/646/1030
f 980/647/1031 979/646/1030 981/648/1032
f 979/646/1030 978/645/1029 982/649/1033
f 977/644/1026 982/649/1033 978/645/1029
f 983/650/1034 981/648/1032 979/646/1030
f 979/646/1030 982/649/1033 983/650/1034
f 981/648/1032 983/650/1034 984/651/1035
f 985/652/1036 983/650/1034 982/649/1033
f 986/653/1037 984/651/1035 983/650/1034
f 983/650/1034 985/652/1036 986/653/1037
f 984/651/1035 986/653/1037 987/654/1038
f 1439/882/1039 1437/883/1040 977/644/1026
f 1439/882/1039 977/644/1026 1526/881/1028
f 1440/884/1041 985/652/1036 1438/885/1042
f 1440/884/1041 1441/886/1043 985/652/1036
f 988/667/1044 986/653/1037 985/652/1036
f 1442/887/1045 989/674/1046 1528/888/1047
f 989/674/1046 992/677/1048 988/667/1044
f 986/653/1037 988/667/1044 992/677/1048
f 989/674/1046 991/676/1049 992/677/1048
f 992/677/1048 987/654/1038 986/653/1037
f 992/677/1048 993/678/1050 987/654/1038
f 993/678/1050 992/677/1048 991/676/1049
f 994/679/1051 987/654/1038 993/678/1050
f 993/678/1050 995/680/1052 994/679/1051
f 993/678/1050 991/676/1049 995/680/1052
f 996/681/1053 994/679/1051 995/680/1052
f 996/681/1053 995/680/1052 997/682/1054
f 998/683/1055 995/680/1052 991/676/1049
f 991/676/1049 990/675/1056 998/683/1055
f 999/684/1057 997/682/1054 995/680/1052
f 995/680/1052 998/683/1055 999/684/1057
f 997/682/1054 999/684/1057 1000/685/1058
f 1001/686/1059 999/684/1057 998/683/1055
f 1002/687/1060 1000/685/1058 999/684/1057
f 999/684/1057 1001/686/1059 1002/687/1060
f 1003/688/1061 998/683/1055 990/675/1056
f 998/683/1055 1003/688/1061 1001/686/1059
f 1004/689/1062 1002/687/1060 1001/686/1059
f 1529/889/1063 1417/890/1064 990/675/1056
f 1005/691/1065 1001/686/1059 1003/688/1061
f 1418/891/1066 1005/691/1065 1582/892/1067
f 1005/691/1065 1006/694/1068 1001/686/1059
f 1004/689/1062 1001/686/1059 1006/694/1068
f 1484/893/1069 1006/694/1068 1445/894/1070
f 1004/689/1062 1006/694/1068 1007/697/1071
f 1004/689/1062 1007/697/1071 1002/687/1060
f 1484/893/1069 1485/895/1072 1006/694/1068
f 1008/699/1073 1007/697/1071 1006/694/1068
f 1009/700/1074 1002/687/1060 1007/697/1071
f 1002/687/1060 1009/700/1074 1000/685/1058
f 1010/701/1075 1000/685/1058 1009/700/1074
f 1009/700/1074 1011/702/1076 1010/701/1075
f 1009/700/1074 1007/697/1071 1011/702/1076
f 1012/703/1077 1010/701/1075 1011/702/1076
f 1013/704/1078 1011/702/1076 1007/697/1071
f 1007/697/1071 1008/699/1073 1013/704/1078
f 1014/705/1079 1013/704/1078 1008/699/1073
f 1557/896/1080 1014/705/1079 1584/897/1081
f 1446/898/1082 1468/899/1083 1017/712/1084
f 1446/898/1082 1017/712/1084 1014/705/1079 1557/896/1080
f 1016/711/1085 1018/713/1086 1017/712/1084
f 1020/714/1087 1019/715/1088 1018/713/1086
f 1021/716/1089 1018/713/1086 1019/715/1088
f 1021/716/1089 1017/712/1084 1018/713/1086
f 1019/715/1088 1022/717/1090 1021/716/1089
f 1023/718/1091 1014/705/1079 1017/712/1084
f 1017/712/1084 1021/716/1089 1023/718/1091
f 1024/719/1092 1021/716/1089 1022/717/1090
f 1024/719/1092 1023/718/1091 1021/716/1089
f 1022/717/1090 1025/720/1093 1024/719/1092
f 1023/718/1091 1026/721/1094 1014/705/1079
f 1024/719/1092 1027/722/1095 1023/718/1091
f 1027/722/1095 1024/719/1092 1025/720/1093
f 1026/721/1094 1023/718/1091 1027/722/1095
f 1013/704/1078 1014/705/1079 1026/721/1094
f 1027/722/1095 1025/720/1093 1028/723/1096
f 1027/722/1095 1028/723/1096 1026/721/1094
f 1029/724/1097 1028/723/1096 1025/720/1093
f 1026/721/1094 1030/725/1098 1013/704/1078
f 1030/725/1098 1026/721/1094 1028/723/1096
f 1031/726/1099 1013/704/1078 1030/725/1098
f 1028/723/1096 1029/724/1097 1032/727/1100
f 1028/723/1096 1032/727/1100 1030/725/1098
f 1033/728/1101 1032/727/1100 1029/724/1097
f 1034/729/1102 1030/725/1098 1032/727/1100
f 1030/725/1098 1034/729/1102 1031/726/1099
f 1012/703/1077 1031/726/1099 1034/729/1102
f 1447/900/1103 1469/901/1104 1035/755/1105
f 1470/902/1106 1486/903/1107 1036/756/1108
f 1035/755/1105 1036/756/1108 1038/758/1109
f 1488/904/1110 1586/905/1111 1038/758/1109
f 1036/756/1108 1037/757/1112 1039/762/1113
f 1039/762/1113 1038/758/1109 1036/756/1108
f 1040/763/1114 1039/762/1113 1037/757/1112
f 1488/904/1110 1038/758/1109 1489/906/1115
f 1038/758/1109 1039/762/1113 1041/766/1116
f 1039/762/1113 1040/763/1114 1042/767/1117
f 1042/767/1117 1041/766/1116 1039/762/1113
f 1043/768/1118 1042/767/1117 1040/763/1114
f 1448/907/1119 1041/766/1116 1490/908/1120
f 1041/766/1116 1042/767/1117 1044/771/1121
f 1042/767/1117 1043/768/1118 1045/772/1122
f 1045/772/1122 1044/771/1121 1042/767/1117
f 1046/773/1123 1045/772/1122 1043/768/1118
f 1558/909/1124 1044/771/1121 1420/910/1125
f 1045/772/1122 1046/773/1123 1047/775/1126
f 1044/771/1121 1045/772/1122 1048/776/1127
f 1047/775/1126 1048/776/1127 1045/772/1122
f 1049/777/1128 1047/775/1126 1046/773/1123
f 1048/776/1127 1047/775/1126 1050/778/1129
f 1587/911/1130 1492/912/1131 1050/778/1129
f 1587/911/1130 1050/778/1129 1588/913/1132
f 1051/784/1133 1050/778/1129 1047/775/1126
f 1047/775/1126 1049/777/1128 1052/786/1134
f 1051/784/1133 1047/775/1126 1052/786/1134
f 1049/777/1128 1053/787/1135 1052/786/1134
f 1052/786/1134 1053/787/1135 1054/788/1136
f 1052/786/1134 1054/788/1136 1051/784/1133
f 1055/789/1137 1054/788/1136 1053/787/1135
f 1050/778/1129 1051/784/1133 1056/790/1138
f 1493/914/1139 1056/790/1138 1559/915/1140
f 1057/791/1141 1051/784/1133 1054/788/1136
f 1057/791/1141 1056/790/1138 1051/784/1133
f 1054/788/1136 1055/789/1137 1058/792/1142
f 1059/793/1143 1058/792/1142 1055/789/1137
f 1057/791/1141 1054/788/1136 1060/794/1144
f 1058/792/1142 1060/794/1144 1054/788/1136
f 1056/790/1138 1057/791/1141 1061/795/1145
f 1060/794/1144 1061/795/1145 1057/791/1141
f 1058/792/1142 1059/793/1143 1062/796/1146
f 1063/797/1147 1062/796/1146 1059/793/1143
f 1063/797/1147 1064/798/1148 1062/796/1146
f 1062/796/1146 1065/799/1149 1058/792/1142
f 1060/794/1144 1058/792/1142 1065/799/1149
f 1066/800/1150 1062/796/1146 1064/798/1148
f 1062/796/1146 1066/800/1150 1065/799/1149
f 1064/798/1148 1067/801/1151 1066/800/1150
f 1065/799/1149 1068/802/1152 1060/794/1144
f 1061/795/1145 1060/794/1144 1068/802/1152
f 1069/803/1153 1065/799/1149 1066/800/1150
f 1065/799/1149 1069/803/1153 1068/802/1152
f 1070/804/1154 1066/800/1150 1067/801/1151
f 1066/800/1150 1070/804/1154 1069/803/1153
f 1067/801/1151 1071/805/1155 1070/804/1154
f 1560/916/1156 1061/795/1145 1421/917/1157
f 1072/807/1158 1070/804/1154 1071/805/1155
f 1071/805/1155 1073/808/1159 1072/807/1158
f 1074/809/1160 1069/803/1153 1070/804/1154
f 1070/804/1154 1072/807/1158 1074/809/1160
f 1075/810/1161 1068/802/1152 1069/803/1153
f 1069/803/1153 1074/809/1160 1075/810/1161
f 1589/918/1162 1068/802/1152 1076/811/1163 1494/919/1164
f 1075/810/1161 1076/811/1163 1068/802/1152
f 1495/919/1165 1077/811/1166 1449/920/1167
f 1471/921/1168 1449/920/1167 1077/811/1166
f 1075/810/1161 1079/816/1169 1076/811/1163
f 1079/816/1169 1075/810/1161 1074/809/1160
f 1080/817/1170 1078/815/1171 1076/811/1163
f 1080/817/1170 1076/811/1163 1079/816/1169
f 1422/922/1172 1497/923/1173 1081/818/1174
f 1422/922/1172 1081/818/1174 1082/819/1175 1450/924/1176
f 1082/819/1175 1081/818/1174 1083/820/1177
f 1078/815/1171 1084/821/1178 1081/818/1174
f 1084/821/1178 1083/820/1177 1081/818/1174
f 1078/815/1171 1080/817/1170 1084/821/1178
f 1083/820/1177 1084/821/1178 1085/822/1179
f 1086/823/1180 1085/822/1179 1084/821/1178
f 1084/821/1178 1087/824/1181 1086/823/1180
f 1087/824/1181 1084/821/1178 1080/817/1170
f 1088/825/1182 1086/823/1180 1087/824/1181
f 1087/824/1181 1080/817/1170 1089/826/1183
f 1079/816/1169 1089/826/1183 1080/817/1170
f 1085/822/1184 1091/827/1185 1090/828/1186
f 1092/829/1187 1090/828/1186 1091/827/1185
f 1091/827/1185 1088/825/1182 1092/829/1187
f 1093/830/1188 1092/829/1187 1088/825/1182
f 1093/830/1188 1088/825/1182 1094/831/1189
f 1088/825/1182 1087/824/1181 1095/832/1190
f 1095/832/1190 1094/831/1189 1088/825/1182
f 1089/826/1183 1095/832/1190 1087/824/1181
f 1094/831/1189 1095/832/1190 1096/833/1191
f 1097/834/1192 1096/833/1191 1095/832/1190
f 1095/832/1190 1089/826/1183 1097/834/1192
f 1096/833/1191 1097/834/1192 1098/835/1193
f 1089/826/1183 1079/816/1169 1099/836/1194
f 1099/836/1194 1097/834/1192 1089/826/1183
f 1074/809/1160 1099/836/1194 1079/816/1169
f 1099/836/1194 1074/809/1160 1072/807/1158
f 1097/834/1192 1099/836/1194 1100/837/1195
f 1072/807/1158 1100/837/1195 1099/836/1194
f 1100/837/1195 1098/835/1193 1097/834/1192
f 1100/837/1195 1072/807/1158 1073/808/1159
f 1098/835/1193 1100/837/1195 1101/838/1196
f 1073/808/1159 1101/838/1196 1100/837/1195
f 1104/839/1197 1103/840/1198 1102/841/1199
f 1103/840/1198 1104/839/1197 1105/842/1200
f 1106/843/1201 1102/841/1199 1103/840/1198
f 1107/844/1202 1105/842/1200 1104/839/1197
f 1102/841/1199 1106/843/1201 1108/845/1203
f 1105/842/1200 1107/844/1202 1109/846/1204
f 1110/847/1205 1108/845/1203 1106/843/1201
f 1111/848/1206 1109/846/1204 1107/844/1202
f 1108/845/1203 1110/847/1205 1112/849/1207
f 1109/846/1204 1111/848/1206 1113/850/1208
f 1114/851/1209 1112/849/1207 1110/847/1205
f 1115/852/1210 1113/850/1208 1111/848/1206
f 1113/850/1208 1115/852/1210 1116/853/1211
f 1117/854/1211 1116/853/1211 1115/852/1210
f 1112/849/1207 1114/851/1209 1118/855/1212
f 1119/856/1213 1118/855/1212 1114/851/1209
f 1118/855/1212 1119/856/1213 1120/857/1214
f 1121/858/1215 1120/857/1214 1119/856/1213
f 1120/857/1214 1121/858/1215 1122/859/1216
f 1123/860/1217 1122/859/1216 1121/858/1215
f 1122/859/1216 1123/860/1217 1124/861/1218
f 1125/862/1219 1124/861/1218 1123/860/1217
f 1124/861/1218 1125/862/1219 1126/863/1220
f 1127/864/1221 1126/863/1220 1125/862/1219
f 1126/863/1220 1127/864/1221 1128/865/1222
f 1129/866/1223 1128/865/1222 1127/864/1221
f 1128/865/1222 1129/866/1223 1130/867/1224
f 1131/868/1225 1130/867/1224 1129/866/1223
f 1130/867/1224 1131/868/1225 1132/869/1226
f 1133/870/1227 1132/869/1226 1131/868/1225
f 1132/869/1226 1133/870/1227 1134/871/1228
f 1135/872/1229 1134/871/1228 1133/870/1227
f 1134/871/1228 1135/872/1229 1136/873/1230
f 1137/874/1231 1136/873/1230 1135/872/1229
f 1136/873/1230 1137/874/1231 1138/875/1232
f 1139/876/1233 1138/875/1232 1137/874/1231
f 1142/619/1234 1141/620/1235 1140/621/1236
f 1141/620/1235 1142/619/1234 1143/622/1237
f 1144/623/1238 1143/622/1237 1142/619/1234
f 1144/623/1238 1145/624/1239 1143/622/1237
f 1141/620/1235 1146/625/1240 1140/621/1236
f 1147/626/1241 1140/621/1236 1146/625/1240
f 1143/622/1237 1148/627/1242 1141/620/1235
f 1146/625/1240 1141/620/1235 1148/627/1242
f 1149/628/1243 1143/622/1237 1145/624/1239
f 1143/622/1237 1149/628/1243 1148/627/1242
f 1150/629/1244 1149/628/1243 1145/624/1239
f 1147/626/1241 1146/625/1240 1151/630/1245
f 1151/630/1245 1146/625/1240 1152/631/1246
f 1151/630/1245 1152/631/1246 1153/632/1247
f 1154/631/1248 1152/631/1246 1146/625/1240
f 1154/631/1248 1153/632/1247 1152/631/1246
f 1154/631/1248 1146/625/1240 1155/633/1249
f 1154/631/1248 1155/633/1249 1153/632/1247
f 1148/627/1242 1155/633/1249 1146/625/1240
f 1156/634/1250 1153/632/1247 1155/633/1249
f 1155/633/1249 1157/635/1251 1156/634/1250
f 1155/633/1249 1148/627/1242 1157/635/1251
f 1158/636/1252 1156/634/1250 1157/635/1251
f 1159/637/1253 1157/635/1251 1148/627/1242
f 1159/637/1253 1148/627/1242 1149/628/1243
f 1157/635/1251 1160/638/1254 1158/636/1252
f 1157/635/1251 1159/637/1253 1160/638/1254
f 1149/628/1243 1161/639/1255 1159/637/1253
f 1161/639/1255 1149/628/1243 1150/629/1244
f 1162/640/1256 1160/638/1254 1159/637/1253
f 1162/640/1256 1159/637/1253 1161/639/1255
f 1163/641/1257 1158/636/1252 1160/638/1254
f 1163/641/1257 1164/642/1258 1158/636/1252
f 1164/642/1258 1163/641/1257 1165/643/1259
f 1160/638/1254 1166/644/1260 1163/641/1257
f 1160/638/1254 1162/640/1256 1166/644/1260
f 1167/645/1261 1165/643/1259 1163/641/1257
f 1167/645/1261 1163/641/1257 1166/644/1260
f 1167/645/1261 1168/646/1262 1165/643/1259
f 1169/647/1263 1165/643/1259 1168/646/1262
f 1169/647/1263 1168/646/1262 1170/648/1264
f 1168/646/1262 1167/645/1261 1171/649/1265
f 1166/644/1260 1171/649/1265 1167/645/1261
f 1172/650/1266 1170/648/1264 1168/646/1262
f 1168/646/1262 1171/649/1265 1172/650/1266
f 1170/648/1264 1172/650/1266 1173/651/1267
f 1174/652/1268 1172/650/1266 1171/649/1265
f 1175/653/1269 1173/651/1267 1172/650/1266
f 1172/650/1266 1174/652/1268 1175/653/1269
f 1173/651/1267 1175/653/1269 1176/654/1270
f 1171/649/1265 1166/644/1260 1177/655/1271
f 1171/649/1265 1177/655/1271 1174/652/1268
f 1178/656/1272 1177/655/1271 1166/644/1260
f 1178/656/1272 1166/644/1260 1162/640/1256
f 1162/640/1256 1161/639/1255 1178/656/1272
f 1179/657/1273 1178/656/1272 1161/639/1255
f 1161/639/1255 1150/629/1244 1179/657/1273
f 1180/658/1274 1179/657/1273 1150/629/1244
f 1180/658/1274 1181/659/1275 1179/657/1273
f 1179/657/1273 1182/660/1276 1178/656/1272
f 1182/660/1276 1179/657/1273 1181/659/1275
f 1177/655/1271 1178/656/1272 1182/660/1276
f 1182/660/1276 1181/659/1275 1183/661/1277
f 1177/655/1271 1182/660/1276 1184/662/1278
f 1183/661/1277 1184/662/1278 1182/660/1276
f 1184/662/1278 1174/652/1268 1177/655/1271
f 1185/663/1279 1183/661/1277 1181/659/1275
f 1184/662/1278 1186/664/1280 1174/652/1268
f 1184/662/1278 1183/661/1277 1186/664/1280
f 1183/661/1277 1185/663/1279 1187/665/1281
f 1187/665/1281 1186/664/1280 1183/661/1277
f 1188/666/1282 1187/665/1281 1185/663/1279
f 1189/667/1283 1174/652/1268 1186/664/1280
f 1189/667/1283 1175/653/1269 1174/652/1268
f 1186/664/1280 1187/665/1281 1190/668/1284
f 1187/665/1281 1188/666/1282 1191/669/1285
f 1191/669/1285 1190/668/1284 1187/665/1281
f 1192/670/1286 1191/669/1285 1188/666/1282
f 1192/670/1286 1193/671/1287 1191/669/1285
f 1194/672/1288 1191/669/1285 1193/671/1287
f 1191/669/1285 1194/672/1288 1190/668/1284
f 1193/671/1287 1195/673/1289 1194/672/1288
f 1190/668/1284 1196/674/1290 1186/664/1280
f 1189/667/1283 1186/664/1280 1196/674/1290
f 1197/675/1291 1190/668/1284 1194/672/1288
f 1196/674/1290 1190/668/1284 1198/676/1292
f 1197/675/1291 1198/676/1292 1190/668/1284
f 1196/674/1290 1199/677/1293 1189/667/1283
f 1175/653/1269 1189/667/1283 1199/677/1293
f 1196/674/1290 1198/676/1292 1199/677/1293
f 1199/677/1293 1176/654/1270 1175/653/1269
f 1199/677/1293 1200/678/1294 1176/654/1270
f 1200/678/1294 1199/677/1293 1198/676/1292
f 1201/679/1295 1176/654/1270 1200/678/1294
f 1200/678/1294 1202/680/1296 1201/679/1295
f 1200/678/1294 1198/676/1292 1202/680/1296
f 1203/681/1297 1201/679/1295 1202/680/1296
f 1203/681/1297 1202/680/1296 1204/682/1298
f 1205/683/1299 1202/680/1296 1198/676/1292
f 1198/676/1292 1197/675/1291 1205/683/1299
f 1206/684/1300 1204/682/1298 1202/680/1296
f 1202/680/1296 1205/683/1299 1206/684/1300
f 1204/682/1298 1206/684/1300 1207/685/1301
f 1208/686/1302 1206/684/1300 1205/683/1299
f 1209/687/1303 1207/685/1301 1206/684/1300
f 1206/684/1300 1208/686/1302 1209/687/1303
f 1210/688/1304 1205/683/1299 1197/675/1291
f 1205/683/1299 1210/688/1304 1208/686/1302
f 1211/689/1305 1209/687/1303 1208/686/1302
f 1210/688/1304 1197/675/1291 1212/690/1306
f 1194/672/1288 1212/690/1306 1197/675/1291
f 1212/690/1306 1194/672/1288 1195/673/1289
f 1210/688/1304 1212/690/1306 1213/691/1307
f 1213/691/1307 1208/686/1302 1210/688/1304
f 1212/690/1306 1195/673/1289 1214/692/1308
f 1214/692/1308 1213/691/1307 1212/690/1306
f 1215/693/1309 1214/692/1308 1195/673/1289
f 1213/691/1307 1216/694/1310 1208/686/1302
f 1213/691/1307 1214/692/1308 1216/694/1310
f 1211/689/1305 1208/686/1302 1216/694/1310
f 1214/692/1308 1215/693/1309 1217/695/1311
f 1217/695/1311 1216/694/1310 1214/692/1308
f 1218/696/1312 1217/695/1311 1215/693/1309
f 1211/689/1305 1216/694/1310 1219/697/1313
f 1211/689/1305 1219/697/1313 1209/687/1303
f 1217/695/1311 1220/698/1314 1216/694/1310
f 1217/695/1311 1218/696/1312 1220/698/1314
f 1221/699/1315 1219/697/1313 1216/694/1310
f 1221/699/1315 1216/694/1310 1220/698/1314
f 1222/700/1316 1209/687/1303 1219/697/1313
f 1209/687/1303 1222/700/1316 1207/685/1301
f 1223/701/1317 1207/685/1301 1222/700/1316
f 1222/700/1316 1224/702/1318 1223/701/1317
f 1222/700/1316 1219/697/1313 1224/702/1318
f 1225/703/1319 1223/701/1317 1224/702/1318
f 1226/704/1320 1224/702/1318 1219/697/1313
f 1219/697/1313 1221/699/1315 1226/704/1320
f 1221/699/1315 1220/698/1314 1227/705/1321
f 1227/705/1321 1226/704/1320 1221/699/1315
f 1228/706/1322 1220/698/1314 1218/696/1312
f 1229/707/1323 1228/706/1322 1218/696/1312
f 1220/698/1314 1228/706/1322 1230/708/1324
f 1230/708/1324 1227/705/1321 1220/698/1314
f 1229/707/1323 1231/709/1325 1228/706/1322
f 1230/708/1324 1228/706/1322 1231/709/1325
f 1232/710/1326 1231/709/1325 1229/707/1323
f 1232/710/1326 1233/711/1327 1231/709/1325
f 1230/708/1324 1231/709/1325 1234/712/1328
f 1234/712/1328 1231/709/1325 1233/711/1327
f 1230/708/1324 1234/712/1328 1227/705/1321
f 1233/711/1327 1235/713/1329 1234/712/1328
f 1237/714/1330 1236/715/1331 1235/713/1329
f 1238/716/1332 1235/713/1329 1236/715/1331
f 1238/716/1332 1234/712/1328 1235/713/1329
f 1236/715/1331 1239/717/1333 1238/716/1332
f 1240/718/1334 1227/705/1321 1234/712/1328
f 1234/712/1328 1238/716/1332 1240/718/1334
f 1241/719/1335 1238/716/1332 1239/717/1333
f 1241/719/1335 1240/718/1334 1238/716/1332
f 1239/717/1333 1242/720/1336 1241/719/1335
f 1240/718/1334 1243/721/1337 1227/705/1321
f 1241/719/1335 1244/722/1338 1240/718/1334
f 1244/722/1338 1241/719/1335 1242/720/1336
f 1243/721/1337 1240/718/1334 1244/722/1338
f 1226/704/1320 1227/705/1321 1243/721/1337
f 1244/722/1338 1242/720/1336 1245/723/1339
f 1244/722/1338 1245/723/1339 1243/721/1337
f 1246/724/1340 1245/723/1339 1242/720/1336
f 1243/721/1337 1247/725/1341 1226/704/1320
f 1247/725/1341 1243/721/1337 1245/723/1339
f 1248/726/1342 1226/704/1320 1247/725/1341
f 1245/723/1339 1246/724/1340 1249/727/1343
f 1245/723/1339 1249/727/1343 1247/725/1341
f 1250/728/1344 1249/727/1343 1246/724/1340
f 1251/729/1345 1247/725/1341 1249/727/1343
f 1247/725/1341 1251/729/1345 1248/726/1342
f 1225/703/1319 1248/726/1342 1251/729/1345
f 1254/730/1346 1253/731/1347 1252/732/1348
f 1255/733/1349 1252/732/1348 1253/731/1347
f 1252/732/1348 1255/733/1349 1256/734/1350
f 1257/735/1351 1256/734/1350 1255/733/1349
f 1255/733/1349 1253/731/1347 1257/735/1351
f 1256/734/1350 1259/736/1352 1258/737/1353
f 1259/736/1352 1256/734/1350 1260/738/1354
f 1256/734/1350 1257/735/1351 1260/738/1354
f 1260/738/1354 1261/739/1355 1259/736/1352
f 1262/740/1356 1257/735/1351 1253/731/1347
f 1257/735/1351 1262/740/1356 1260/738/1354
f 1260/738/1354 1263/741/1357 1261/739/1355
f 1263/741/1357 1260/738/1354 1262/740/1356
f 1264/742/1358 1261/739/1355 1263/741/1357
f 1262/740/1356 1253/731/1347 1265/743/1359
f 1262/740/1356 1265/743/1359 1263/741/1357
f 1253/731/1347 1254/730/1346 1266/744/1360
f 1266/744/1360 1265/743/1359 1253/731/1347
f 1267/745/1361 1266/744/1360 1254/730/1346
f 1263/741/1357 1268/746/1362 1264/742/1358
f 1268/746/1362 1263/741/1357 1265/743/1359
f 1269/747/1363 1264/742/1358 1268/746/1362
f 1265/743/1359 1266/744/1360 1270/748/1364
f 1265/743/1359 1270/748/1364 1268/746/1362
f 1266/744/1360 1267/745/1361 1271/749/1365
f 1271/749/1365 1270/748/1364 1266/744/1360
f 1272/750/1366 1271/749/1365 1267/745/1361
f 1268/746/1362 1273/751/1367 1269/747/1363
f 1273/751/1367 1268/746/1362 1270/748/1364
f 1274/752/1368 1269/747/1363 1273/751/1367
f 1274/752/1368 1273/751/1367 1275/753/1369
f 1273/751/1367 1270/748/1364 1276/754/1370
f 1276/754/1370 1275/753/1369 1273/751/1367
f 1270/748/1364 1271/749/1365 1277/755/1371
f 1277/755/1371 1276/754/1370 1270/748/1364
f 1271/749/1365 1272/750/1366 1278/756/1372
f 1278/756/1372 1277/755/1371 1271/749/1365
f 1279/757/1373 1278/756/1372 1272/750/1366
f 1277/755/1371 1280/758/1374 1276/754/1370
f 1277/755/1371 1278/756/1372 1280/758/1374
f 1276/754/1370 1281/759/1375 1275/753/1369
f 1281/759/1375 1276/754/1370 1280/758/1374
f 1282/760/1376 1275/753/1369 1281/759/1375
f 1282/760/1376 1281/759/1375 1283/761/1377
f 1278/756/1372 1279/757/1373 1284/762/1378
f 1284/762/1378 1280/758/1374 1278/756/1372
f 1285/763/1379 1284/762/1378 1279/757/1373
f 1286/764/1380 1283/761/1377 1281/759/1375
f 1281/759/1375 1280/758/1374 1286/764/1380
f 1283/761/1377 1286/764/1380 1287/765/1381
f 1280/758/1374 1284/762/1378 1288/766/1382
f 1288/766/1382 1286/764/1380 1280/758/1374
f 1284/762/1378 1285/763/1379 1289/767/1383
f 1289/767/1383 1288/766/1382 1284/762/1378
f 1290/768/1384 1289/767/1383 1285/763/1379
f 1291/769/1385 1287/765/1381 1286/764/1380
f 1286/764/1380 1288/766/1382 1291/769/1385
f 1287/765/1381 1291/769/1385 1292/770/1386
f 1288/766/1382 1289/767/1383 1293/771/1387
f 1293/771/1387 1291/769/1385 1288/766/1382
f 1289/767/1383 1290/768/1384 1294/772/1388
f 1294/772/1388 1293/771/1387 1289/767/1383
f 1295/773/1389 1294/772/1388 1290/768/1384
f 1296/774/1390 1292/770/1386 1291/769/1385
f 1291/769/1385 1293/771/1387 1296/774/1390
f 1294/772/1388 1295/773/1389 1297/775/1391
f 1293/771/1387 1294/772/1388 1298/776/1392
f 1298/776/1392 1296/774/1390 1293/771/1387
f 1297/775/1391 1298/776/1392 1294/772/1388
f 1299/777/1393 1297/775/1391 1295/773/1389
f 1298/776/1392 1300/778/1394 1296/774/1390
f 1298/776/1392 1297/775/1391 1300/778/1394
f 1296/774/1390 1301/779/1395 1292/770/1386
f 1301/779/1395 1296/774/1390 1300/778/1394
f 1302/780/1396 1292/770/1386 1301/779/1395
f 1302/780/1396 1301/779/1395 1303/781/1397
f 1304/782/1398 1303/781/1397 1301/779/1395
f 1301/779/1395 1300/778/1394 1304/782/1398
f 1303/781/1397 1304/782/1398 1305/783/1399
f 1306/784/1400 1300/778/1394 1297/775/1391
f 1307/785/1401 1305/783/1399 1304/782/1398
f 1297/775/1391 1299/777/1393 1308/786/1402
f 1306/784/1400 1297/775/1391 1308/786/1402
f 1299/777/1393 1309/787/1403 1308/786/1402
f 1308/786/1402 1309/787/1403 1310/788/1404
f 1308/786/1402 1310/788/1404 1306/784/1400
f 1311/789/1405 1310/788/1404 1309/787/1403
f 1312/790/1406 1304/782/1398 1300/778/1394
f 1300/778/1394 1306/784/1400 1312/790/1406
f 1304/782/1398 1312/790/1406 1307/785/1401
f 1313/791/1407 1306/784/1400 1310/788/1404
f 1313/791/1407 1312/790/1406 1306/784/1400
f 1310/788/1404 1311/789/1405 1314/792/1408
f 1315/793/1409 1314/792/1408 1311/789/1405
f 1313/791/1407 1310/788/1404 1316/794/1410
f 1314/792/1408 1316/794/1410 1310/788/1404
f 1312/790/1406 1313/791/1407 1317/795/1411
f 1317/795/1411 1307/785/1401 1312/790/1406
f 1316/794/1410 1317/795/1411 1313/791/1407
f 1314/792/1408 1315/793/1409 1318/796/1412
f 1319/797/1413 1318/796/1412 1315/793/1409
f 1319/797/1413 1320/798/1414 1318/796/1412
f 1318/796/1412 1321/799/1415 1314/792/1408
f 1316/794/1410 1314/792/1408 1321/799/1415
f 1322/800/1416 1318/796/1412 1320/798/1414
f 1318/796/1412 1322/800/1416 1321/799/1415
f 1320/798/1414 1323/801/1417 1322/800/1416
f 1321/799/1415 1324/802/1418 1316/794/1410
f 1317/795/1411 1316/794/1410 1324/802/1418
f 1325/803/1419 1321/799/1415 1322/800/1416
f 1321/799/1415 1325/803/1419 1324/802/1418
f 1326/804/1420 1322/800/1416 1323/801/1417
f 1322/800/1416 1326/804/1420 1325/803/1419
f 1323/801/1417 1327/805/1421 1326/804/1420
f 1324/802/1418 1328/806/1422 1317/795/1411
f 1307/785/1401 1317/795/1411 1328/806/1422
f 1329/807/1423 1326/804/1420 1327/805/1421
f 1327/805/1421 1330/808/1424 1329/807/1423
f 1331/809/1425 1325/803/1419 1326/804/1420
f 1326/804/1420 1329/807/1423 1331/809/1425
f 1332/810/1426 1324/802/1418 1325/803/1419
f 1325/803/1419 1331/809/1425 1332/810/1426
f 1328/806/1422 1324/802/1418 1333/811/1427
f 1332/810/1426 1333/811/1427 1324/802/1418
f 1328/806/1422 1334/812/1428 1307/785/1401
f 1305/783/1399 1307/785/1401 1334/812/1428
f 1328/806/1422 1335/811/1429 1334/812/1428
f 1336/813/1430 1334/812/1428 1335/811/1429
f 1337/814/1431 1334/812/1428 1336/813/1430
f 1335/811/1429 1338/815/1432 1336/813/1430
f 1332/810/1426 1339/816/1433 1333/811/1427
f 1339/816/1433 1332/810/1426 1331/809/1425
f 1340/817/1434 1338/815/1432 1333/811/1427
f 1340/817/1434 1333/811/1427 1339/816/1433
f 1338/815/1432 1341/818/1435 1336/813/1430
f 1342/814/1436 1336/813/1430 1341/818/1435
f 1342/814/1436 1341/818/1435 1343/819/1437
f 1343/819/1437 1341/818/1435 1344/820/1438
f 1338/815/1432 1345/821/1439 1341/818/1435
f 1345/821/1439 1344/820/1438 1341/818/1435
f 1338/815/1432 1340/817/1434 1345/821/1439
f 1344/820/1438 1345/821/1439 1346/822/1440
f 1347/823/1441 1346/822/1440 1345/821/1439
f 1345/821/1439 1348/824/1442 1347/823/1441
f 1348/824/1442 1345/821/1439 1340/817/1434
f 1349/825/1443 1347/823/1441 1348/824/1442
f 1348/824/1442 1340/817/1434 1350/826/1444
f 1339/816/1433 1350/826/1444 1340/817/1434
f 1346/822/1445 1352/827/1446 1351/828/1447
f 1353/829/1448 1351/828/1447 1352/827/1446
f 1352/827/1446 1349/825/1443 1353/829/1448
f 1354/830/1449 1353/829/1448 1349/825/1443
f 1354/830/1449 1349/825/1443 1355/831/1450
f 1349/825/1443 1348/824/1442 1356/832/1451
f 1356/832/1451 1355/831/1450 1349/825/1443
f 1350/826/1444 1356/832/1451 1348/824/1442
f 1355/831/1450 1356/832/1451 1357/833/1452
f 1358/834/1453 1357/833/1452 1356/832/1451
f 1356/832/1451 1350/826/1444 1358/834/1453
f 1357/833/1452 1358/834/1453 1359/835/1454
f 1350/826/1444 1339/816/1433 1360/836/1455
f 1360/836/1455 1358/834/1453 1350/826/1444
f 1331/809/1425 1360/836/1455 1339/816/1433
f 1360/836/1455 1331/809/1425 1329/807/1423
f 1358/834/1453 1360/836/1455 1361/837/1456
f 1329/807/1423 1361/837/1456 1360/836/1455
f 1361/837/1456 1359/835/1454 1358/834/1453
f 1361/837/1456 1329/807/1423 1330/808/1424
f 1359/835/1454 1361/837/1456 1362/838/1457
f 1330/808/1424 1362/838/1457 1361/837/1456
f 1365/839/1458 1364/840/1459 1363/841/1460
f 1364/840/1459 1365/839/1458 1366/842/1461
f 1367/843/1462 1363/841/1460 1364/840/1459
f 1368/844/1463 1366/842/1461 1365/839/1458
f 1363/841/1460 1367/843/1462 1369/845/1464
f 1366/842/1461 1368/844/1463 1370/846/1465
f 1371/847/1466 1369/845/1464 1367/843/1462
f 1372/848/1467 1370/846/1465 1368/844/1463
f 1369/845/1464 1371/847/1466 1373/849/1468
f 1370/846/1465 1372/848/1467 1374/850/1469
f 1375/851/1470 1373/849/1468 1371/847/1466
f 1376/852/1471 1374/850/1469 1372/848/1467
f 1374/850/1469 1376/852/1471 1377/853/1472
f 1378/854/1472 1377/853/1472 1376/852/1471
f 1373/849/1468 1375/851/1470 1379/855/1473
f 1380/856/1474 1379/855/1473 1375/851/1470
f 1379/855/1473 1380/856/1474 1381/857/1475
f 1382/858/1476 1381/857/1475 1380/856/1474
f 1381/857/1475 1382/858/1476 1383/859/1477
f 1384/860/1478 1383/859/1477 1382/858/1476
f 1383/859/1477 1384/860/1478 1385/861/1479
f 1386/862/1480 1385/861/1479 1384/860/1478
f 1385/861/1479 1386/862/1480 1387/863/1481
f 1388/864/1482 1387/863/1481 1386/862/1480
f 1387/863/1481 1388/864/1482 1389/865/1483
f 1390/866/1484 1389/865/1483 1388/864/1482
f 1389/865/1483 1390/866/1484 1391/867/1485
f 1392/868/1486 1391/867/1485 1390/866/1484
f 1391/867/1485 1392/868/1486 1393/869/1487
f 1394/870/1488 1393/869/1487 1392/868/1486
f 1393/869/1487 1394/870/1488 1395/871/1489
f 1396/872/1490 1395/871/1489 1394/870/1488
f 1395/871/1489 1396/872/1490 1397/873/1491
f 1398/874/1492 1397/873/1491 1396/872/1490
f 1397/873/1491 1398/874/1492 1399/875/1493
f 1400/876/1494 1399/875/1493 1398/874/1492
f 1035/755/1105 1038/758/1109 1586/905/1111 1585/925/1495
f 1008/699/1073 1583/926/1496 1584/897/1081 1014/705/1079
f 608/584/1497 1577/584/1497 1576/584/1498 607/584/1499
f 607/584/1499 1576/584/1498 1575/584/1500 606/584/1501
f 313/927/1502 1566/928/1503 1567/362/363 314/364/365
f 1061/795/1145 1560/916/1156 1559/915/1140 1056/790/1138
f 978/645/1029 1555/929/1504 1554/880/1027 977/644/1026
f 978/645/1029 976/643/1024 1553/878/1023 1555/929/1504
f 666/590/728 1580/930/1505 1552/931/1505 665/587/729
f 646/598/716 645/594/714 1551/597/713 1550/932/1506
f 643/579/711 1549/579/711 1548/595/711 642/594/710
f 606/584/1501 1575/584/1500 1547/584/678 604/584/676
f 322/378/379 1542/379/380 1568/383/384 323/381/382
f 160/205/206 1565/204/205 1539/201/202 158/200/201
f 148/181/182 1563/182/183 1538/180/181 147/178/179
f 28/49/49 1536/48/48 1537/57/57 31/56/56
f 24/41/41 1534/40/40 1535/46/46 26/45/45
f 20/33/33 1532/32/32 1533/38/38 22/37/37
f 1003/688/1061 1530/933/1507 1582/892/1067 1005/691/1065
f 988/667/1044 1527/934/1508 1528/888/1047 989/674/1046
f 659/585/1509 658/587/1509 1525/935/1509 1524/936/1509
f 567/580/1510 1545/580/1510 1519/580/642 566/580/641
f 327/393/394 1517/394/395 1543/398/399 328/396/397
f 3/8/8 1531/7/7 1513/3/3 2/2/2
f 610/586/1511 1522/937/1511 1512/938/1512 609/588/1513
f 611/588/1514 609/588/1513 1512/938/1512 1523/938/1514
f 605/583/1515 602/590/674 1511/591/677 1574/939/1515
f 572/579/644 1520/940/1516 1510/941/1517 571/583/645
f 573/583/1518 571/583/645 1510/941/1517 1521/942/1518
f 568/579/1519 1509/943/1519 1546/944/1519
f 324/384/385 1507/385/386 1516/389/390 325/387/388
f 317/372/373 1504/945/1520 1505/377/378 320/374/375
f 317/372/373 316/370/371 1503/369/370 1504/945/1520
f 158/200/201 1515/199/200 1502/198/199 157/196/197
f 147/178/179 1514/179/180 1500/177/178 146/175/176
f 1078/815/1171 1081/818/1174 1497/923/1173 1496/946/1521
f 1056/790/1138 1493/914/1139 1588/913/1132 1050/778/1129
f 1048/776/1127 1050/778/1129 1492/912/1131 1491/947/1522
f 1044/771/1121 1558/909/1124 1490/908/1120 1041/766/1116
f 1037/757/1112 1036/756/1108 1486/903/1107 1487/948/1523
f 1008/699/1073 1006/694/1068 1485/895/1072 1583/926/1496
f 566/580/641 1508/580/640 1482/580/1524 565/580/1524
f 336/407/408 1480/409/410 1518/414/415 338/411/412
f 313/927/1502 312/357/358 1477/361/362 1566/928/1503
f 153/190/191 1501/191/192 1475/187/188 150/185/186
f 1/5/5 1473/4/4 1561/18/18 9/15/15
f 2/2/2 1498/1/1 1472/6/6 1/5/5
f 1077/811/1166 1078/815/1171 1496/946/1521 1471/921/1168
f 1036/756/1108 1035/755/1105 1469/901/1104 1470/902/1106
f 1017/712/1084 1468/899/1083 1467/949/1525 1016/711/1085
f 1015/710/1526 1016/711/1085 1467/949/1525 1466/950/1527
f 326/390/391 1462/391/392 1479/395/396 327/393/394
f 320/374/375 1460/376/377 1506/380/381 322/378/379
f 146/175/176 1474/176/177 1459/174/175 145/172/173
f 31/56/56 1458/55/55 1457/54/54 30/53/53
f 26/45/45 1455/44/44 1456/50/50 28/49/49
f 22/37/37 1453/36/36 1454/42/42 24/41/41
f 11/19/19 1451/21/21 1452/28/28
f 1041/766/1116 1448/907/1119 1489/906/1115 1038/758/1109
f 1035/755/1105 1585/925/1495 1447/900/1103
f 990/675/1056 1443/951/1528 1529/889/1063
f 990/675/1056 991/676/1049 1444/952/1529 1443/951/1528
f 989/674/1046 1442/887/1045 1444/952/1529 991/676/1049
f 988/667/1044 985/652/1036 1441/886/1043 1527/934/1508
f 982/649/1033 1556/953/1530 1438/885/1042 985/652/1036
f 982/649/1033 977/644/1026 1437/883/1040 1556/953/1530
f 676/600/736 1465/954/1531 1436/955/1531 675/583/737
f 570/577/1532 1464/956/1532 1434/957/1532 569/577/1532
f 336/407/408 332/402/403 1570/410/411
f 323/381/382 1431/382/383 1461/386/387 324/384/385
f 303/348/349 1428/958/1533 1540/359/360 308/353/354
f 341/416/417 1481/417/418 1427/206/207 160/205/206
f 9/15/15 1562/17/17 1423/22/22 11/19/19
f 1068/802/1152 1589/918/1162 1421/917/1157 1061/795/1145
f 1048/776/1127 1491/947/1522 1420/910/1125 1044/771/1121
f 1015/710/1526 1466/950/1527 1419/959/1534
f 1005/691/1065 1418/891/1066 1445/894/1070 1006/694/1068
f 1003/688/1061 990/675/1056 1417/890/1064 1530/933/1507
f 661/576/1535 1435/960/1535 1416/578/1535 660/578/1535
f 644/581/1536 642/594/710 1578/593/709 1415/961/1536
f 557/581/631 563/582/639 1414/582/1537 1463/962/1538
f 564/582/1539 1433/582/1539 1414/582/1537 563/582/639
f 525/565/1540 524/565/603 1412/564/602 1413/963/1540
f 523/964/1541 522/562/600 1572/561/599 1411/965/1541
f 338/411/412 1544/413/414 1410/418/419 341/416/417
f 328/396/397 1409/397/398 1432/403/404 329/399/400
f 325/387/388 1569/388/389 1408/392/393 326/390/391
f 157/196/197 1406/197/198 1564/192/193 153/190/191
f 150/185/186 1426/186/187 1405/183/184 148/181/182
f 145/172/173 1425/173/174 1404/171/172 144/169/170
f 16/26/26 1402/27/27 1403/34/34 20/33/33
f 144/169/170 1424/170/171 1401/9/9 3/8/8
