# Blender v2.93.0 OBJ File: ''
# www.blender.org
mtllib tp_vfx.mtl
o TP_VFX_Torus
v 0.760574 0.000000 0.000000
v 0.759494 0.009580 0.000000
v 0.756310 0.018679 0.000000
v 0.751181 0.026842 0.000000
v 0.744365 0.033659 0.000000
v 0.736202 0.038788 0.000000
v 0.727102 0.041972 0.000000
v 0.717523 0.043051 0.000000
v 0.707943 0.041972 0.000000
v 0.698843 0.038788 0.000000
v 0.690680 0.033659 0.000000
v 0.683864 0.026842 0.000000
v 0.678735 0.018679 0.000000
v 0.675551 0.009580 0.000000
v 0.674471 0.000000 0.000000
v 0.675551 -0.009580 0.000000
v 0.678735 -0.018679 0.000000
v 0.683864 -0.026842 0.000000
v 0.690680 -0.033659 0.000000
v 0.698843 -0.038788 0.000000
v 0.707943 -0.041972 0.000000
v 0.717523 -0.043051 0.000000
v 0.727102 -0.041972 0.000000
v 0.736202 -0.038788 0.000000
v 0.744365 -0.033659 0.000000
v 0.751181 -0.026842 0.000000
v 0.756310 -0.018679 0.000000
v 0.759494 -0.009580 0.000000
v 0.755616 0.000000 -0.086699
v 0.754544 0.009580 -0.086576
v 0.751381 0.018679 -0.086213
v 0.746285 0.026842 -0.085628
v 0.739513 0.033659 -0.084851
v 0.731403 0.038788 -0.083921
v 0.722363 0.041972 -0.082883
v 0.712846 0.043051 -0.081791
v 0.703328 0.041972 -0.080699
v 0.694288 0.038788 -0.079662
v 0.686178 0.033659 -0.078732
v 0.679406 0.026842 -0.077955
v 0.674310 0.018679 -0.077370
v 0.671147 0.009580 -0.077007
v 0.670075 0.000000 -0.076884
v 0.671147 -0.009580 -0.077007
v 0.674310 -0.018679 -0.077370
v 0.679406 -0.026842 -0.077955
v 0.686178 -0.033659 -0.078732
v 0.694288 -0.038788 -0.079662
v 0.703328 -0.041972 -0.080699
v 0.712846 -0.043051 -0.081791
v 0.722363 -0.041972 -0.082883
v 0.731403 -0.038788 -0.083921
v 0.739513 -0.033659 -0.084851
v 0.746285 -0.026842 -0.085628
v 0.751381 -0.018679 -0.086213
v 0.754544 -0.009580 -0.086576
v 0.740808 0.000000 -0.172267
v 0.739757 0.009580 -0.172023
v 0.736655 0.018679 -0.171302
v 0.731660 0.026842 -0.170140
v 0.725020 0.033659 -0.168596
v 0.717069 0.038788 -0.166747
v 0.708206 0.041972 -0.164686
v 0.698875 0.043051 -0.162516
v 0.689545 0.041972 -0.160347
v 0.680682 0.038788 -0.158286
v 0.672731 0.033659 -0.156437
v 0.666091 0.026842 -0.154893
v 0.661096 0.018679 -0.153731
v 0.657994 0.009580 -0.153010
v 0.656943 0.000000 -0.152765
v 0.657994 -0.009580 -0.153010
v 0.661096 -0.018679 -0.153731
v 0.666091 -0.026842 -0.154893
v 0.672731 -0.033659 -0.156437
v 0.680682 -0.038788 -0.158286
v 0.689545 -0.041972 -0.160347
v 0.698875 -0.043051 -0.162516
v 0.708206 -0.041972 -0.164686
v 0.717069 -0.038788 -0.166747
v 0.725020 -0.033659 -0.168596
v 0.731660 -0.026842 -0.170140
v 0.736655 -0.018679 -0.171302
v 0.739757 -0.009580 -0.172023
v 0.716342 0.000000 -0.255590
v 0.715326 0.009580 -0.255228
v 0.712327 0.018679 -0.254158
v 0.707496 0.026842 -0.252434
v 0.701076 0.033659 -0.250143
v 0.693388 0.038788 -0.247400
v 0.684817 0.041972 -0.244342
v 0.675794 0.043051 -0.241123
v 0.666772 0.041972 -0.237904
v 0.658202 0.038788 -0.234846
v 0.650513 0.033659 -0.232103
v 0.644093 0.026842 -0.229812
v 0.639262 0.018679 -0.228088
v 0.636263 0.009580 -0.227018
v 0.635247 0.000000 -0.226656
v 0.636263 -0.009580 -0.227018
v 0.639262 -0.018679 -0.228088
v 0.644093 -0.026842 -0.229812
v 0.650513 -0.033659 -0.232103
v 0.658202 -0.038788 -0.234846
v 0.666772 -0.041972 -0.237904
v 0.675794 -0.043051 -0.241123
v 0.684817 -0.041972 -0.244342
v 0.693388 -0.038788 -0.247400
v 0.701076 -0.033659 -0.250143
v 0.707496 -0.026842 -0.252434
v 0.712327 -0.018679 -0.254158
v 0.715326 -0.009580 -0.255228
v 0.682538 0.000000 -0.335581
v 0.681569 0.009580 -0.335105
v 0.678712 0.018679 -0.333700
v 0.674109 0.026842 -0.331437
v 0.667992 0.033659 -0.328429
v 0.660666 0.038788 -0.324828
v 0.652500 0.041972 -0.320813
v 0.643904 0.043051 -0.316586
v 0.635307 0.041972 -0.312359
v 0.627141 0.038788 -0.308344
v 0.619816 0.033659 -0.304743
v 0.613698 0.026842 -0.301735
v 0.609095 0.018679 -0.299472
v 0.606238 0.009580 -0.298067
v 0.605269 0.000000 -0.297591
v 0.606238 -0.009580 -0.298067
v 0.609095 -0.018679 -0.299472
v 0.613698 -0.026842 -0.301735
v 0.619816 -0.033659 -0.304743
v 0.627141 -0.038788 -0.308344
v 0.635307 -0.041972 -0.312359
v 0.643904 -0.043051 -0.316586
v 0.652500 -0.041972 -0.320813
v 0.660666 -0.038788 -0.324828
v 0.667992 -0.033659 -0.328429
v 0.674109 -0.026842 -0.331437
v 0.678712 -0.018679 -0.333700
v 0.681569 -0.009580 -0.335105
v 0.639835 0.000000 -0.411197
v 0.638927 0.009580 -0.410614
v 0.636249 0.018679 -0.408892
v 0.631934 0.026842 -0.406119
v 0.626199 0.033659 -0.402434
v 0.619332 0.038788 -0.398021
v 0.611677 0.041972 -0.393101
v 0.603618 0.043051 -0.387922
v 0.595559 0.041972 -0.382743
v 0.587904 0.038788 -0.377823
v 0.581037 0.033659 -0.373410
v 0.575303 0.026842 -0.369725
v 0.570988 0.018679 -0.366952
v 0.568309 0.009580 -0.365230
v 0.567401 0.000000 -0.364647
v 0.568309 -0.009580 -0.365230
v 0.570988 -0.018679 -0.366952
v 0.575303 -0.026842 -0.369725
v 0.581037 -0.033659 -0.373410
v 0.587904 -0.038788 -0.377823
v 0.595559 -0.041972 -0.382743
v 0.603618 -0.043051 -0.387922
v 0.611677 -0.041972 -0.393101
v 0.619332 -0.038788 -0.398021
v 0.626199 -0.033659 -0.402434
v 0.631934 -0.026842 -0.406119
v 0.636249 -0.018679 -0.408892
v 0.638927 -0.009580 -0.410614
v 0.588792 0.000000 -0.481453
v 0.587956 0.009580 -0.480769
v 0.585491 0.018679 -0.478754
v 0.581521 0.026842 -0.475507
v 0.576244 0.033659 -0.471192
v 0.569924 0.038788 -0.466025
v 0.562880 0.041972 -0.460265
v 0.555464 0.043051 -0.454201
v 0.548048 0.041972 -0.448137
v 0.541004 0.038788 -0.442376
v 0.534684 0.033659 -0.437209
v 0.529407 0.026842 -0.432894
v 0.525437 0.018679 -0.429647
v 0.522972 0.009580 -0.427632
v 0.522136 0.000000 -0.426949
v 0.522972 -0.009580 -0.427632
v 0.525437 -0.018679 -0.429647
v 0.529407 -0.026842 -0.432894
v 0.534684 -0.033659 -0.437209
v 0.541004 -0.038788 -0.442376
v 0.548048 -0.041972 -0.448137
v 0.555464 -0.043051 -0.454201
v 0.562880 -0.041972 -0.460265
v 0.569924 -0.038788 -0.466025
v 0.576244 -0.033659 -0.471192
v 0.581521 -0.026842 -0.475507
v 0.585491 -0.018679 -0.478754
v 0.587956 -0.009580 -0.480769
v 0.530073 0.000000 -0.545432
v 0.529320 0.009580 -0.544658
v 0.527101 0.018679 -0.542374
v 0.523527 0.026842 -0.538696
v 0.518776 0.033659 -0.533808
v 0.513087 0.038788 -0.527954
v 0.506745 0.041972 -0.521428
v 0.500068 0.043051 -0.514558
v 0.493392 0.041972 -0.507688
v 0.487050 0.038788 -0.501163
v 0.481361 0.033659 -0.495309
v 0.476610 0.026842 -0.490420
v 0.473036 0.018679 -0.486742
v 0.470817 0.009580 -0.484459
v 0.470064 0.000000 -0.483685
v 0.470817 -0.009580 -0.484459
v 0.473036 -0.018679 -0.486742
v 0.476610 -0.026842 -0.490420
v 0.481361 -0.033659 -0.495309
v 0.487050 -0.038788 -0.501163
v 0.493392 -0.041972 -0.507688
v 0.500068 -0.043051 -0.514558
v 0.506745 -0.041972 -0.521428
v 0.513087 -0.038788 -0.527954
v 0.518776 -0.033659 -0.533808
v 0.523527 -0.026842 -0.538696
v 0.527101 -0.018679 -0.542374
v 0.529320 -0.009580 -0.544658
v 0.464443 0.000000 -0.602300
v 0.463784 0.009580 -0.601445
v 0.461839 0.018679 -0.598924
v 0.458707 0.026842 -0.594862
v 0.454545 0.033659 -0.589464
v 0.449560 0.038788 -0.583000
v 0.444004 0.041972 -0.575794
v 0.438154 0.043051 -0.568208
v 0.432304 0.041972 -0.560621
v 0.426747 0.038788 -0.553415
v 0.421763 0.033659 -0.546951
v 0.417600 0.026842 -0.541553
v 0.414468 0.018679 -0.537491
v 0.412524 0.009580 -0.534970
v 0.411864 0.000000 -0.534115
v 0.412524 -0.009580 -0.534970
v 0.414468 -0.018679 -0.537491
v 0.417600 -0.026842 -0.541553
v 0.421763 -0.033659 -0.546951
v 0.426747 -0.038788 -0.553415
v 0.432304 -0.041972 -0.560621
v 0.438154 -0.043051 -0.568208
v 0.444004 -0.041972 -0.575794
v 0.449560 -0.038788 -0.583000
v 0.454545 -0.033659 -0.589464
v 0.458707 -0.026842 -0.594862
v 0.461839 -0.018679 -0.598924
v 0.463784 -0.009580 -0.601445
v 0.392758 0.000000 -0.651317
v 0.392201 0.009580 -0.650392
v 0.390557 0.018679 -0.647666
v 0.387908 0.026842 -0.643273
v 0.384388 0.033659 -0.637436
v 0.380173 0.038788 -0.630446
v 0.375474 0.041972 -0.622653
v 0.370527 0.043051 -0.614450
v 0.365580 0.041972 -0.606246
v 0.360881 0.038788 -0.598454
v 0.356666 0.033659 -0.591464
v 0.353146 0.026842 -0.585626
v 0.350497 0.018679 -0.581234
v 0.348853 0.009580 -0.578507
v 0.348295 0.000000 -0.577583
v 0.348853 -0.009580 -0.578507
v 0.350497 -0.018679 -0.581234
v 0.353146 -0.026842 -0.585626
v 0.356666 -0.033659 -0.591464
v 0.360881 -0.038788 -0.598454
v 0.365580 -0.041972 -0.606246
v 0.370527 -0.043051 -0.614450
v 0.375474 -0.041972 -0.622653
v 0.380173 -0.038788 -0.630446
v 0.384388 -0.033659 -0.637436
v 0.387908 -0.026842 -0.643273
v 0.390557 -0.018679 -0.647666
v 0.392201 -0.009580 -0.650392
v 0.315954 0.000000 -0.691842
v 0.315506 0.009580 -0.690860
v 0.314183 0.018679 -0.687964
v 0.312052 0.026842 -0.683299
v 0.309220 0.033659 -0.677098
v 0.305829 0.038788 -0.669673
v 0.302049 0.041972 -0.661395
v 0.298070 0.043051 -0.652681
v 0.294090 0.041972 -0.643967
v 0.290310 0.038788 -0.635690
v 0.286919 0.033659 -0.628265
v 0.284087 0.026842 -0.622064
v 0.281957 0.018679 -0.617399
v 0.280634 0.009580 -0.614502
v 0.280186 0.000000 -0.613521
v 0.280634 -0.009580 -0.614502
v 0.281957 -0.018679 -0.617399
v 0.284087 -0.026842 -0.622064
v 0.286919 -0.033659 -0.628265
v 0.290310 -0.038788 -0.635690
v 0.294090 -0.041972 -0.643967
v 0.298070 -0.043051 -0.652681
v 0.302049 -0.041972 -0.661395
v 0.305829 -0.038788 -0.669673
v 0.309220 -0.033659 -0.677098
v 0.312052 -0.026842 -0.683299
v 0.314183 -0.018679 -0.687964
v 0.315506 -0.009580 -0.690860
v 0.235030 0.000000 -0.723349
v 0.234697 0.009580 -0.722322
v 0.233713 0.018679 -0.719294
v 0.232128 0.026842 -0.714416
v 0.230021 0.033659 -0.707933
v 0.227499 0.038788 -0.700170
v 0.224687 0.041972 -0.691515
v 0.221727 0.043051 -0.682404
v 0.218766 0.041972 -0.673293
v 0.215955 0.038788 -0.664639
v 0.213432 0.033659 -0.656876
v 0.211326 0.026842 -0.650393
v 0.209741 0.018679 -0.645515
v 0.208757 0.009580 -0.642487
v 0.208423 0.000000 -0.641460
v 0.208757 -0.009580 -0.642487
v 0.209741 -0.018679 -0.645515
v 0.211326 -0.026842 -0.650393
v 0.213432 -0.033659 -0.656876
v 0.215955 -0.038788 -0.664639
v 0.218766 -0.041972 -0.673293
v 0.221727 -0.043051 -0.682404
v 0.224687 -0.041972 -0.691515
v 0.227499 -0.038788 -0.700170
v 0.230021 -0.033659 -0.707933
v 0.232128 -0.026842 -0.714416
v 0.233713 -0.018679 -0.719294
v 0.234697 -0.009580 -0.722322
v 0.151043 0.000000 -0.745425
v 0.150829 0.009580 -0.744367
v 0.150196 0.018679 -0.741247
v 0.149178 0.026842 -0.736220
v 0.147824 0.033659 -0.729539
v 0.146203 0.038788 -0.721538
v 0.144396 0.041972 -0.712620
v 0.142493 0.043051 -0.703231
v 0.140591 0.041972 -0.693842
v 0.138784 0.038788 -0.684924
v 0.137163 0.033659 -0.676924
v 0.135809 0.026842 -0.670243
v 0.134790 0.018679 -0.665216
v 0.134158 0.009580 -0.662095
v 0.133944 0.000000 -0.661037
v 0.134158 -0.009580 -0.662095
v 0.134790 -0.018679 -0.665216
v 0.135809 -0.026842 -0.670243
v 0.137163 -0.033659 -0.676924
v 0.138784 -0.038788 -0.684924
v 0.140591 -0.041972 -0.693842
v 0.142493 -0.043051 -0.703231
v 0.144396 -0.041972 -0.712620
v 0.146203 -0.038788 -0.721538
v 0.147824 -0.033659 -0.729539
v 0.149178 -0.026842 -0.736220
v 0.150196 -0.018679 -0.741247
v 0.150829 -0.009580 -0.744367
v 0.065086 0.000000 -0.757784
v 0.064994 0.009580 -0.756708
v 0.064721 0.018679 -0.753536
v 0.064283 0.026842 -0.748426
v 0.063699 0.033659 -0.741634
v 0.063001 0.038788 -0.733501
v 0.062222 0.041972 -0.724435
v 0.061402 0.043051 -0.714890
v 0.060582 0.041972 -0.705346
v 0.059804 0.038788 -0.696280
v 0.059105 0.033659 -0.688147
v 0.058522 0.026842 -0.681355
v 0.058083 0.018679 -0.676245
v 0.057810 0.009580 -0.673072
v 0.057718 0.000000 -0.671997
v 0.057810 -0.009580 -0.673072
v 0.058083 -0.018679 -0.676245
v 0.058522 -0.026842 -0.681355
v 0.059105 -0.033659 -0.688147
v 0.059804 -0.038788 -0.696280
v 0.060582 -0.041972 -0.705346
v 0.061402 -0.043051 -0.714890
v 0.062222 -0.041972 -0.724435
v 0.063001 -0.038788 -0.733501
v 0.063699 -0.033659 -0.741634
v 0.064283 -0.026842 -0.748426
v 0.064721 -0.018679 -0.753536
v 0.064994 -0.009580 -0.756708
v -0.021719 0.000000 -0.760264
v -0.021688 0.009580 -0.759185
v -0.021597 0.018679 -0.756002
v -0.021451 0.026842 -0.750875
v -0.021256 0.033659 -0.744061
v -0.021023 0.038788 -0.735902
v -0.020763 0.041972 -0.726806
v -0.020490 0.043051 -0.717230
v -0.020216 0.041972 -0.707654
v -0.019956 0.038788 -0.698558
v -0.019723 0.033659 -0.690399
v -0.019529 0.026842 -0.683585
v -0.019382 0.018679 -0.678458
v -0.019291 0.009580 -0.675275
v -0.019260 0.000000 -0.674196
v -0.019291 -0.009580 -0.675275
v -0.019382 -0.018679 -0.678458
v -0.019529 -0.026842 -0.683585
v -0.019723 -0.033659 -0.690399
v -0.019956 -0.038788 -0.698558
v -0.020216 -0.041972 -0.707654
v -0.020490 -0.043051 -0.717230
v -0.020763 -0.041972 -0.726806
v -0.021023 -0.038788 -0.735902
v -0.021256 -0.033659 -0.744061
v -0.021451 -0.026842 -0.750875
v -0.021597 -0.018679 -0.756002
v -0.021688 -0.009580 -0.759185
v -0.108241 0.000000 -0.752832
v -0.108087 0.009580 -0.751764
v -0.107634 0.018679 -0.748612
v -0.106904 0.026842 -0.743536
v -0.105934 0.033659 -0.736788
v -0.104773 0.038788 -0.728708
v -0.103478 0.041972 -0.719701
v -0.102114 0.043051 -0.710219
v -0.100751 0.041972 -0.700737
v -0.099456 0.038788 -0.691730
v -0.098294 0.033659 -0.683650
v -0.097324 0.026842 -0.676903
v -0.096594 0.018679 -0.671826
v -0.096141 0.009580 -0.668674
v -0.095987 0.000000 -0.667606
v -0.096141 -0.009580 -0.668674
v -0.096594 -0.018679 -0.671826
v -0.097324 -0.026842 -0.676903
v -0.098294 -0.033659 -0.683650
v -0.099456 -0.038788 -0.691730
v -0.100751 -0.041972 -0.700737
v -0.102114 -0.043051 -0.710219
v -0.103478 -0.041972 -0.719701
v -0.104773 -0.038788 -0.728708
v -0.105934 -0.033659 -0.736788
v -0.106904 -0.026842 -0.743536
v -0.107634 -0.018679 -0.748612
v -0.108087 -0.009580 -0.751764
v -0.193352 0.000000 -0.735587
v -0.193077 0.009580 -0.734543
v -0.192268 0.018679 -0.731463
v -0.190964 0.026842 -0.726503
v -0.189231 0.033659 -0.719910
v -0.187156 0.038788 -0.712015
v -0.184843 0.041972 -0.703215
v -0.182407 0.043051 -0.693950
v -0.179972 0.041972 -0.684685
v -0.177659 0.038788 -0.675884
v -0.175584 0.033659 -0.667989
v -0.173851 0.026842 -0.661397
v -0.172547 0.018679 -0.656436
v -0.171737 0.009580 -0.653357
v -0.171463 0.000000 -0.652313
v -0.171737 -0.009580 -0.653357
v -0.172547 -0.018679 -0.656436
v -0.173851 -0.026842 -0.661397
v -0.175584 -0.033659 -0.667989
v -0.177659 -0.038788 -0.675884
v -0.179972 -0.041972 -0.684685
v -0.182407 -0.043051 -0.693950
v -0.184843 -0.041972 -0.703215
v -0.187156 -0.038788 -0.712015
v -0.189231 -0.033659 -0.719910
v -0.190964 -0.026842 -0.726503
v -0.192268 -0.018679 -0.731463
v -0.193077 -0.009580 -0.734543
v -0.275942 0.000000 -0.708751
v -0.275550 0.009580 -0.707746
v -0.274395 0.018679 -0.704778
v -0.272534 0.026842 -0.699999
v -0.270061 0.033659 -0.693647
v -0.267100 0.038788 -0.686040
v -0.263798 0.041972 -0.677560
v -0.260323 0.043051 -0.668633
v -0.256847 0.041972 -0.659706
v -0.253546 0.038788 -0.651227
v -0.250584 0.033659 -0.643620
v -0.248111 0.026842 -0.637268
v -0.246250 0.018679 -0.632488
v -0.245095 0.009580 -0.629521
v -0.244703 0.000000 -0.628515
v -0.245095 -0.009580 -0.629521
v -0.246250 -0.018679 -0.632488
v -0.248111 -0.026842 -0.637268
v -0.250584 -0.033659 -0.643620
v -0.253546 -0.038788 -0.651227
v -0.256847 -0.041972 -0.659706
v -0.260323 -0.043051 -0.668633
v -0.263798 -0.041972 -0.677560
v -0.267100 -0.038788 -0.686040
v -0.270061 -0.033659 -0.693647
v -0.272534 -0.026842 -0.699999
v -0.274395 -0.018679 -0.704778
v -0.275550 -0.009580 -0.707746
v -0.354935 0.000000 -0.672677
v -0.354431 0.009580 -0.671722
v -0.352945 0.018679 -0.668906
v -0.350552 0.026842 -0.664370
v -0.347371 0.033659 -0.658341
v -0.343561 0.038788 -0.651121
v -0.339315 0.041972 -0.643073
v -0.334844 0.043051 -0.634601
v -0.330374 0.041972 -0.626128
v -0.326127 0.038788 -0.618080
v -0.322318 0.033659 -0.610861
v -0.319137 0.026842 -0.604831
v -0.316743 0.018679 -0.600295
v -0.315257 0.009580 -0.597479
v -0.314754 0.000000 -0.596524
v -0.315257 -0.009580 -0.597479
v -0.316743 -0.018679 -0.600295
v -0.319137 -0.026842 -0.604831
v -0.322318 -0.033659 -0.610861
v -0.326127 -0.038788 -0.618080
v -0.330374 -0.041972 -0.626128
v -0.334844 -0.043051 -0.634601
v -0.339315 -0.041972 -0.643073
v -0.343561 -0.038788 -0.651121
v -0.347371 -0.033659 -0.658341
v -0.350552 -0.026842 -0.664370
v -0.352945 -0.018679 -0.668906
v -0.354431 -0.009580 -0.671722
v -0.429301 0.000000 -0.627832
v -0.428691 0.009580 -0.626941
v -0.426894 0.018679 -0.624313
v -0.423999 0.026842 -0.620079
v -0.420152 0.033659 -0.614452
v -0.415544 0.038788 -0.607714
v -0.410408 0.041972 -0.600203
v -0.405001 0.043051 -0.592295
v -0.399593 0.041972 -0.584387
v -0.394457 0.038788 -0.576875
v -0.389850 0.033659 -0.570137
v -0.386002 0.026842 -0.564510
v -0.383107 0.018679 -0.560276
v -0.381310 0.009580 -0.557648
v -0.380701 0.000000 -0.556757
v -0.381310 -0.009580 -0.557648
v -0.383107 -0.018679 -0.560276
v -0.386002 -0.026842 -0.564510
v -0.389850 -0.033659 -0.570137
v -0.394457 -0.038788 -0.576875
v -0.399593 -0.041972 -0.584387
v -0.405001 -0.043051 -0.592295
v -0.410408 -0.041972 -0.600203
v -0.415544 -0.038788 -0.607714
v -0.420152 -0.033659 -0.614452
v -0.423999 -0.026842 -0.620079
v -0.426894 -0.018679 -0.624313
v -0.428691 -0.009580 -0.626941
v -0.498070 0.000000 -0.574803
v -0.497363 0.009580 -0.573988
v -0.495278 0.018679 -0.571581
v -0.491919 0.026842 -0.567705
v -0.487455 0.033659 -0.562553
v -0.482110 0.038788 -0.556384
v -0.476151 0.041972 -0.549507
v -0.469877 0.043051 -0.542267
v -0.463604 0.041972 -0.535027
v -0.457645 0.038788 -0.528150
v -0.452299 0.033659 -0.521982
v -0.447835 0.026842 -0.516830
v -0.444477 0.018679 -0.512953
v -0.442391 0.009580 -0.510547
v -0.441685 0.000000 -0.509731
v -0.442391 -0.009580 -0.510547
v -0.444477 -0.018679 -0.512953
v -0.447835 -0.026842 -0.516830
v -0.452299 -0.033659 -0.521982
v -0.457645 -0.038788 -0.528150
v -0.463604 -0.041972 -0.535027
v -0.469877 -0.043051 -0.542267
v -0.476151 -0.041972 -0.549507
v -0.482110 -0.038788 -0.556384
v -0.487455 -0.033659 -0.562553
v -0.491919 -0.026842 -0.567705
v -0.495278 -0.018679 -0.571581
v -0.497363 -0.009580 -0.573988
v -0.560346 0.000000 -0.514281
v -0.559551 0.009580 -0.513551
v -0.557205 0.018679 -0.511398
v -0.553426 0.026842 -0.507930
v -0.548404 0.033659 -0.503320
v -0.542390 0.038788 -0.497801
v -0.535686 0.041972 -0.491648
v -0.528629 0.043051 -0.485171
v -0.521571 0.041972 -0.478693
v -0.514867 0.038788 -0.472540
v -0.508853 0.033659 -0.467021
v -0.503831 0.026842 -0.462411
v -0.500052 0.018679 -0.458943
v -0.497706 0.009580 -0.456790
v -0.496911 0.000000 -0.456060
v -0.497706 -0.009580 -0.456790
v -0.500052 -0.018679 -0.458943
v -0.503831 -0.026842 -0.462411
v -0.508853 -0.033659 -0.467021
v -0.514867 -0.038788 -0.472540
v -0.521571 -0.041972 -0.478693
v -0.528629 -0.043051 -0.485171
v -0.535686 -0.041972 -0.491648
v -0.542390 -0.038788 -0.497801
v -0.548404 -0.033659 -0.503320
v -0.553426 -0.026842 -0.507930
v -0.557205 -0.018679 -0.511398
v -0.559551 -0.009580 -0.513551
v -0.615317 0.000000 -0.447054
v -0.614444 0.009580 -0.446419
v -0.611868 0.018679 -0.444548
v -0.607719 0.026842 -0.441533
v -0.602204 0.033659 -0.437526
v -0.595600 0.038788 -0.432728
v -0.588238 0.041972 -0.427380
v -0.580488 0.043051 -0.421749
v -0.572738 0.041972 -0.416118
v -0.565376 0.038788 -0.410770
v -0.558772 0.033659 -0.405972
v -0.553257 0.026842 -0.401965
v -0.549108 0.018679 -0.398950
v -0.546532 0.009580 -0.397078
v -0.545659 0.000000 -0.396444
v -0.546532 -0.009580 -0.397078
v -0.549108 -0.018679 -0.398950
v -0.553257 -0.026842 -0.401965
v -0.558772 -0.033659 -0.405972
v -0.565376 -0.038788 -0.410770
v -0.572738 -0.041972 -0.416118
v -0.580488 -0.043051 -0.421749
v -0.588238 -0.041972 -0.427380
v -0.595600 -0.038788 -0.432728
v -0.602204 -0.033659 -0.437526
v -0.607719 -0.026842 -0.441533
v -0.611868 -0.018679 -0.444548
v -0.614444 -0.009580 -0.446419
v -0.662267 0.000000 -0.373999
v -0.661327 0.009580 -0.373468
v -0.658554 0.018679 -0.371903
v -0.654088 0.026842 -0.369380
v -0.648153 0.033659 -0.366028
v -0.641045 0.038788 -0.362015
v -0.633122 0.041972 -0.357540
v -0.624780 0.043051 -0.352829
v -0.616438 0.041972 -0.348119
v -0.608515 0.038788 -0.343644
v -0.601407 0.033659 -0.339630
v -0.595472 0.026842 -0.336278
v -0.591006 0.018679 -0.333756
v -0.588233 0.009580 -0.332190
v -0.587293 0.000000 -0.331659
v -0.588233 -0.009580 -0.332190
v -0.591006 -0.018679 -0.333756
v -0.595472 -0.026842 -0.336278
v -0.601407 -0.033659 -0.339630
v -0.608515 -0.038788 -0.343644
v -0.616438 -0.041972 -0.348119
v -0.624780 -0.043051 -0.352829
v -0.633122 -0.041972 -0.357540
v -0.641045 -0.038788 -0.362015
v -0.648153 -0.033659 -0.366028
v -0.654088 -0.026842 -0.369380
v -0.658554 -0.018679 -0.371903
v -0.661327 -0.009580 -0.373468
v -0.700583 0.000000 -0.296068
v -0.699588 0.009580 -0.295648
v -0.696655 0.018679 -0.294409
v -0.691931 0.026842 -0.292412
v -0.685652 0.033659 -0.289759
v -0.678133 0.038788 -0.286581
v -0.669751 0.041972 -0.283039
v -0.660927 0.043051 -0.279310
v -0.652103 0.041972 -0.275581
v -0.643721 0.038788 -0.272039
v -0.636202 0.033659 -0.268861
v -0.629923 0.026842 -0.266208
v -0.625198 0.018679 -0.264211
v -0.622266 0.009580 -0.262971
v -0.621271 0.000000 -0.262551
v -0.622266 -0.009580 -0.262971
v -0.625198 -0.018679 -0.264211
v -0.629923 -0.026842 -0.266208
v -0.636202 -0.033659 -0.268861
v -0.643721 -0.038788 -0.272039
v -0.652103 -0.041972 -0.275581
v -0.660927 -0.043051 -0.279310
v -0.669751 -0.041972 -0.283039
v -0.678133 -0.038788 -0.286581
v -0.685652 -0.033659 -0.289759
v -0.691931 -0.026842 -0.292412
v -0.696655 -0.018679 -0.294409
v -0.699588 -0.009580 -0.295648
v -0.729765 0.000000 -0.214278
v -0.728730 0.009580 -0.213974
v -0.725675 0.018679 -0.213077
v -0.720753 0.026842 -0.211632
v -0.714213 0.033659 -0.209712
v -0.706380 0.038788 -0.207412
v -0.697650 0.041972 -0.204848
v -0.688458 0.043051 -0.202149
v -0.679266 0.041972 -0.199450
v -0.670535 0.038788 -0.196887
v -0.662703 0.033659 -0.194587
v -0.656162 0.026842 -0.192667
v -0.651241 0.018679 -0.191221
v -0.648186 0.009580 -0.190324
v -0.647150 0.000000 -0.190020
v -0.648186 -0.009580 -0.190324
v -0.651241 -0.018679 -0.191221
v -0.656162 -0.026842 -0.192667
v -0.662703 -0.033659 -0.194587
v -0.670535 -0.038788 -0.196887
v -0.679266 -0.041972 -0.199450
v -0.688458 -0.043051 -0.202149
v -0.697650 -0.041972 -0.204848
v -0.706380 -0.038788 -0.207412
v -0.714213 -0.033659 -0.209712
v -0.720753 -0.026842 -0.211632
v -0.725675 -0.018679 -0.213077
v -0.728730 -0.009580 -0.213974
v -0.749434 0.000000 -0.129695
v -0.748371 0.009580 -0.129511
v -0.745233 0.018679 -0.128968
v -0.740180 0.026842 -0.128093
v -0.733463 0.033659 -0.126931
v -0.725419 0.038788 -0.125539
v -0.716453 0.041972 -0.123987
v -0.707014 0.043051 -0.122353
v -0.697574 0.041972 -0.120720
v -0.688608 0.038788 -0.119168
v -0.680565 0.033659 -0.117776
v -0.673848 0.026842 -0.116614
v -0.668794 0.018679 -0.115739
v -0.665656 0.009580 -0.115196
v -0.664593 0.000000 -0.115012
v -0.665656 -0.009580 -0.115196
v -0.668794 -0.018679 -0.115739
v -0.673848 -0.026842 -0.116614
v -0.680565 -0.033659 -0.117776
v -0.688608 -0.038788 -0.119168
v -0.697574 -0.041972 -0.120720
v -0.707014 -0.043051 -0.122353
v -0.716453 -0.041972 -0.123987
v -0.725419 -0.038788 -0.125539
v -0.733463 -0.033659 -0.126931
v -0.740180 -0.026842 -0.128093
v -0.745233 -0.018679 -0.128968
v -0.748371 -0.009580 -0.129511
v -0.759333 0.000000 -0.043420
v -0.758256 0.009580 -0.043359
v -0.755077 0.018679 -0.043177
v -0.749956 0.026842 -0.042884
v -0.743151 0.033659 -0.042495
v -0.735001 0.038788 -0.042029
v -0.725916 0.041972 -0.041509
v -0.716352 0.043051 -0.040962
v -0.706788 0.041972 -0.040416
v -0.697703 0.038788 -0.039896
v -0.689554 0.033659 -0.039430
v -0.682748 0.026842 -0.039041
v -0.677628 0.018679 -0.038748
v -0.674449 0.009580 -0.038566
v -0.673371 0.000000 -0.038505
v -0.674449 -0.009580 -0.038566
v -0.677628 -0.018679 -0.038748
v -0.682748 -0.026842 -0.039041
v -0.689554 -0.033659 -0.039430
v -0.697703 -0.038788 -0.039896
v -0.706788 -0.041972 -0.040416
v -0.716352 -0.043051 -0.040962
v -0.725916 -0.041972 -0.041509
v -0.735001 -0.038788 -0.042029
v -0.743151 -0.033659 -0.042495
v -0.749956 -0.026842 -0.042884
v -0.755077 -0.018679 -0.043177
v -0.758256 -0.009580 -0.043359
v -0.759333 0.000000 0.043420
v -0.758256 0.009580 0.043359
v -0.755077 0.018679 0.043177
v -0.749956 0.026842 0.042884
v -0.743151 0.033659 0.042495
v -0.735001 0.038788 0.042029
v -0.725916 0.041972 0.041509
v -0.716352 0.043051 0.040962
v -0.706788 0.041972 0.040416
v -0.697703 0.038788 0.039896
v -0.689554 0.033659 0.039430
v -0.682748 0.026842 0.039041
v -0.677628 0.018679 0.038748
v -0.674449 0.009580 0.038566
v -0.673371 0.000000 0.038505
v -0.674449 -0.009580 0.038566
v -0.677628 -0.018679 0.038748
v -0.682748 -0.026842 0.039041
v -0.689554 -0.033659 0.039430
v -0.697703 -0.038788 0.039896
v -0.706788 -0.041972 0.040416
v -0.716352 -0.043051 0.040962
v -0.725916 -0.041972 0.041509
v -0.735001 -0.038788 0.042029
v -0.743151 -0.033659 0.042495
v -0.749956 -0.026842 0.042884
v -0.755077 -0.018679 0.043177
v -0.758256 -0.009580 0.043359
v -0.749434 0.000000 0.129695
v -0.748371 0.009580 0.129511
v -0.745233 0.018679 0.128968
v -0.740180 0.026842 0.128093
v -0.733463 0.033659 0.126931
v -0.725419 0.038788 0.125539
v -0.716453 0.041972 0.123987
v -0.707014 0.043051 0.122353
v -0.697574 0.041972 0.120720
v -0.688608 0.038788 0.119168
v -0.680565 0.033659 0.117776
v -0.673848 0.026842 0.116614
v -0.668794 0.018679 0.115739
v -0.665656 0.009580 0.115196
v -0.664593 0.000000 0.115012
v -0.665656 -0.009580 0.115196
v -0.668794 -0.018679 0.115739
v -0.673848 -0.026842 0.116614
v -0.680565 -0.033659 0.117776
v -0.688608 -0.038788 0.119168
v -0.697574 -0.041972 0.120720
v -0.707014 -0.043051 0.122353
v -0.716453 -0.041972 0.123987
v -0.725419 -0.038788 0.125539
v -0.733463 -0.033659 0.126931
v -0.740180 -0.026842 0.128093
v -0.745233 -0.018679 0.128968
v -0.748371 -0.009580 0.129511
v -0.729765 0.000000 0.214278
v -0.728730 0.009580 0.213974
v -0.725675 0.018679 0.213077
v -0.720753 0.026842 0.211632
v -0.714213 0.033659 0.209712
v -0.706380 0.038788 0.207412
v -0.697650 0.041972 0.204848
v -0.688458 0.043051 0.202149
v -0.679266 0.041972 0.199450
v -0.670535 0.038788 0.196887
v -0.662703 0.033659 0.194587
v -0.656162 0.026842 0.192667
v -0.651241 0.018679 0.191221
v -0.648186 0.009580 0.190324
v -0.647150 0.000000 0.190020
v -0.648186 -0.009580 0.190324
v -0.651241 -0.018679 0.191221
v -0.656162 -0.026842 0.192667
v -0.662703 -0.033659 0.194587
v -0.670535 -0.038788 0.196887
v -0.679266 -0.041972 0.199450
v -0.688458 -0.043051 0.202149
v -0.697650 -0.041972 0.204848
v -0.706380 -0.038788 0.207412
v -0.714213 -0.033659 0.209712
v -0.720753 -0.026842 0.211632
v -0.725675 -0.018679 0.213077
v -0.728730 -0.009580 0.213974
v -0.700583 0.000000 0.296068
v -0.699588 0.009580 0.295648
v -0.696655 0.018679 0.294409
v -0.691931 0.026842 0.292412
v -0.685652 0.033659 0.289759
v -0.678133 0.038788 0.286581
v -0.669751 0.041972 0.283039
v -0.660927 0.043051 0.279310
v -0.652103 0.041972 0.275581
v -0.643721 0.038788 0.272039
v -0.636202 0.033659 0.268861
v -0.629923 0.026842 0.266208
v -0.625198 0.018679 0.264211
v -0.622266 0.009580 0.262971
v -0.621271 0.000000 0.262551
v -0.622266 -0.009580 0.262971
v -0.625198 -0.018679 0.264211
v -0.629923 -0.026842 0.266208
v -0.636202 -0.033659 0.268861
v -0.643721 -0.038788 0.272039
v -0.652103 -0.041972 0.275581
v -0.660927 -0.043051 0.279310
v -0.669751 -0.041972 0.283039
v -0.678133 -0.038788 0.286581
v -0.685652 -0.033659 0.289759
v -0.691931 -0.026842 0.292412
v -0.696655 -0.018679 0.294409
v -0.699588 -0.009580 0.295648
v -0.662267 0.000000 0.373999
v -0.661327 0.009580 0.373468
v -0.658554 0.018679 0.371903
v -0.654088 0.026842 0.369380
v -0.648153 0.033659 0.366028
v -0.641045 0.038788 0.362015
v -0.633122 0.041972 0.357540
v -0.624780 0.043051 0.352829
v -0.616438 0.041972 0.348119
v -0.608515 0.038788 0.343644
v -0.601407 0.033659 0.339630
v -0.595472 0.026842 0.336278
v -0.591006 0.018679 0.333756
v -0.588233 0.009580 0.332190
v -0.587293 0.000000 0.331659
v -0.588233 -0.009580 0.332190
v -0.591006 -0.018679 0.333756
v -0.595472 -0.026842 0.336278
v -0.601407 -0.033659 0.339630
v -0.608515 -0.038788 0.343644
v -0.616438 -0.041972 0.348119
v -0.624780 -0.043051 0.352829
v -0.633122 -0.041972 0.357540
v -0.641045 -0.038788 0.362015
v -0.648153 -0.033659 0.366028
v -0.654088 -0.026842 0.369380
v -0.658554 -0.018679 0.371903
v -0.661327 -0.009580 0.373468
v -0.615317 0.000000 0.447054
v -0.614444 0.009580 0.446419
v -0.611868 0.018679 0.444548
v -0.607719 0.026842 0.441533
v -0.602204 0.033659 0.437526
v -0.595600 0.038788 0.432728
v -0.588238 0.041972 0.427380
v -0.580488 0.043051 0.421749
v -0.572738 0.041972 0.416118
v -0.565376 0.038788 0.410770
v -0.558772 0.033659 0.405972
v -0.553257 0.026842 0.401965
v -0.549108 0.018679 0.398950
v -0.546532 0.009580 0.397078
v -0.545659 0.000000 0.396444
v -0.546532 -0.009580 0.397078
v -0.549108 -0.018679 0.398950
v -0.553257 -0.026842 0.401965
v -0.558772 -0.033659 0.405972
v -0.565376 -0.038788 0.410770
v -0.572738 -0.041972 0.416118
v -0.580488 -0.043051 0.421749
v -0.588238 -0.041972 0.427380
v -0.595600 -0.038788 0.432728
v -0.602204 -0.033659 0.437526
v -0.607719 -0.026842 0.441533
v -0.611868 -0.018679 0.444548
v -0.614444 -0.009580 0.446419
v -0.560346 0.000000 0.514281
v -0.559551 0.009580 0.513551
v -0.557205 0.018679 0.511398
v -0.553426 0.026842 0.507930
v -0.548404 0.033659 0.503320
v -0.542390 0.038788 0.497801
v -0.535686 0.041972 0.491648
v -0.528629 0.043051 0.485171
v -0.521571 0.041972 0.478693
v -0.514867 0.038788 0.472540
v -0.508853 0.033659 0.467021
v -0.503831 0.026842 0.462411
v -0.500052 0.018679 0.458943
v -0.497706 0.009580 0.456790
v -0.496911 0.000000 0.456060
v -0.497706 -0.009580 0.456790
v -0.500052 -0.018679 0.458943
v -0.503831 -0.026842 0.462411
v -0.508853 -0.033659 0.467021
v -0.514867 -0.038788 0.472540
v -0.521571 -0.041972 0.478693
v -0.528629 -0.043051 0.485171
v -0.535686 -0.041972 0.491648
v -0.542390 -0.038788 0.497801
v -0.548404 -0.033659 0.503320
v -0.553426 -0.026842 0.507930
v -0.557205 -0.018679 0.511398
v -0.559551 -0.009580 0.513551
v -0.498070 0.000000 0.574803
v -0.497363 0.009580 0.573987
v -0.495278 0.018679 0.571581
v -0.491919 0.026842 0.567705
v -0.487455 0.033659 0.562553
v -0.482110 0.038788 0.556384
v -0.476151 0.041972 0.549507
v -0.469878 0.043051 0.542267
v -0.463604 0.041972 0.535027
v -0.457645 0.038788 0.528150
v -0.452300 0.033659 0.521981
v -0.447836 0.026842 0.516829
v -0.444477 0.018679 0.512953
v -0.442392 0.009580 0.510547
v -0.441685 0.000000 0.509731
v -0.442392 -0.009580 0.510547
v -0.444477 -0.018679 0.512953
v -0.447836 -0.026842 0.516829
v -0.452300 -0.033659 0.521981
v -0.457645 -0.038788 0.528150
v -0.463604 -0.041972 0.535027
v -0.469878 -0.043051 0.542267
v -0.476151 -0.041972 0.549507
v -0.482110 -0.038788 0.556384
v -0.487455 -0.033659 0.562553
v -0.491919 -0.026842 0.567705
v -0.495278 -0.018679 0.571581
v -0.497363 -0.009580 0.573987
v -0.429301 0.000000 0.627832
v -0.428692 0.009580 0.626941
v -0.426895 0.018679 0.624313
v -0.424000 0.026842 0.620079
v -0.420152 0.033659 0.614452
v -0.415544 0.038788 0.607714
v -0.410408 0.041972 0.600202
v -0.405001 0.043051 0.592294
v -0.399594 0.041972 0.584387
v -0.394458 0.038788 0.576875
v -0.389850 0.033659 0.570137
v -0.386002 0.026842 0.564510
v -0.383107 0.018679 0.560276
v -0.381310 0.009580 0.557648
v -0.380701 0.000000 0.556757
v -0.381310 -0.009580 0.557648
v -0.383107 -0.018679 0.560276
v -0.386002 -0.026842 0.564510
v -0.389850 -0.033659 0.570137
v -0.394458 -0.038788 0.576875
v -0.399594 -0.041972 0.584387
v -0.405001 -0.043051 0.592294
v -0.410408 -0.041972 0.600202
v -0.415544 -0.038788 0.607714
v -0.420152 -0.033659 0.614452
v -0.424000 -0.026842 0.620079
v -0.426895 -0.018679 0.624313
v -0.428692 -0.009580 0.626941
v -0.354935 0.000000 0.672676
v -0.354432 0.009580 0.671722
v -0.352946 0.018679 0.668906
v -0.350552 0.026842 0.664369
v -0.347371 0.033659 0.658340
v -0.343562 0.038788 0.651121
v -0.339315 0.041972 0.643073
v -0.334845 0.043051 0.634600
v -0.330374 0.041972 0.626128
v -0.326128 0.038788 0.618080
v -0.322318 0.033659 0.610860
v -0.319137 0.026842 0.604831
v -0.316744 0.018679 0.600295
v -0.315258 0.009580 0.597479
v -0.314754 0.000000 0.596524
v -0.315258 -0.009580 0.597479
v -0.316744 -0.018679 0.600295
v -0.319137 -0.026842 0.604831
v -0.322318 -0.033659 0.610860
v -0.326128 -0.038788 0.618080
v -0.330374 -0.041972 0.626128
v -0.334845 -0.043051 0.634600
v -0.339315 -0.041972 0.643073
v -0.343562 -0.038788 0.651121
v -0.347371 -0.033659 0.658340
v -0.350552 -0.026842 0.664369
v -0.352946 -0.018679 0.668906
v -0.354432 -0.009580 0.671722
v -0.275942 0.000000 0.708751
v -0.275551 0.009580 0.707745
v -0.274396 0.018679 0.704778
v -0.272535 0.026842 0.699999
v -0.270062 0.033659 0.693646
v -0.267100 0.038788 0.686040
v -0.263799 0.041972 0.677560
v -0.260323 0.043051 0.668633
v -0.256847 0.041972 0.659706
v -0.253546 0.038788 0.651227
v -0.250585 0.033659 0.643620
v -0.248111 0.026842 0.637268
v -0.246250 0.018679 0.632488
v -0.245095 0.009580 0.629521
v -0.244704 0.000000 0.628515
v -0.245095 -0.009580 0.629521
v -0.246250 -0.018679 0.632488
v -0.248111 -0.026842 0.637268
v -0.250585 -0.033659 0.643620
v -0.253546 -0.038788 0.651227
v -0.256847 -0.041972 0.659706
v -0.260323 -0.043051 0.668633
v -0.263799 -0.041972 0.677560
v -0.267100 -0.038788 0.686040
v -0.270062 -0.033659 0.693646
v -0.272535 -0.026842 0.699999
v -0.274396 -0.018679 0.704778
v -0.275551 -0.009580 0.707745
v -0.193352 0.000000 0.735586
v -0.193078 0.009580 0.734542
v -0.192268 0.018679 0.731463
v -0.190965 0.026842 0.726503
v -0.189232 0.033659 0.719910
v -0.187156 0.038788 0.712015
v -0.184843 0.041972 0.703215
v -0.182408 0.043051 0.693950
v -0.179972 0.041972 0.684684
v -0.177659 0.038788 0.675884
v -0.175584 0.033659 0.667989
v -0.173851 0.026842 0.661396
v -0.172547 0.018679 0.656436
v -0.171738 0.009580 0.653356
v -0.171463 0.000000 0.652313
v -0.171738 -0.009580 0.653356
v -0.172547 -0.018679 0.656436
v -0.173851 -0.026842 0.661396
v -0.175584 -0.033659 0.667989
v -0.177659 -0.038788 0.675884
v -0.179972 -0.041972 0.684684
v -0.182408 -0.043051 0.693950
v -0.184843 -0.041972 0.703215
v -0.187156 -0.038788 0.712015
v -0.189232 -0.033659 0.719910
v -0.190965 -0.026842 0.726503
v -0.192268 -0.018679 0.731463
v -0.193078 -0.009580 0.734542
v -0.108241 0.000000 0.752832
v -0.108088 0.009580 0.751764
v -0.107635 0.018679 0.748612
v -0.106905 0.026842 0.743535
v -0.105935 0.033659 0.736788
v -0.104773 0.038788 0.728708
v -0.103478 0.041972 0.719701
v -0.102115 0.043051 0.710219
v -0.100751 0.041972 0.700737
v -0.099456 0.038788 0.691730
v -0.098294 0.033659 0.683650
v -0.097324 0.026842 0.676903
v -0.096594 0.018679 0.671826
v -0.096141 0.009580 0.668674
v -0.095988 0.000000 0.667606
v -0.096141 -0.009580 0.668674
v -0.096594 -0.018679 0.671826
v -0.097324 -0.026842 0.676903
v -0.098294 -0.033659 0.683650
v -0.099456 -0.038788 0.691730
v -0.100751 -0.041972 0.700737
v -0.102115 -0.043051 0.710219
v -0.103478 -0.041972 0.719701
v -0.104773 -0.038788 0.728708
v -0.105935 -0.033659 0.736788
v -0.106905 -0.026842 0.743535
v -0.107635 -0.018679 0.748612
v -0.108088 -0.009580 0.751764
v -0.021719 0.000000 0.760264
v -0.021689 0.009580 0.759185
v -0.021598 0.018679 0.756002
v -0.021451 0.026842 0.750875
v -0.021257 0.033659 0.744061
v -0.021023 0.038788 0.735902
v -0.020764 0.041972 0.726806
v -0.020490 0.043051 0.717230
v -0.020216 0.041972 0.707654
v -0.019957 0.038788 0.698558
v -0.019724 0.033659 0.690399
v -0.019529 0.026842 0.683585
v -0.019382 0.018679 0.678458
v -0.019291 0.009580 0.675275
v -0.019261 0.000000 0.674196
v -0.019291 -0.009580 0.675275
v -0.019382 -0.018679 0.678458
v -0.019529 -0.026842 0.683585
v -0.019724 -0.033659 0.690399
v -0.019957 -0.038788 0.698558
v -0.020216 -0.041972 0.707654
v -0.020490 -0.043051 0.717230
v -0.020764 -0.041972 0.726806
v -0.021023 -0.038788 0.735902
v -0.021257 -0.033659 0.744061
v -0.021451 -0.026842 0.750875
v -0.021598 -0.018679 0.756002
v -0.021689 -0.009580 0.759185
v 0.065086 0.000000 0.757784
v 0.064994 0.009580 0.756708
v 0.064721 0.018679 0.753536
v 0.064283 0.026842 0.748426
v 0.063699 0.033659 0.741634
v 0.063001 0.038788 0.733501
v 0.062222 0.041972 0.724435
v 0.061402 0.043051 0.714890
v 0.060582 0.041972 0.705346
v 0.059804 0.038788 0.696280
v 0.059105 0.033659 0.688147
v 0.058522 0.026842 0.681355
v 0.058083 0.018679 0.676245
v 0.057810 0.009580 0.673072
v 0.057718 0.000000 0.671997
v 0.057810 -0.009580 0.673072
v 0.058083 -0.018679 0.676245
v 0.058522 -0.026842 0.681355
v 0.059105 -0.033659 0.688147
v 0.059804 -0.038788 0.696280
v 0.060582 -0.041972 0.705346
v 0.061402 -0.043051 0.714890
v 0.062222 -0.041972 0.724435
v 0.063001 -0.038788 0.733501
v 0.063699 -0.033659 0.741634
v 0.064283 -0.026842 0.748426
v 0.064721 -0.018679 0.753536
v 0.064994 -0.009580 0.756708
v 0.151043 0.000000 0.745425
v 0.150829 0.009580 0.744367
v 0.150196 0.018679 0.741247
v 0.149178 0.026842 0.736220
v 0.147824 0.033659 0.729539
v 0.146203 0.038788 0.721538
v 0.144396 0.041972 0.712620
v 0.142493 0.043051 0.703231
v 0.140591 0.041972 0.693842
v 0.138784 0.038788 0.684924
v 0.137163 0.033659 0.676924
v 0.135809 0.026842 0.670243
v 0.134790 0.018679 0.665216
v 0.134158 0.009580 0.662095
v 0.133944 0.000000 0.661037
v 0.134158 -0.009580 0.662095
v 0.134790 -0.018679 0.665216
v 0.135809 -0.026842 0.670243
v 0.137163 -0.033659 0.676924
v 0.138784 -0.038788 0.684924
v 0.140591 -0.041972 0.693842
v 0.142493 -0.043051 0.703231
v 0.144396 -0.041972 0.712620
v 0.146203 -0.038788 0.721538
v 0.147824 -0.033659 0.729539
v 0.149178 -0.026842 0.736220
v 0.150196 -0.018679 0.741247
v 0.150829 -0.009580 0.744367
v 0.235030 0.000000 0.723349
v 0.234697 0.009580 0.722322
v 0.233713 0.018679 0.719294
v 0.232128 0.026842 0.714416
v 0.230021 0.033659 0.707933
v 0.227499 0.038788 0.700170
v 0.224687 0.041972 0.691515
v 0.221727 0.043051 0.682404
v 0.218766 0.041972 0.673293
v 0.215955 0.038788 0.664639
v 0.213432 0.033659 0.656876
v 0.211326 0.026842 0.650393
v 0.209741 0.018679 0.645515
v 0.208757 0.009580 0.642487
v 0.208423 0.000000 0.641460
v 0.208757 -0.009580 0.642487
v 0.209741 -0.018679 0.645515
v 0.211326 -0.026842 0.650393
v 0.213432 -0.033659 0.656876
v 0.215955 -0.038788 0.664639
v 0.218766 -0.041972 0.673293
v 0.221727 -0.043051 0.682404
v 0.224687 -0.041972 0.691515
v 0.227499 -0.038788 0.700170
v 0.230021 -0.033659 0.707933
v 0.232128 -0.026842 0.714416
v 0.233713 -0.018679 0.719294
v 0.234697 -0.009580 0.722322
v 0.315954 0.000000 0.691842
v 0.315506 0.009580 0.690860
v 0.314183 0.018679 0.687964
v 0.312052 0.026842 0.683299
v 0.309220 0.033659 0.677098
v 0.305829 0.038788 0.669673
v 0.302049 0.041972 0.661395
v 0.298070 0.043051 0.652681
v 0.294090 0.041972 0.643967
v 0.290310 0.038788 0.635690
v 0.286919 0.033659 0.628265
v 0.284087 0.026842 0.622064
v 0.281957 0.018679 0.617399
v 0.280634 0.009580 0.614502
v 0.280186 0.000000 0.613521
v 0.280634 -0.009580 0.614502
v 0.281957 -0.018679 0.617399
v 0.284087 -0.026842 0.622064
v 0.286919 -0.033659 0.628265
v 0.290310 -0.038788 0.635690
v 0.294090 -0.041972 0.643967
v 0.298070 -0.043051 0.652681
v 0.302049 -0.041972 0.661395
v 0.305829 -0.038788 0.669673
v 0.309220 -0.033659 0.677098
v 0.312052 -0.026842 0.683299
v 0.314183 -0.018679 0.687964
v 0.315506 -0.009580 0.690860
v 0.392758 0.000000 0.651317
v 0.392201 0.009580 0.650392
v 0.390557 0.018679 0.647666
v 0.387908 0.026842 0.643273
v 0.384388 0.033659 0.637436
v 0.380173 0.038788 0.630446
v 0.375474 0.041972 0.622653
v 0.370527 0.043051 0.614450
v 0.365580 0.041972 0.606246
v 0.360881 0.038788 0.598454
v 0.356666 0.033659 0.591464
v 0.353146 0.026842 0.585626
v 0.350497 0.018679 0.581234
v 0.348853 0.009580 0.578507
v 0.348295 0.000000 0.577583
v 0.348853 -0.009580 0.578507
v 0.350497 -0.018679 0.581234
v 0.353146 -0.026842 0.585626
v 0.356666 -0.033659 0.591464
v 0.360881 -0.038788 0.598454
v 0.365580 -0.041972 0.606246
v 0.370527 -0.043051 0.614450
v 0.375474 -0.041972 0.622653
v 0.380173 -0.038788 0.630446
v 0.384388 -0.033659 0.637436
v 0.387908 -0.026842 0.643273
v 0.390557 -0.018679 0.647666
v 0.392201 -0.009580 0.650392
v 0.464443 0.000000 0.602300
v 0.463784 0.009580 0.601445
v 0.461839 0.018679 0.598924
v 0.458707 0.026842 0.594862
v 0.454545 0.033659 0.589464
v 0.449560 0.038788 0.583000
v 0.444004 0.041972 0.575794
v 0.438154 0.043051 0.568208
v 0.432304 0.041972 0.560621
v 0.426747 0.038788 0.553415
v 0.421763 0.033659 0.546951
v 0.417600 0.026842 0.541553
v 0.414468 0.018679 0.537491
v 0.412524 0.009580 0.534970
v 0.411864 0.000000 0.534115
v 0.412524 -0.009580 0.534970
v 0.414468 -0.018679 0.537491
v 0.417600 -0.026842 0.541553
v 0.421763 -0.033659 0.546951
v 0.426747 -0.038788 0.553415
v 0.432304 -0.041972 0.560621
v 0.438154 -0.043051 0.568208
v 0.444004 -0.041972 0.575794
v 0.449560 -0.038788 0.583000
v 0.454545 -0.033659 0.589464
v 0.458707 -0.026842 0.594862
v 0.461839 -0.018679 0.598924
v 0.463784 -0.009580 0.601445
v 0.530073 0.000000 0.545432
v 0.529320 0.009580 0.544658
v 0.527101 0.018679 0.542374
v 0.523527 0.026842 0.538696
v 0.518776 0.033659 0.533808
v 0.513087 0.038788 0.527954
v 0.506745 0.041972 0.521428
v 0.500068 0.043051 0.514558
v 0.493392 0.041972 0.507688
v 0.487050 0.038788 0.501163
v 0.481361 0.033659 0.495309
v 0.476610 0.026842 0.490420
v 0.473036 0.018679 0.486742
v 0.470817 0.009580 0.484459
v 0.470064 0.000000 0.483685
v 0.470817 -0.009580 0.484459
v 0.473036 -0.018679 0.486742
v 0.476610 -0.026842 0.490420
v 0.481361 -0.033659 0.495309
v 0.487050 -0.038788 0.501163
v 0.493392 -0.041972 0.507688
v 0.500068 -0.043051 0.514558
v 0.506745 -0.041972 0.521428
v 0.513087 -0.038788 0.527954
v 0.518776 -0.033659 0.533808
v 0.523527 -0.026842 0.538696
v 0.527101 -0.018679 0.542374
v 0.529320 -0.009580 0.544658
v 0.588792 0.000000 0.481453
v 0.587956 0.009580 0.480769
v 0.585491 0.018679 0.478754
v 0.581521 0.026842 0.475507
v 0.576244 0.033659 0.471192
v 0.569924 0.038788 0.466025
v 0.562880 0.041972 0.460265
v 0.555464 0.043051 0.454201
v 0.548048 0.041972 0.448137
v 0.541004 0.038788 0.442376
v 0.534684 0.033659 0.437209
v 0.529407 0.026842 0.432894
v 0.525437 0.018679 0.429647
v 0.522972 0.009580 0.427632
v 0.522136 0.000000 0.426949
v 0.522972 -0.009580 0.427632
v 0.525437 -0.018679 0.429647
v 0.529407 -0.026842 0.432894
v 0.534684 -0.033659 0.437209
v 0.541004 -0.038788 0.442376
v 0.548048 -0.041972 0.448137
v 0.555464 -0.043051 0.454201
v 0.562880 -0.041972 0.460265
v 0.569924 -0.038788 0.466025
v 0.576244 -0.033659 0.471192
v 0.581521 -0.026842 0.475507
v 0.585491 -0.018679 0.478754
v 0.587956 -0.009580 0.480769
v 0.639835 0.000000 0.411197
v 0.638927 0.009580 0.410614
v 0.636249 0.018679 0.408892
v 0.631934 0.026842 0.406119
v 0.626199 0.033659 0.402434
v 0.619332 0.038788 0.398021
v 0.611677 0.041972 0.393101
v 0.603618 0.043051 0.387922
v 0.595559 0.041972 0.382743
v 0.587904 0.038788 0.377823
v 0.581037 0.033659 0.373410
v 0.575303 0.026842 0.369725
v 0.570988 0.018679 0.366952
v 0.568309 0.009580 0.365230
v 0.567401 0.000000 0.364647
v 0.568309 -0.009580 0.365230
v 0.570988 -0.018679 0.366952
v 0.575303 -0.026842 0.369725
v 0.581037 -0.033659 0.373410
v 0.587904 -0.038788 0.377823
v 0.595559 -0.041972 0.382743
v 0.603618 -0.043051 0.387922
v 0.611677 -0.041972 0.393101
v 0.619332 -0.038788 0.398021
v 0.626199 -0.033659 0.402434
v 0.631934 -0.026842 0.406119
v 0.636249 -0.018679 0.408892
v 0.638927 -0.009580 0.410614
v 0.682538 0.000000 0.335581
v 0.681569 0.009580 0.335105
v 0.678712 0.018679 0.333700
v 0.674109 0.026842 0.331437
v 0.667992 0.033659 0.328429
v 0.660666 0.038788 0.324828
v 0.652500 0.041972 0.320813
v 0.643904 0.043051 0.316586
v 0.635307 0.041972 0.312359
v 0.627141 0.038788 0.308344
v 0.619816 0.033659 0.304743
v 0.613698 0.026842 0.301735
v 0.609095 0.018679 0.299472
v 0.606238 0.009580 0.298067
v 0.605269 0.000000 0.297591
v 0.606238 -0.009580 0.298067
v 0.609095 -0.018679 0.299472
v 0.613698 -0.026842 0.301735
v 0.619816 -0.033659 0.304743
v 0.627141 -0.038788 0.308344
v 0.635307 -0.041972 0.312359
v 0.643904 -0.043051 0.316586
v 0.652500 -0.041972 0.320813
v 0.660666 -0.038788 0.324828
v 0.667992 -0.033659 0.328429
v 0.674109 -0.026842 0.331437
v 0.678712 -0.018679 0.333700
v 0.681569 -0.009580 0.335105
v 0.716342 0.000000 0.255590
v 0.715326 0.009580 0.255228
v 0.712327 0.018679 0.254158
v 0.707496 0.026842 0.252434
v 0.701076 0.033659 0.250143
v 0.693388 0.038788 0.247400
v 0.684817 0.041972 0.244342
v 0.675794 0.043051 0.241123
v 0.666772 0.041972 0.237904
v 0.658202 0.038788 0.234846
v 0.650513 0.033659 0.232103
v 0.644093 0.026842 0.229812
v 0.639262 0.018679 0.228088
v 0.636263 0.009580 0.227018
v 0.635247 0.000000 0.226656
v 0.636263 -0.009580 0.227018
v 0.639262 -0.018679 0.228088
v 0.644093 -0.026842 0.229812
v 0.650513 -0.033659 0.232103
v 0.658202 -0.038788 0.234846
v 0.666772 -0.041972 0.237904
v 0.675794 -0.043051 0.241123
v 0.684817 -0.041972 0.244342
v 0.693388 -0.038788 0.247400
v 0.701076 -0.033659 0.250143
v 0.707496 -0.026842 0.252434
v 0.712327 -0.018679 0.254158
v 0.715326 -0.009580 0.255228
v 0.740808 0.000000 0.172268
v 0.739757 0.009580 0.172023
v 0.736655 0.018679 0.171302
v 0.731660 0.026842 0.170140
v 0.725020 0.033659 0.168596
v 0.717069 0.038788 0.166747
v 0.708206 0.041972 0.164686
v 0.698875 0.043051 0.162517
v 0.689545 0.041972 0.160347
v 0.680682 0.038788 0.158286
v 0.672731 0.033659 0.156437
v 0.666091 0.026842 0.154893
v 0.661096 0.018679 0.153731
v 0.657994 0.009580 0.153010
v 0.656943 0.000000 0.152766
v 0.657994 -0.009580 0.153010
v 0.661096 -0.018679 0.153731
v 0.666091 -0.026842 0.154893
v 0.672731 -0.033659 0.156437
v 0.680682 -0.038788 0.158286
v 0.689545 -0.041972 0.160347
v 0.698875 -0.043051 0.162517
v 0.708206 -0.041972 0.164686
v 0.717069 -0.038788 0.166747
v 0.725020 -0.033659 0.168596
v 0.731660 -0.026842 0.170140
v 0.736655 -0.018679 0.171302
v 0.739757 -0.009580 0.172023
v 0.755616 0.000000 0.086699
v 0.754544 0.009580 0.086576
v 0.751381 0.018679 0.086213
v 0.746285 0.026842 0.085628
v 0.739513 0.033659 0.084851
v 0.731403 0.038788 0.083921
v 0.722363 0.041972 0.082884
v 0.712845 0.043051 0.081792
v 0.703328 0.041972 0.080700
v 0.694288 0.038788 0.079662
v 0.686178 0.033659 0.078732
v 0.679406 0.026842 0.077955
v 0.674310 0.018679 0.077370
v 0.671147 0.009580 0.077007
v 0.670075 0.000000 0.076884
v 0.671147 -0.009580 0.077007
v 0.674310 -0.018679 0.077370
v 0.679406 -0.026842 0.077955
v 0.686178 -0.033659 0.078732
v 0.694288 -0.038788 0.079662
v 0.703328 -0.041972 0.080700
v 0.712845 -0.043051 0.081792
v 0.722363 -0.041972 0.082884
v 0.731403 -0.038788 0.083921
v 0.739513 -0.033659 0.084851
v 0.746285 -0.026842 0.085628
v 0.751381 -0.018679 0.086213
v 0.754544 -0.009580 0.086576
vt 0.508861 0.501126
vt 0.490750 0.501126
vt 0.490750 0.536605
vt 0.508861 0.536605
vt 0.490750 0.572085
vt 0.508861 0.572085
vt 0.490750 0.607564
vt 0.508861 0.607564
vt 0.490750 0.643043
vt 0.508861 0.643043
vt 0.490750 0.678523
vt 0.508861 0.678523
vt 0.490750 0.714002
vt 0.508861 0.714002
vt 0.490750 0.749481
vt 0.508861 0.749481
vt 0.490750 0.784961
vt 0.508861 0.784961
vt 0.490750 0.820440
vt 0.508861 0.820440
vt 0.490750 0.855920
vt 0.508861 0.855920
vt 0.490750 0.891399
vt 0.508861 0.891399
vt 0.490750 0.926878
vt 0.508861 0.926878
vt 0.490750 0.962358
vt 0.508861 0.962358
vt 0.490750 0.997837
vt 0.508861 0.997837
vt 0.508861 0.004415
vt 0.490750 0.004415
vt 0.490750 0.039894
vt 0.508861 0.039894
vt 0.490750 0.075373
vt 0.508861 0.075373
vt 0.490750 0.110853
vt 0.508861 0.110853
vt 0.490750 0.146332
vt 0.508861 0.146332
vt 0.490750 0.181812
vt 0.508861 0.181812
vt 0.490750 0.217291
vt 0.508861 0.217291
vt 0.490750 0.252770
vt 0.508861 0.252770
vt 0.490750 0.288250
vt 0.508861 0.288250
vt 0.490750 0.323729
vt 0.508861 0.323729
vt 0.490750 0.359209
vt 0.508861 0.359209
vt 0.490750 0.394688
vt 0.508861 0.394688
vt 0.490750 0.430167
vt 0.508861 0.430167
vt 0.490750 0.465647
vt 0.508861 0.465647
vt 0.472638 0.501126
vt 0.472638 0.536605
vt 0.472638 0.572085
vt 0.472638 0.607564
vt 0.472638 0.643043
vt 0.472638 0.678523
vt 0.472638 0.714002
vt 0.472638 0.749481
vt 0.472638 0.784961
vt 0.472638 0.820440
vt 0.472638 0.855920
vt 0.472638 0.891399
vt 0.472638 0.926878
vt 0.472638 0.962358
vt 0.472638 0.997837
vt 0.472638 0.004415
vt 0.472638 0.039894
vt 0.472638 0.075373
vt 0.472638 0.110853
vt 0.472638 0.146332
vt 0.472638 0.181812
vt 0.472638 0.217291
vt 0.472638 0.252770
vt 0.472638 0.288250
vt 0.472638 0.323729
vt 0.472638 0.359209
vt 0.472638 0.394688
vt 0.472638 0.430167
vt 0.472638 0.465647
vt 0.454527 0.501126
vt 0.454527 0.536605
vt 0.454527 0.572085
vt 0.454527 0.607564
vt 0.454527 0.643043
vt 0.454527 0.678523
vt 0.454527 0.714002
vt 0.454527 0.749481
vt 0.454527 0.784961
vt 0.454527 0.820440
vt 0.454527 0.855920
vt 0.454527 0.891399
vt 0.454527 0.926878
vt 0.454527 0.962358
vt 0.454527 0.997837
vt 0.454527 0.004415
vt 0.454527 0.039894
vt 0.454527 0.075373
vt 0.454527 0.110853
vt 0.454527 0.146332
vt 0.454527 0.181812
vt 0.454527 0.217291
vt 0.454527 0.252770
vt 0.454527 0.288250
vt 0.454527 0.323729
vt 0.454527 0.359209
vt 0.454527 0.394688
vt 0.454527 0.430167
vt 0.454527 0.465647
vt 0.436415 0.501126
vt 0.436415 0.536605
vt 0.436415 0.572085
vt 0.436415 0.607564
vt 0.436415 0.643043
vt 0.436415 0.678523
vt 0.436415 0.714002
vt 0.436415 0.749481
vt 0.436415 0.784961
vt 0.436415 0.820440
vt 0.436415 0.855920
vt 0.436415 0.891399
vt 0.436415 0.926878
vt 0.436415 0.962358
vt 0.436415 0.997837
vt 0.436415 0.004415
vt 0.436415 0.039894
vt 0.436415 0.075373
vt 0.436415 0.110853
vt 0.436415 0.146332
vt 0.436415 0.181812
vt 0.436415 0.217291
vt 0.436415 0.252770
vt 0.436415 0.288250
vt 0.436415 0.323729
vt 0.436415 0.359209
vt 0.436415 0.394688
vt 0.436415 0.430167
vt 0.436415 0.465647
vt 0.418304 0.501126
vt 0.418304 0.536605
vt 0.418304 0.572085
vt 0.418304 0.607564
vt 0.418304 0.643043
vt 0.418304 0.678523
vt 0.418304 0.714002
vt 0.418304 0.749481
vt 0.418304 0.784961
vt 0.418304 0.820440
vt 0.418304 0.855920
vt 0.418304 0.891399
vt 0.418304 0.926878
vt 0.418304 0.962358
vt 0.418304 0.997837
vt 0.418304 0.004415
vt 0.418304 0.039894
vt 0.418304 0.075373
vt 0.418304 0.110853
vt 0.418304 0.146332
vt 0.418304 0.181812
vt 0.418304 0.217291
vt 0.418304 0.252770
vt 0.418304 0.288250
vt 0.418304 0.323729
vt 0.418304 0.359209
vt 0.418304 0.394688
vt 0.418304 0.430167
vt 0.418304 0.465647
vt 0.400193 0.501126
vt 0.400193 0.536605
vt 0.400193 0.572085
vt 0.400193 0.607564
vt 0.400193 0.643043
vt 0.400193 0.678523
vt 0.400193 0.714002
vt 0.400193 0.749481
vt 0.400193 0.784961
vt 0.400193 0.820440
vt 0.400193 0.855920
vt 0.400193 0.891399
vt 0.400193 0.926878
vt 0.400193 0.962358
vt 0.400193 0.997837
vt 0.400193 0.004415
vt 0.400193 0.039894
vt 0.400193 0.075373
vt 0.400193 0.110853
vt 0.400193 0.146332
vt 0.400193 0.181812
vt 0.400193 0.217291
vt 0.400193 0.252770
vt 0.400193 0.288250
vt 0.400193 0.323729
vt 0.400193 0.359209
vt 0.400193 0.394688
vt 0.400193 0.430167
vt 0.400193 0.465647
vt 0.382081 0.501126
vt 0.382081 0.536605
vt 0.382081 0.572085
vt 0.382081 0.607564
vt 0.382081 0.643043
vt 0.382081 0.678523
vt 0.382081 0.714002
vt 0.382081 0.749481
vt 0.382081 0.784961
vt 0.382081 0.820440
vt 0.382081 0.855920
vt 0.382081 0.891399
vt 0.382081 0.926878
vt 0.382081 0.962358
vt 0.382081 0.997837
vt 0.382081 0.004415
vt 0.382081 0.039894
vt 0.382081 0.075373
vt 0.382081 0.110853
vt 0.382081 0.146332
vt 0.382081 0.181812
vt 0.382081 0.217291
vt 0.382081 0.252770
vt 0.382081 0.288250
vt 0.382081 0.323729
vt 0.382081 0.359209
vt 0.382081 0.394688
vt 0.382081 0.430167
vt 0.382081 0.465647
vt 0.363970 0.501126
vt 0.363970 0.536605
vt 0.363970 0.572085
vt 0.363970 0.607564
vt 0.363970 0.643043
vt 0.363970 0.678523
vt 0.363970 0.714002
vt 0.363970 0.749481
vt 0.363970 0.784961
vt 0.363970 0.820440
vt 0.363970 0.855920
vt 0.363970 0.891399
vt 0.363970 0.926878
vt 0.363970 0.962358
vt 0.363970 0.997837
vt 0.363970 0.004415
vt 0.363970 0.039894
vt 0.363970 0.075373
vt 0.363970 0.110853
vt 0.363970 0.146332
vt 0.363970 0.181812
vt 0.363970 0.217291
vt 0.363970 0.252770
vt 0.363970 0.288250
vt 0.363970 0.323729
vt 0.363970 0.359209
vt 0.363970 0.394688
vt 0.363970 0.430167
vt 0.363970 0.465647
vt 0.345859 0.501126
vt 0.345859 0.536605
vt 0.345859 0.572085
vt 0.345859 0.607564
vt 0.345859 0.643043
vt 0.345859 0.678523
vt 0.345859 0.714002
vt 0.345859 0.749481
vt 0.345859 0.784961
vt 0.345859 0.820440
vt 0.345859 0.855920
vt 0.345859 0.891399
vt 0.345859 0.926878
vt 0.345859 0.962358
vt 0.345859 0.997837
vt 0.345859 0.004415
vt 0.345859 0.039894
vt 0.345859 0.075373
vt 0.345859 0.110853
vt 0.345859 0.146332
vt 0.345859 0.181812
vt 0.345859 0.217291
vt 0.345859 0.252770
vt 0.345859 0.288250
vt 0.345859 0.323729
vt 0.345859 0.359209
vt 0.345859 0.394688
vt 0.345859 0.430167
vt 0.345859 0.465647
vt 0.327747 0.501126
vt 0.327747 0.536605
vt 0.327747 0.572085
vt 0.327747 0.607564
vt 0.327747 0.643043
vt 0.327747 0.678523
vt 0.327747 0.714002
vt 0.327747 0.749481
vt 0.327747 0.784961
vt 0.327747 0.820440
vt 0.327747 0.855920
vt 0.327747 0.891399
vt 0.327747 0.926878
vt 0.327747 0.962358
vt 0.327747 0.997837
vt 0.327747 0.004415
vt 0.327747 0.039894
vt 0.327747 0.075373
vt 0.327747 0.110853
vt 0.327747 0.146332
vt 0.327747 0.181812
vt 0.327747 0.217291
vt 0.327747 0.252770
vt 0.327747 0.288250
vt 0.327747 0.323729
vt 0.327747 0.359209
vt 0.327747 0.394688
vt 0.327747 0.430167
vt 0.327747 0.465647
vt 0.309636 0.501126
vt 0.309636 0.536605
vt 0.309636 0.572085
vt 0.309636 0.607564
vt 0.309636 0.643043
vt 0.309636 0.678523
vt 0.309636 0.714002
vt 0.309636 0.749481
vt 0.309636 0.784961
vt 0.309636 0.820440
vt 0.309636 0.855920
vt 0.309636 0.891399
vt 0.309636 0.926878
vt 0.309636 0.962358
vt 0.309636 0.997837
vt 0.309636 0.004415
vt 0.309636 0.039894
vt 0.309636 0.075373
vt 0.309636 0.110853
vt 0.309636 0.146332
vt 0.309636 0.181812
vt 0.309636 0.217291
vt 0.309636 0.252770
vt 0.309636 0.288250
vt 0.309636 0.323729
vt 0.309636 0.359209
vt 0.309636 0.394688
vt 0.309636 0.430167
vt 0.309636 0.465647
vt 0.291525 0.501126
vt 0.291525 0.536605
vt 0.291525 0.572085
vt 0.291525 0.607564
vt 0.291525 0.643043
vt 0.291525 0.678523
vt 0.291525 0.714002
vt 0.291525 0.749481
vt 0.291525 0.784961
vt 0.291525 0.820440
vt 0.291525 0.855920
vt 0.291525 0.891399
vt 0.291525 0.926878
vt 0.291525 0.962358
vt 0.291525 0.997837
vt 0.291525 0.004415
vt 0.291525 0.039894
vt 0.291525 0.075373
vt 0.291525 0.110853
vt 0.291525 0.146332
vt 0.291525 0.181812
vt 0.291525 0.217291
vt 0.291525 0.252770
vt 0.291525 0.288250
vt 0.291525 0.323729
vt 0.291525 0.359209
vt 0.291525 0.394688
vt 0.291525 0.430167
vt 0.291525 0.465647
vt 0.273413 0.501126
vt 0.273413 0.536605
vt 0.273413 0.572085
vt 0.273413 0.607564
vt 0.273413 0.643043
vt 0.273413 0.678523
vt 0.273413 0.714002
vt 0.273413 0.749481
vt 0.273413 0.784961
vt 0.273413 0.820440
vt 0.273413 0.855920
vt 0.273413 0.891399
vt 0.273413 0.926878
vt 0.273413 0.962358
vt 0.273413 0.997837
vt 0.273413 0.004415
vt 0.273413 0.039894
vt 0.273413 0.075373
vt 0.273413 0.110853
vt 0.273413 0.146332
vt 0.273413 0.181812
vt 0.273413 0.217291
vt 0.273413 0.252770
vt 0.273413 0.288250
vt 0.273413 0.323729
vt 0.273413 0.359209
vt 0.273413 0.394688
vt 0.273413 0.430167
vt 0.273413 0.465647
vt 0.255302 0.501126
vt 0.255302 0.536605
vt 0.255302 0.572085
vt 0.255302 0.607564
vt 0.255302 0.643043
vt 0.255302 0.678523
vt 0.255302 0.714002
vt 0.255302 0.749481
vt 0.255302 0.784961
vt 0.255302 0.820440
vt 0.255302 0.855920
vt 0.255302 0.891399
vt 0.255302 0.926878
vt 0.255302 0.962358
vt 0.255302 0.997837
vt 0.255302 0.004415
vt 0.255302 0.039894
vt 0.255302 0.075373
vt 0.255302 0.110853
vt 0.255302 0.146332
vt 0.255302 0.181812
vt 0.255302 0.217291
vt 0.255302 0.252770
vt 0.255302 0.288250
vt 0.255302 0.323729
vt 0.255302 0.359209
vt 0.255302 0.394688
vt 0.255302 0.430167
vt 0.255302 0.465647
vt 0.237190 0.501126
vt 0.237190 0.536605
vt 0.237190 0.572085
vt 0.237190 0.607564
vt 0.237190 0.643043
vt 0.237190 0.678523
vt 0.237190 0.714002
vt 0.237190 0.749481
vt 0.237190 0.784961
vt 0.237190 0.820440
vt 0.237190 0.855920
vt 0.237190 0.891399
vt 0.237190 0.926878
vt 0.237190 0.962358
vt 0.237190 0.997837
vt 0.237190 0.004415
vt 0.237190 0.039894
vt 0.237190 0.075373
vt 0.237190 0.110853
vt 0.237190 0.146332
vt 0.237190 0.181812
vt 0.237190 0.217291
vt 0.237190 0.252770
vt 0.237190 0.288250
vt 0.237190 0.323729
vt 0.237190 0.359209
vt 0.237190 0.394688
vt 0.237190 0.430167
vt 0.237190 0.465647
vt 0.219079 0.501126
vt 0.219079 0.536605
vt 0.219079 0.572085
vt 0.219079 0.607564
vt 0.219079 0.643043
vt 0.219079 0.678523
vt 0.219079 0.714002
vt 0.219079 0.749481
vt 0.219079 0.784961
vt 0.219079 0.820440
vt 0.219079 0.855920
vt 0.219079 0.891399
vt 0.219079 0.926878
vt 0.219079 0.962358
vt 0.219079 0.997837
vt 0.219079 0.004415
vt 0.219079 0.039894
vt 0.219079 0.075373
vt 0.219079 0.110853
vt 0.219079 0.146332
vt 0.219079 0.181812
vt 0.219079 0.217291
vt 0.219079 0.252770
vt 0.219079 0.288250
vt 0.219079 0.323729
vt 0.219079 0.359209
vt 0.219079 0.394688
vt 0.219079 0.430167
vt 0.219079 0.465647
vt 0.200968 0.501126
vt 0.200968 0.536605
vt 0.200968 0.572085
vt 0.200968 0.607564
vt 0.200968 0.643043
vt 0.200968 0.678523
vt 0.200968 0.714002
vt 0.200968 0.749481
vt 0.200968 0.784961
vt 0.200968 0.820440
vt 0.200968 0.855920
vt 0.200968 0.891399
vt 0.200968 0.926878
vt 0.200968 0.962358
vt 0.200968 0.997837
vt 0.200968 0.004415
vt 0.200968 0.039894
vt 0.200968 0.075373
vt 0.200968 0.110853
vt 0.200968 0.146332
vt 0.200968 0.181812
vt 0.200968 0.217291
vt 0.200968 0.252770
vt 0.200968 0.288250
vt 0.200968 0.323729
vt 0.200968 0.359209
vt 0.200968 0.394688
vt 0.200968 0.430167
vt 0.200968 0.465647
vt 0.182856 0.501126
vt 0.182856 0.536605
vt 0.182856 0.572085
vt 0.182856 0.607564
vt 0.182856 0.643043
vt 0.182856 0.678523
vt 0.182856 0.714002
vt 0.182856 0.749481
vt 0.182856 0.784961
vt 0.182856 0.820440
vt 0.182856 0.855920
vt 0.182856 0.891399
vt 0.182856 0.926878
vt 0.182856 0.962358
vt 0.182856 0.997837
vt 0.182856 0.004415
vt 0.182856 0.039894
vt 0.182856 0.075373
vt 0.182856 0.110853
vt 0.182856 0.146332
vt 0.182856 0.181812
vt 0.182856 0.217291
vt 0.182856 0.252770
vt 0.182856 0.288250
vt 0.182856 0.323729
vt 0.182856 0.359209
vt 0.182856 0.394688
vt 0.182856 0.430167
vt 0.182856 0.465647
vt 0.164745 0.501126
vt 0.164745 0.536605
vt 0.164745 0.572085
vt 0.164745 0.607564
vt 0.164745 0.643043
vt 0.164745 0.678523
vt 0.164745 0.714002
vt 0.164745 0.749481
vt 0.164745 0.784961
vt 0.164745 0.820440
vt 0.164745 0.855920
vt 0.164745 0.891399
vt 0.164745 0.926878
vt 0.164745 0.962358
vt 0.164745 0.997837
vt 0.164745 0.004415
vt 0.164745 0.039894
vt 0.164745 0.075373
vt 0.164745 0.110853
vt 0.164745 0.146332
vt 0.164745 0.181812
vt 0.164745 0.217291
vt 0.164745 0.252770
vt 0.164745 0.288250
vt 0.164745 0.323729
vt 0.164745 0.359209
vt 0.164745 0.394688
vt 0.164745 0.430167
vt 0.164745 0.465647
vt 0.146634 0.501126
vt 0.146634 0.536605
vt 0.146634 0.572085
vt 0.146634 0.607564
vt 0.146634 0.643043
vt 0.146634 0.678523
vt 0.146634 0.714002
vt 0.146634 0.749481
vt 0.146634 0.784961
vt 0.146634 0.820440
vt 0.146634 0.855920
vt 0.146634 0.891399
vt 0.146634 0.926878
vt 0.146634 0.962358
vt 0.146634 0.997837
vt 0.146634 0.004415
vt 0.146634 0.039894
vt 0.146634 0.075373
vt 0.146634 0.110853
vt 0.146634 0.146332
vt 0.146634 0.181812
vt 0.146634 0.217291
vt 0.146634 0.252770
vt 0.146634 0.288250
vt 0.146634 0.323729
vt 0.146634 0.359209
vt 0.146634 0.394688
vt 0.146634 0.430167
vt 0.146634 0.465647
vt 0.128522 0.501126
vt 0.128522 0.536605
vt 0.128522 0.572085
vt 0.128522 0.607564
vt 0.128522 0.643043
vt 0.128522 0.678523
vt 0.128522 0.714002
vt 0.128522 0.749481
vt 0.128522 0.784961
vt 0.128522 0.820440
vt 0.128522 0.855920
vt 0.128522 0.891399
vt 0.128522 0.926878
vt 0.128522 0.962358
vt 0.128522 0.997837
vt 0.128522 0.004415
vt 0.128522 0.039894
vt 0.128522 0.075373
vt 0.128522 0.110853
vt 0.128522 0.146332
vt 0.128522 0.181812
vt 0.128522 0.217291
vt 0.128522 0.252770
vt 0.128522 0.288250
vt 0.128522 0.323729
vt 0.128522 0.359209
vt 0.128522 0.394688
vt 0.128522 0.430167
vt 0.128522 0.465647
vt 0.110411 0.501126
vt 0.110411 0.536605
vt 0.110411 0.572085
vt 0.110411 0.607564
vt 0.110411 0.643043
vt 0.110411 0.678523
vt 0.110411 0.714002
vt 0.110411 0.749481
vt 0.110411 0.784961
vt 0.110411 0.820440
vt 0.110411 0.855920
vt 0.110411 0.891399
vt 0.110411 0.926878
vt 0.110411 0.962358
vt 0.110411 0.997837
vt 0.110411 0.004415
vt 0.110411 0.039894
vt 0.110411 0.075373
vt 0.110411 0.110853
vt 0.110411 0.146332
vt 0.110411 0.181812
vt 0.110411 0.217291
vt 0.110411 0.252770
vt 0.110411 0.288250
vt 0.110411 0.323729
vt 0.110411 0.359209
vt 0.110411 0.394688
vt 0.110411 0.430167
vt 0.110411 0.465647
vt 0.092299 0.501126
vt 0.092299 0.536605
vt 0.092299 0.572085
vt 0.092299 0.607564
vt 0.092299 0.643043
vt 0.092299 0.678523
vt 0.092299 0.714002
vt 0.092299 0.749481
vt 0.092299 0.784961
vt 0.092299 0.820440
vt 0.092299 0.855920
vt 0.092299 0.891399
vt 0.092299 0.926878
vt 0.092299 0.962358
vt 0.092299 0.997837
vt 0.092299 0.004415
vt 0.092299 0.039894
vt 0.092299 0.075373
vt 0.092299 0.110853
vt 0.092299 0.146332
vt 0.092299 0.181812
vt 0.092299 0.217291
vt 0.092299 0.252770
vt 0.092299 0.288250
vt 0.092299 0.323729
vt 0.092299 0.359209
vt 0.092299 0.394688
vt 0.092299 0.430167
vt 0.092299 0.465647
vt 0.074188 0.501126
vt 0.074188 0.536605
vt 0.074188 0.572085
vt 0.074188 0.607564
vt 0.074188 0.643043
vt 0.074188 0.678523
vt 0.074188 0.714002
vt 0.074188 0.749481
vt 0.074188 0.784961
vt 0.074188 0.820440
vt 0.074188 0.855920
vt 0.074188 0.891399
vt 0.074188 0.926878
vt 0.074188 0.962358
vt 0.074188 0.997837
vt 0.074188 0.004415
vt 0.074188 0.039894
vt 0.074188 0.075373
vt 0.074188 0.110853
vt 0.074188 0.146332
vt 0.074188 0.181812
vt 0.074188 0.217291
vt 0.074188 0.252770
vt 0.074188 0.288250
vt 0.074188 0.323729
vt 0.074188 0.359209
vt 0.074188 0.394688
vt 0.074188 0.430167
vt 0.074188 0.465647
vt 0.056077 0.501126
vt 0.056077 0.536605
vt 0.056077 0.572085
vt 0.056077 0.607564
vt 0.056077 0.643043
vt 0.056077 0.678523
vt 0.056077 0.714002
vt 0.056077 0.749481
vt 0.056077 0.784961
vt 0.056077 0.820440
vt 0.056077 0.855920
vt 0.056077 0.891399
vt 0.056077 0.926878
vt 0.056077 0.962358
vt 0.056077 0.997837
vt 0.056077 0.004415
vt 0.056077 0.039894
vt 0.056077 0.075373
vt 0.056077 0.110853
vt 0.056077 0.146332
vt 0.056077 0.181812
vt 0.056077 0.217291
vt 0.056077 0.252770
vt 0.056077 0.288250
vt 0.056077 0.323729
vt 0.056077 0.359209
vt 0.056077 0.394688
vt 0.056077 0.430167
vt 0.056077 0.465647
vt 0.037965 0.501126
vt 0.037965 0.536605
vt 0.037965 0.572085
vt 0.037965 0.607564
vt 0.037965 0.643043
vt 0.037965 0.678523
vt 0.037965 0.714002
vt 0.037965 0.749481
vt 0.037965 0.784961
vt 0.037965 0.820440
vt 0.037965 0.855920
vt 0.037965 0.891399
vt 0.037965 0.926878
vt 0.037965 0.962358
vt 0.037965 0.997837
vt 0.037965 0.004415
vt 0.037965 0.039894
vt 0.037965 0.075373
vt 0.037965 0.110853
vt 0.037965 0.146332
vt 0.037965 0.181812
vt 0.037965 0.217291
vt 0.037965 0.252770
vt 0.037965 0.288250
vt 0.037965 0.323729
vt 0.037965 0.359209
vt 0.037965 0.394688
vt 0.037965 0.430167
vt 0.037965 0.465647
vt 0.019854 0.501126
vt 0.019854 0.536605
vt 0.019854 0.572085
vt 0.019854 0.607564
vt 0.019854 0.643043
vt 0.019854 0.678523
vt 0.019854 0.714002
vt 0.019854 0.749481
vt 0.019854 0.784961
vt 0.019854 0.820440
vt 0.019854 0.855920
vt 0.019854 0.891399
vt 0.019854 0.926878
vt 0.019854 0.962358
vt 0.019854 0.997837
vt 0.019854 0.004415
vt 0.019854 0.039894
vt 0.019854 0.075373
vt 0.019854 0.110853
vt 0.019854 0.146332
vt 0.019854 0.181812
vt 0.019854 0.217291
vt 0.019854 0.252770
vt 0.019854 0.288250
vt 0.019854 0.323729
vt 0.019854 0.359209
vt 0.019854 0.394688
vt 0.019854 0.430167
vt 0.019854 0.465647
vt 0.001743 0.501126
vt 0.001743 0.536605
vt 0.001743 0.572085
vt 0.001743 0.607564
vt 0.001743 0.643043
vt 0.001743 0.678523
vt 0.001743 0.714002
vt 0.001743 0.749481
vt 0.001743 0.784961
vt 0.001743 0.820440
vt 0.001743 0.855920
vt 0.001743 0.891399
vt 0.001743 0.926878
vt 0.001743 0.962358
vt 0.001743 0.997837
vt 0.001743 0.004415
vt 0.001743 0.039894
vt 0.001743 0.075373
vt 0.001743 0.110853
vt 0.001743 0.146332
vt 0.001743 0.181812
vt 0.001743 0.217291
vt 0.001743 0.252770
vt 0.001743 0.288250
vt 0.001743 0.323729
vt 0.001743 0.359209
vt 0.001743 0.394688
vt 0.001743 0.430167
vt 0.001743 0.465647
vt 0.997867 0.501126
vt 0.979756 0.501126
vt 0.979756 0.536605
vt 0.997867 0.536605
vt 0.979756 0.572085
vt 0.997867 0.572085
vt 0.979756 0.607564
vt 0.997867 0.607564
vt 0.979756 0.643043
vt 0.997867 0.643043
vt 0.979756 0.678523
vt 0.997867 0.678523
vt 0.979756 0.714002
vt 0.997867 0.714002
vt 0.979756 0.749481
vt 0.997867 0.749481
vt 0.979756 0.784961
vt 0.997867 0.784961
vt 0.979756 0.820440
vt 0.997867 0.820440
vt 0.979756 0.855920
vt 0.997867 0.855920
vt 0.979756 0.891399
vt 0.997867 0.891399
vt 0.979756 0.926878
vt 0.997867 0.926878
vt 0.979756 0.962358
vt 0.997867 0.962358
vt 0.979756 0.997837
vt 0.997867 0.997837
vt 0.997867 0.004415
vt 0.979756 0.004415
vt 0.979756 0.039894
vt 0.997867 0.039894
vt 0.979756 0.075373
vt 0.997867 0.075373
vt 0.979756 0.110853
vt 0.997867 0.110853
vt 0.979756 0.146332
vt 0.997867 0.146332
vt 0.979756 0.181812
vt 0.997867 0.181812
vt 0.979756 0.217291
vt 0.997867 0.217291
vt 0.979756 0.252770
vt 0.997867 0.252770
vt 0.979756 0.288250
vt 0.997867 0.288250
vt 0.979756 0.323729
vt 0.997867 0.323729
vt 0.979756 0.359209
vt 0.997867 0.359209
vt 0.979756 0.394688
vt 0.997867 0.394688
vt 0.979756 0.430167
vt 0.997867 0.430167
vt 0.979756 0.465647
vt 0.997867 0.465647
vt 0.961644 0.501126
vt 0.961644 0.536605
vt 0.961644 0.572085
vt 0.961644 0.607564
vt 0.961644 0.643043
vt 0.961644 0.678523
vt 0.961644 0.714002
vt 0.961644 0.749481
vt 0.961644 0.784961
vt 0.961644 0.820440
vt 0.961644 0.855920
vt 0.961644 0.891399
vt 0.961644 0.926878
vt 0.961644 0.962358
vt 0.961644 0.997837
vt 0.961644 0.004415
vt 0.961644 0.039894
vt 0.961644 0.075373
vt 0.961644 0.110853
vt 0.961644 0.146332
vt 0.961644 0.181812
vt 0.961644 0.217291
vt 0.961644 0.252770
vt 0.961644 0.288250
vt 0.961644 0.323729
vt 0.961644 0.359209
vt 0.961644 0.394688
vt 0.961644 0.430167
vt 0.961644 0.465647
vt 0.943533 0.501126
vt 0.943533 0.536605
vt 0.943533 0.572085
vt 0.943533 0.607564
vt 0.943533 0.643043
vt 0.943533 0.678523
vt 0.943533 0.714002
vt 0.943533 0.749481
vt 0.943533 0.784961
vt 0.943533 0.820440
vt 0.943533 0.855920
vt 0.943533 0.891399
vt 0.943533 0.926878
vt 0.943533 0.962358
vt 0.943533 0.997837
vt 0.943533 0.004415
vt 0.943533 0.039894
vt 0.943533 0.075373
vt 0.943533 0.110853
vt 0.943533 0.146332
vt 0.943533 0.181812
vt 0.943533 0.217291
vt 0.943533 0.252770
vt 0.943533 0.288250
vt 0.943533 0.323729
vt 0.943533 0.359209
vt 0.943533 0.394688
vt 0.943533 0.430167
vt 0.943533 0.465647
vt 0.925422 0.501126
vt 0.925422 0.536605
vt 0.925422 0.572085
vt 0.925422 0.607564
vt 0.925422 0.643043
vt 0.925422 0.678523
vt 0.925422 0.714002
vt 0.925422 0.749481
vt 0.925422 0.784961
vt 0.925422 0.820440
vt 0.925422 0.855920
vt 0.925422 0.891399
vt 0.925422 0.926878
vt 0.925422 0.962358
vt 0.925422 0.997837
vt 0.925422 0.004415
vt 0.925422 0.039894
vt 0.925422 0.075373
vt 0.925422 0.110853
vt 0.925422 0.146332
vt 0.925422 0.181812
vt 0.925422 0.217291
vt 0.925422 0.252770
vt 0.925422 0.288250
vt 0.925422 0.323729
vt 0.925422 0.359209
vt 0.925422 0.394688
vt 0.925422 0.430167
vt 0.925422 0.465647
vt 0.907311 0.501126
vt 0.907311 0.536605
vt 0.907311 0.572085
vt 0.907311 0.607564
vt 0.907311 0.643043
vt 0.907311 0.678523
vt 0.907311 0.714002
vt 0.907311 0.749481
vt 0.907311 0.784961
vt 0.907311 0.820440
vt 0.907311 0.855920
vt 0.907311 0.891399
vt 0.907311 0.926878
vt 0.907311 0.962358
vt 0.907311 0.997837
vt 0.907311 0.004415
vt 0.907311 0.039894
vt 0.907311 0.075373
vt 0.907311 0.110853
vt 0.907311 0.146332
vt 0.907311 0.181812
vt 0.907311 0.217291
vt 0.907311 0.252770
vt 0.907311 0.288250
vt 0.907311 0.323729
vt 0.907311 0.359209
vt 0.907311 0.394688
vt 0.907311 0.430167
vt 0.907311 0.465647
vt 0.889199 0.501126
vt 0.889199 0.536605
vt 0.889199 0.572085
vt 0.889199 0.607564
vt 0.889199 0.643043
vt 0.889199 0.678523
vt 0.889199 0.714002
vt 0.889199 0.749481
vt 0.889199 0.784961
vt 0.889199 0.820440
vt 0.889199 0.855920
vt 0.889199 0.891399
vt 0.889199 0.926878
vt 0.889199 0.962358
vt 0.889199 0.997837
vt 0.889199 0.004415
vt 0.889199 0.039894
vt 0.889199 0.075373
vt 0.889199 0.110853
vt 0.889199 0.146332
vt 0.889199 0.181812
vt 0.889199 0.217291
vt 0.889199 0.252770
vt 0.889199 0.288250
vt 0.889199 0.323729
vt 0.889199 0.359209
vt 0.889199 0.394688
vt 0.889199 0.430167
vt 0.889199 0.465647
vt 0.871088 0.501126
vt 0.871088 0.536605
vt 0.871088 0.572085
vt 0.871088 0.607564
vt 0.871088 0.643043
vt 0.871088 0.678523
vt 0.871088 0.714002
vt 0.871088 0.749481
vt 0.871088 0.784961
vt 0.871088 0.820440
vt 0.871088 0.855920
vt 0.871088 0.891399
vt 0.871088 0.926878
vt 0.871088 0.962358
vt 0.871088 0.997837
vt 0.871088 0.004415
vt 0.871088 0.039894
vt 0.871088 0.075373
vt 0.871088 0.110853
vt 0.871088 0.146332
vt 0.871088 0.181812
vt 0.871088 0.217291
vt 0.871088 0.252770
vt 0.871088 0.288250
vt 0.871088 0.323729
vt 0.871088 0.359209
vt 0.871088 0.394688
vt 0.871088 0.430167
vt 0.871088 0.465647
vt 0.852977 0.501126
vt 0.852977 0.536605
vt 0.852977 0.572085
vt 0.852977 0.607564
vt 0.852977 0.643043
vt 0.852977 0.678523
vt 0.852977 0.714002
vt 0.852977 0.749481
vt 0.852977 0.784961
vt 0.852977 0.820440
vt 0.852977 0.855920
vt 0.852977 0.891399
vt 0.852977 0.926878
vt 0.852977 0.962358
vt 0.852977 0.997837
vt 0.852977 0.004415
vt 0.852977 0.039894
vt 0.852977 0.075373
vt 0.852977 0.110853
vt 0.852977 0.146332
vt 0.852977 0.181812
vt 0.852977 0.217291
vt 0.852977 0.252770
vt 0.852977 0.288250
vt 0.852977 0.323729
vt 0.852977 0.359209
vt 0.852977 0.394688
vt 0.852977 0.430167
vt 0.852977 0.465647
vt 0.834865 0.501126
vt 0.834865 0.536605
vt 0.834865 0.572085
vt 0.834865 0.607564
vt 0.834865 0.643043
vt 0.834865 0.678523
vt 0.834865 0.714002
vt 0.834865 0.749481
vt 0.834865 0.784961
vt 0.834865 0.820440
vt 0.834865 0.855920
vt 0.834865 0.891399
vt 0.834865 0.926878
vt 0.834865 0.962358
vt 0.834865 0.997837
vt 0.834865 0.004415
vt 0.834865 0.039894
vt 0.834865 0.075373
vt 0.834865 0.110853
vt 0.834865 0.146332
vt 0.834865 0.181812
vt 0.834865 0.217291
vt 0.834865 0.252770
vt 0.834865 0.288250
vt 0.834865 0.323729
vt 0.834865 0.359209
vt 0.834865 0.394688
vt 0.834865 0.430167
vt 0.834865 0.465647
vt 0.816754 0.501126
vt 0.816754 0.536605
vt 0.816754 0.572085
vt 0.816754 0.607564
vt 0.816754 0.643043
vt 0.816754 0.678523
vt 0.816754 0.714002
vt 0.816754 0.749481
vt 0.816754 0.784961
vt 0.816754 0.820440
vt 0.816754 0.855920
vt 0.816754 0.891399
vt 0.816754 0.926878
vt 0.816754 0.962358
vt 0.816754 0.997837
vt 0.816754 0.004415
vt 0.816754 0.039894
vt 0.816754 0.075373
vt 0.816754 0.110853
vt 0.816754 0.146332
vt 0.816754 0.181812
vt 0.816754 0.217291
vt 0.816754 0.252770
vt 0.816754 0.288250
vt 0.816754 0.323729
vt 0.816754 0.359209
vt 0.816754 0.394688
vt 0.816754 0.430167
vt 0.816754 0.465647
vt 0.798643 0.501126
vt 0.798643 0.536605
vt 0.798643 0.572085
vt 0.798643 0.607564
vt 0.798643 0.643043
vt 0.798643 0.678523
vt 0.798643 0.714002
vt 0.798643 0.749481
vt 0.798643 0.784961
vt 0.798643 0.820440
vt 0.798643 0.855920
vt 0.798643 0.891399
vt 0.798643 0.926878
vt 0.798643 0.962358
vt 0.798643 0.997837
vt 0.798643 0.004415
vt 0.798643 0.039894
vt 0.798643 0.075373
vt 0.798643 0.110853
vt 0.798643 0.146332
vt 0.798643 0.181812
vt 0.798643 0.217291
vt 0.798643 0.252770
vt 0.798643 0.288250
vt 0.798643 0.323729
vt 0.798643 0.359209
vt 0.798643 0.394688
vt 0.798643 0.430167
vt 0.798643 0.465647
vt 0.780531 0.501126
vt 0.780531 0.536605
vt 0.780531 0.572085
vt 0.780531 0.607564
vt 0.780531 0.643043
vt 0.780531 0.678523
vt 0.780531 0.714002
vt 0.780531 0.749481
vt 0.780531 0.784961
vt 0.780531 0.820440
vt 0.780531 0.855920
vt 0.780531 0.891399
vt 0.780531 0.926878
vt 0.780531 0.962358
vt 0.780531 0.997837
vt 0.780531 0.004415
vt 0.780531 0.039894
vt 0.780531 0.075373
vt 0.780531 0.110853
vt 0.780531 0.146332
vt 0.780531 0.181812
vt 0.780531 0.217291
vt 0.780531 0.252770
vt 0.780531 0.288250
vt 0.780531 0.323729
vt 0.780531 0.359209
vt 0.780531 0.394688
vt 0.780531 0.430167
vt 0.780531 0.465647
vt 0.762420 0.501126
vt 0.762420 0.536605
vt 0.762420 0.572085
vt 0.762420 0.607564
vt 0.762420 0.643043
vt 0.762420 0.678523
vt 0.762420 0.714002
vt 0.762420 0.749481
vt 0.762420 0.784961
vt 0.762420 0.820440
vt 0.762420 0.855920
vt 0.762420 0.891399
vt 0.762420 0.926878
vt 0.762420 0.962358
vt 0.762420 0.997837
vt 0.762420 0.004415
vt 0.762420 0.039894
vt 0.762420 0.075373
vt 0.762420 0.110853
vt 0.762420 0.146332
vt 0.762420 0.181812
vt 0.762420 0.217291
vt 0.762420 0.252770
vt 0.762420 0.288250
vt 0.762420 0.323729
vt 0.762420 0.359209
vt 0.762420 0.394688
vt 0.762420 0.430167
vt 0.762420 0.465647
vt 0.744309 0.501126
vt 0.744309 0.536605
vt 0.744309 0.572085
vt 0.744309 0.607564
vt 0.744309 0.643043
vt 0.744309 0.678523
vt 0.744309 0.714002
vt 0.744309 0.749481
vt 0.744309 0.784961
vt 0.744309 0.820440
vt 0.744309 0.855920
vt 0.744309 0.891399
vt 0.744309 0.926878
vt 0.744309 0.962358
vt 0.744309 0.997837
vt 0.744309 0.004415
vt 0.744309 0.039894
vt 0.744309 0.075373
vt 0.744309 0.110853
vt 0.744309 0.146332
vt 0.744309 0.181812
vt 0.744309 0.217291
vt 0.744309 0.252770
vt 0.744309 0.288250
vt 0.744309 0.323729
vt 0.744309 0.359209
vt 0.744309 0.394688
vt 0.744309 0.430167
vt 0.744309 0.465647
vt 0.726197 0.501126
vt 0.726197 0.536605
vt 0.726197 0.572085
vt 0.726197 0.607564
vt 0.726197 0.643043
vt 0.726197 0.678523
vt 0.726197 0.714002
vt 0.726197 0.749481
vt 0.726197 0.784961
vt 0.726197 0.820440
vt 0.726197 0.855920
vt 0.726197 0.891399
vt 0.726197 0.926878
vt 0.726197 0.962358
vt 0.726197 0.997837
vt 0.726197 0.004415
vt 0.726197 0.039894
vt 0.726197 0.075373
vt 0.726197 0.110853
vt 0.726197 0.146332
vt 0.726197 0.181812
vt 0.726197 0.217291
vt 0.726197 0.252770
vt 0.726197 0.288250
vt 0.726197 0.323729
vt 0.726197 0.359209
vt 0.726197 0.394688
vt 0.726197 0.430167
vt 0.726197 0.465647
vt 0.708086 0.501126
vt 0.708086 0.536605
vt 0.708086 0.572085
vt 0.708086 0.607564
vt 0.708086 0.643043
vt 0.708086 0.678523
vt 0.708086 0.714002
vt 0.708086 0.749481
vt 0.708086 0.784961
vt 0.708086 0.820440
vt 0.708086 0.855920
vt 0.708086 0.891399
vt 0.708086 0.926878
vt 0.708086 0.962358
vt 0.708086 0.997837
vt 0.708086 0.004415
vt 0.708086 0.039894
vt 0.708086 0.075373
vt 0.708086 0.110853
vt 0.708086 0.146332
vt 0.708086 0.181812
vt 0.708086 0.217291
vt 0.708086 0.252770
vt 0.708086 0.288250
vt 0.708086 0.323729
vt 0.708086 0.359209
vt 0.708086 0.394688
vt 0.708086 0.430167
vt 0.708086 0.465647
vt 0.689975 0.501126
vt 0.689975 0.536605
vt 0.689975 0.572085
vt 0.689975 0.607564
vt 0.689975 0.643043
vt 0.689975 0.678523
vt 0.689975 0.714002
vt 0.689975 0.749481
vt 0.689975 0.784961
vt 0.689975 0.820440
vt 0.689975 0.855920
vt 0.689975 0.891399
vt 0.689975 0.926878
vt 0.689975 0.962358
vt 0.689975 0.997837
vt 0.689975 0.004415
vt 0.689975 0.039894
vt 0.689975 0.075373
vt 0.689975 0.110853
vt 0.689975 0.146332
vt 0.689975 0.181812
vt 0.689975 0.217291
vt 0.689975 0.252770
vt 0.689975 0.288250
vt 0.689975 0.323729
vt 0.689975 0.359209
vt 0.689975 0.394688
vt 0.689975 0.430167
vt 0.689975 0.465647
vt 0.671863 0.501126
vt 0.671863 0.536605
vt 0.671863 0.572085
vt 0.671863 0.607564
vt 0.671863 0.643043
vt 0.671863 0.678523
vt 0.671863 0.714002
vt 0.671863 0.749481
vt 0.671863 0.784961
vt 0.671863 0.820440
vt 0.671863 0.855920
vt 0.671863 0.891399
vt 0.671863 0.926878
vt 0.671863 0.962358
vt 0.671863 0.997837
vt 0.671863 0.004415
vt 0.671863 0.039894
vt 0.671863 0.075373
vt 0.671863 0.110853
vt 0.671863 0.146332
vt 0.671863 0.181812
vt 0.671863 0.217291
vt 0.671863 0.252770
vt 0.671863 0.288250
vt 0.671863 0.323729
vt 0.671863 0.359209
vt 0.671863 0.394688
vt 0.671863 0.430167
vt 0.671863 0.465647
vt 0.653752 0.501126
vt 0.653752 0.536605
vt 0.653752 0.572085
vt 0.653752 0.607564
vt 0.653752 0.643043
vt 0.653752 0.678523
vt 0.653752 0.714002
vt 0.653752 0.749481
vt 0.653752 0.784961
vt 0.653752 0.820440
vt 0.653752 0.855920
vt 0.653752 0.891399
vt 0.653752 0.926878
vt 0.653752 0.962358
vt 0.653752 0.997837
vt 0.653752 0.004415
vt 0.653752 0.039894
vt 0.653752 0.075373
vt 0.653752 0.110853
vt 0.653752 0.146332
vt 0.653752 0.181812
vt 0.653752 0.217291
vt 0.653752 0.252770
vt 0.653752 0.288250
vt 0.653752 0.323729
vt 0.653752 0.359209
vt 0.653752 0.394688
vt 0.653752 0.430167
vt 0.653752 0.465647
vt 0.635641 0.501126
vt 0.635641 0.536605
vt 0.635641 0.572085
vt 0.635641 0.607564
vt 0.635641 0.643043
vt 0.635641 0.678523
vt 0.635641 0.714002
vt 0.635641 0.749481
vt 0.635641 0.784961
vt 0.635641 0.820440
vt 0.635641 0.855920
vt 0.635641 0.891399
vt 0.635641 0.926878
vt 0.635641 0.962358
vt 0.635641 0.997837
vt 0.635641 0.004415
vt 0.635641 0.039894
vt 0.635641 0.075373
vt 0.635641 0.110853
vt 0.635641 0.146332
vt 0.635641 0.181812
vt 0.635641 0.217291
vt 0.635641 0.252770
vt 0.635641 0.288250
vt 0.635641 0.323729
vt 0.635641 0.359209
vt 0.635641 0.394688
vt 0.635641 0.430167
vt 0.635641 0.465647
vt 0.617529 0.501126
vt 0.617529 0.536605
vt 0.617529 0.572085
vt 0.617529 0.607564
vt 0.617529 0.643043
vt 0.617529 0.678523
vt 0.617529 0.714002
vt 0.617529 0.749481
vt 0.617529 0.784961
vt 0.617529 0.820440
vt 0.617529 0.855920
vt 0.617529 0.891399
vt 0.617529 0.926878
vt 0.617529 0.962358
vt 0.617529 0.997837
vt 0.617529 0.004415
vt 0.617529 0.039894
vt 0.617529 0.075373
vt 0.617529 0.110853
vt 0.617529 0.146332
vt 0.617529 0.181812
vt 0.617529 0.217291
vt 0.617529 0.252770
vt 0.617529 0.288250
vt 0.617529 0.323729
vt 0.617529 0.359209
vt 0.617529 0.394688
vt 0.617529 0.430167
vt 0.617529 0.465647
vt 0.599418 0.501126
vt 0.599418 0.536605
vt 0.599418 0.572085
vt 0.599418 0.607564
vt 0.599418 0.643043
vt 0.599418 0.678523
vt 0.599418 0.714002
vt 0.599418 0.749481
vt 0.599418 0.784961
vt 0.599418 0.820440
vt 0.599418 0.855920
vt 0.599418 0.891399
vt 0.599418 0.926878
vt 0.599418 0.962358
vt 0.599418 0.997837
vt 0.599418 0.004415
vt 0.599418 0.039894
vt 0.599418 0.075373
vt 0.599418 0.110853
vt 0.599418 0.146332
vt 0.599418 0.181812
vt 0.599418 0.217291
vt 0.599418 0.252770
vt 0.599418 0.288250
vt 0.599418 0.323729
vt 0.599418 0.359209
vt 0.599418 0.394688
vt 0.599418 0.430167
vt 0.599418 0.465647
vt 0.581306 0.501126
vt 0.581306 0.536605
vt 0.581306 0.572085
vt 0.581306 0.607564
vt 0.581306 0.643043
vt 0.581306 0.678523
vt 0.581306 0.714002
vt 0.581306 0.749481
vt 0.581306 0.784961
vt 0.581306 0.820440
vt 0.581306 0.855920
vt 0.581306 0.891399
vt 0.581306 0.926878
vt 0.581306 0.962358
vt 0.581306 0.997837
vt 0.581306 0.004415
vt 0.581306 0.039894
vt 0.581306 0.075373
vt 0.581306 0.110853
vt 0.581306 0.146332
vt 0.581306 0.181812
vt 0.581306 0.217291
vt 0.581306 0.252770
vt 0.581306 0.288250
vt 0.581306 0.323729
vt 0.581306 0.359209
vt 0.581306 0.394688
vt 0.581306 0.430167
vt 0.581306 0.465647
vt 0.563195 0.501126
vt 0.563195 0.536605
vt 0.563195 0.572085
vt 0.563195 0.607564
vt 0.563195 0.643043
vt 0.563195 0.678523
vt 0.563195 0.714002
vt 0.563195 0.749481
vt 0.563195 0.784961
vt 0.563195 0.820440
vt 0.563195 0.855920
vt 0.563195 0.891399
vt 0.563195 0.926878
vt 0.563195 0.962358
vt 0.563195 0.997837
vt 0.563195 0.004415
vt 0.563195 0.039894
vt 0.563195 0.075373
vt 0.563195 0.110853
vt 0.563195 0.146332
vt 0.563195 0.181812
vt 0.563195 0.217291
vt 0.563195 0.252770
vt 0.563195 0.288250
vt 0.563195 0.323729
vt 0.563195 0.359209
vt 0.563195 0.394688
vt 0.563195 0.430167
vt 0.563195 0.465647
vt 0.545084 0.501126
vt 0.545084 0.536605
vt 0.545084 0.572085
vt 0.545084 0.607564
vt 0.545084 0.643043
vt 0.545084 0.678523
vt 0.545084 0.714002
vt 0.545084 0.749481
vt 0.545084 0.784961
vt 0.545084 0.820440
vt 0.545084 0.855920
vt 0.545084 0.891399
vt 0.545084 0.926878
vt 0.545084 0.962358
vt 0.545084 0.997837
vt 0.545084 0.004415
vt 0.545084 0.039894
vt 0.545084 0.075373
vt 0.545084 0.110853
vt 0.545084 0.146332
vt 0.545084 0.181812
vt 0.545084 0.217291
vt 0.545084 0.252770
vt 0.545084 0.288250
vt 0.545084 0.323729
vt 0.545084 0.359209
vt 0.545084 0.394688
vt 0.545084 0.430167
vt 0.545084 0.465647
vt 0.526972 0.501126
vt 0.526972 0.536605
vt 0.526972 0.572085
vt 0.526972 0.607564
vt 0.526972 0.643043
vt 0.526972 0.678523
vt 0.526972 0.714002
vt 0.526972 0.749481
vt 0.526972 0.784961
vt 0.526972 0.820440
vt 0.526972 0.855920
vt 0.526972 0.891399
vt 0.526972 0.926878
vt 0.526972 0.962358
vt 0.526972 0.997837
vt 0.526972 0.004415
vt 0.526972 0.039894
vt 0.526972 0.075373
vt 0.526972 0.110853
vt 0.526972 0.146332
vt 0.526972 0.181812
vt 0.526972 0.217291
vt 0.526972 0.252770
vt 0.526972 0.288250
vt 0.526972 0.323729
vt 0.526972 0.359209
vt 0.526972 0.394688
vt 0.526972 0.430167
vt 0.526972 0.465647
vn 0.9921 0.1118 -0.0567
vn 0.9425 0.3298 -0.0539
vn 0.8457 0.5314 -0.0484
vn 0.7065 0.7065 -0.0404
vn 0.5318 0.8463 -0.0304
vn 0.3302 0.9437 -0.0189
vn 0.1120 0.9937 -0.0064
vn -0.1120 0.9937 0.0064
vn -0.3302 0.9437 0.0189
vn -0.5318 0.8463 0.0304
vn -0.7065 0.7065 0.0404
vn -0.8457 0.5314 0.0484
vn -0.9425 0.3298 0.0539
vn -0.9921 0.1118 0.0567
vn -0.9921 -0.1118 0.0567
vn -0.9425 -0.3298 0.0539
vn -0.8457 -0.5314 0.0484
vn -0.7065 -0.7065 0.0404
vn -0.5318 -0.8463 0.0304
vn -0.3302 -0.9437 0.0189
vn -0.1120 -0.9937 0.0064
vn 0.1120 -0.9937 -0.0064
vn 0.3302 -0.9437 -0.0189
vn 0.5318 -0.8463 -0.0304
vn 0.7065 -0.7065 -0.0404
vn 0.8457 -0.5314 -0.0484
vn 0.9425 -0.3298 -0.0539
vn 0.9921 -0.1118 -0.0567
vn 0.9792 0.1118 -0.1695
vn 0.9302 0.3298 -0.1610
vn 0.8347 0.5314 -0.1445
vn 0.6973 0.7065 -0.1207
vn 0.5249 0.8463 -0.0908
vn 0.3259 0.9437 -0.0564
vn 0.1105 0.9937 -0.0191
vn -0.1105 0.9937 0.0191
vn -0.3259 0.9437 0.0564
vn -0.5249 0.8463 0.0908
vn -0.6973 0.7065 0.1207
vn -0.8347 0.5314 0.1445
vn -0.9302 0.3298 0.1610
vn -0.9792 0.1118 0.1695
vn -0.9792 -0.1118 0.1695
vn -0.9302 -0.3298 0.1610
vn -0.8347 -0.5314 0.1445
vn -0.6973 -0.7065 0.1207
vn -0.5249 -0.8463 0.0908
vn -0.3259 -0.9437 0.0564
vn -0.1105 -0.9937 0.0191
vn 0.1105 -0.9937 -0.0191
vn 0.3259 -0.9437 -0.0564
vn 0.5249 -0.8463 -0.0908
vn 0.6973 -0.7065 -0.1207
vn 0.8347 -0.5314 -0.1445
vn 0.9302 -0.3298 -0.1610
vn 0.9792 -0.1118 -0.1695
vn 0.9535 0.1118 -0.2800
vn 0.9058 0.3298 -0.2660
vn 0.8128 0.5314 -0.2387
vn 0.6790 0.7065 -0.1994
vn 0.5111 0.8463 -0.1501
vn 0.3174 0.9437 -0.0932
vn 0.1076 0.9937 -0.0316
vn -0.1076 0.9937 0.0316
vn -0.3174 0.9437 0.0932
vn -0.5111 0.8463 0.1501
vn -0.6790 0.7065 0.1994
vn -0.8128 0.5314 0.2387
vn -0.9058 0.3298 0.2660
vn -0.9535 0.1118 0.2800
vn -0.9535 -0.1118 0.2800
vn -0.9058 -0.3298 0.2660
vn -0.8128 -0.5314 0.2387
vn -0.6790 -0.7065 0.1994
vn -0.5111 -0.8463 0.1501
vn -0.3174 -0.9437 0.0932
vn -0.1076 -0.9937 0.0316
vn 0.1076 -0.9937 -0.0316
vn 0.3174 -0.9437 -0.0932
vn 0.5111 -0.8463 -0.1501
vn 0.6790 -0.7065 -0.1994
vn 0.8128 -0.5314 -0.2387
vn 0.9058 -0.3298 -0.2660
vn 0.9535 -0.1118 -0.2800
vn 0.9154 0.1118 -0.3868
vn 0.8696 0.3298 -0.3675
vn 0.7803 0.5314 -0.3298
vn 0.6519 0.7065 -0.2755
vn 0.4906 0.8463 -0.2073
vn 0.3047 0.9437 -0.1288
vn 0.1033 0.9937 -0.0437
vn -0.1033 0.9937 0.0437
vn -0.3047 0.9437 0.1288
vn -0.4906 0.8463 0.2073
vn -0.6519 0.7065 0.2755
vn -0.7803 0.5314 0.3298
vn -0.8696 0.3298 0.3675
vn -0.9154 0.1118 0.3868
vn -0.9154 -0.1118 0.3868
vn -0.8696 -0.3298 0.3675
vn -0.7803 -0.5314 0.3298
vn -0.6519 -0.7065 0.2755
vn -0.4906 -0.8463 0.2073
vn -0.3047 -0.9437 0.1288
vn -0.1033 -0.9937 0.0437
vn 0.1033 -0.9937 -0.0437
vn 0.3047 -0.9437 -0.1288
vn 0.4906 -0.8463 -0.2073
vn 0.6519 -0.7065 -0.2755
vn 0.7803 -0.5314 -0.3298
vn 0.8696 -0.3298 -0.3675
vn 0.9154 -0.1118 -0.3868
vn 0.8653 0.1118 -0.4887
vn 0.8220 0.3298 -0.4642
vn 0.7376 0.5314 -0.4166
vn 0.6162 0.7065 -0.3480
vn 0.4638 0.8463 -0.2619
vn 0.2880 0.9437 -0.1626
vn 0.0976 0.9937 -0.0551
vn -0.0976 0.9937 0.0551
vn -0.2880 0.9437 0.1626
vn -0.4638 0.8463 0.2619
vn -0.6162 0.7065 0.3480
vn -0.7376 0.5314 0.4166
vn -0.8220 0.3298 0.4642
vn -0.8653 0.1118 0.4887
vn -0.8653 -0.1118 0.4887
vn -0.8220 -0.3298 0.4642
vn -0.7376 -0.5314 0.4166
vn -0.6162 -0.7065 0.3480
vn -0.4638 -0.8463 0.2619
vn -0.2880 -0.9437 0.1626
vn -0.0976 -0.9937 0.0551
vn 0.0976 -0.9937 -0.0551
vn 0.2880 -0.9437 -0.1626
vn 0.4638 -0.8463 -0.2619
vn 0.6162 -0.7065 -0.3480
vn 0.7376 -0.5314 -0.4166
vn 0.8220 -0.3298 -0.4642
vn 0.8653 -0.1118 -0.4887
vn 0.8039 0.1118 -0.5841
vn 0.7638 0.3298 -0.5549
vn 0.6853 0.5314 -0.4979
vn 0.5725 0.7065 -0.4160
vn 0.4309 0.8463 -0.3131
vn 0.2676 0.9437 -0.1944
vn 0.0907 0.9937 -0.0659
vn -0.0907 0.9937 0.0659
vn -0.2676 0.9437 0.1944
vn -0.4309 0.8463 0.3131
vn -0.5725 0.7065 0.4160
vn -0.6853 0.5314 0.4979
vn -0.7638 0.3298 0.5549
vn -0.8039 0.1118 0.5841
vn -0.8039 -0.1118 0.5841
vn -0.7638 -0.3298 0.5549
vn -0.6853 -0.5314 0.4979
vn -0.5725 -0.7065 0.4160
vn -0.4309 -0.8463 0.3131
vn -0.2676 -0.9437 0.1944
vn -0.0907 -0.9937 0.0659
vn 0.0907 -0.9937 -0.0659
vn 0.2676 -0.9437 -0.1944
vn 0.4309 -0.8463 -0.3131
vn 0.5725 -0.7065 -0.4160
vn 0.6853 -0.5314 -0.4979
vn 0.7638 -0.3298 -0.5549
vn 0.8039 -0.1118 -0.5841
vn 0.7321 0.1118 -0.6719
vn 0.6955 0.3298 -0.6383
vn 0.6241 0.5314 -0.5728
vn 0.5214 0.7065 -0.4785
vn 0.3924 0.8463 -0.3602
vn 0.2437 0.9437 -0.2236
vn 0.0826 0.9937 -0.0758
vn -0.0826 0.9937 0.0758
vn -0.2437 0.9437 0.2237
vn -0.3924 0.8463 0.3602
vn -0.5214 0.7065 0.4785
vn -0.6241 0.5314 0.5728
vn -0.6955 0.3298 0.6383
vn -0.7321 0.1118 0.6719
vn -0.7321 -0.1118 0.6719
vn -0.6955 -0.3298 0.6383
vn -0.6241 -0.5314 0.5728
vn -0.5214 -0.7065 0.4785
vn -0.3924 -0.8463 0.3602
vn -0.2437 -0.9437 0.2237
vn -0.0826 -0.9937 0.0758
vn 0.0826 -0.9937 -0.0758
vn 0.2437 -0.9437 -0.2237
vn 0.3924 -0.8463 -0.3602
vn 0.5214 -0.7065 -0.4785
vn 0.6241 -0.5314 -0.5728
vn 0.6955 -0.3298 -0.6383
vn 0.7321 -0.1118 -0.6719
vn 0.6508 0.1118 -0.7510
vn 0.6182 0.3298 -0.7135
vn 0.5547 0.5314 -0.6402
vn 0.4634 0.7065 -0.5348
vn 0.3488 0.8463 -0.4026
vn 0.2166 0.9437 -0.2500
vn 0.0734 0.9937 -0.0848
vn -0.0734 0.9937 0.0848
vn -0.2166 0.9437 0.2500
vn -0.3488 0.8463 0.4026
vn -0.4634 0.7065 0.5348
vn -0.5547 0.5314 0.6402
vn -0.6182 0.3298 0.7135
vn -0.6508 0.1118 0.7510
vn -0.6508 -0.1118 0.7510
vn -0.6182 -0.3298 0.7135
vn -0.5547 -0.5314 0.6402
vn -0.4634 -0.7065 0.5348
vn -0.3488 -0.8463 0.4026
vn -0.2166 -0.9437 0.2500
vn -0.0734 -0.9937 0.0848
vn 0.0734 -0.9937 -0.0848
vn 0.2166 -0.9437 -0.2500
vn 0.3488 -0.8463 -0.4026
vn 0.4634 -0.7065 -0.5348
vn 0.5547 -0.5314 -0.6402
vn 0.6182 -0.3298 -0.7135
vn 0.6508 -0.1118 -0.7510
vn 0.5609 0.1118 -0.8203
vn 0.5329 0.3298 -0.7793
vn 0.4781 0.5314 -0.6993
vn 0.3994 0.7065 -0.5842
vn 0.3007 0.8463 -0.4397
vn 0.1867 0.9437 -0.2730
vn 0.0633 0.9937 -0.0926
vn -0.0633 0.9937 0.0926
vn -0.1867 0.9437 0.2730
vn -0.3007 0.8463 0.4397
vn -0.3994 0.7065 0.5842
vn -0.4781 0.5314 0.6993
vn -0.5329 0.3298 0.7793
vn -0.5609 0.1118 0.8203
vn -0.5609 -0.1118 0.8203
vn -0.5329 -0.3298 0.7793
vn -0.4781 -0.5314 0.6993
vn -0.3994 -0.7065 0.5842
vn -0.3007 -0.8463 0.4397
vn -0.1867 -0.9437 0.2730
vn -0.0633 -0.9937 0.0926
vn 0.0633 -0.9937 -0.0926
vn 0.1867 -0.9437 -0.2730
vn 0.3007 -0.8463 -0.4397
vn 0.3994 -0.7065 -0.5842
vn 0.4781 -0.5314 -0.6993
vn 0.5329 -0.3298 -0.7793
vn 0.5609 -0.1118 -0.8203
vn 0.4637 0.1118 -0.8789
vn 0.4406 0.3298 -0.8350
vn 0.3953 0.5314 -0.7492
vn 0.3303 0.7065 -0.6259
vn 0.2486 0.8463 -0.4711
vn 0.1544 0.9437 -0.2925
vn 0.0523 0.9937 -0.0992
vn -0.0523 0.9937 0.0992
vn -0.1544 0.9437 0.2925
vn -0.2486 0.8463 0.4711
vn -0.3303 0.7065 0.6259
vn -0.3953 0.5314 0.7492
vn -0.4406 0.3298 0.8349
vn -0.4637 0.1118 0.8789
vn -0.4637 -0.1118 0.8789
vn -0.4406 -0.3298 0.8349
vn -0.3953 -0.5314 0.7492
vn -0.3303 -0.7065 0.6259
vn -0.2486 -0.8463 0.4711
vn -0.1544 -0.9437 0.2925
vn -0.0523 -0.9937 0.0992
vn 0.0523 -0.9937 -0.0992
vn 0.1544 -0.9437 -0.2925
vn 0.2486 -0.8463 -0.4711
vn 0.3303 -0.7065 -0.6259
vn 0.3953 -0.5314 -0.7492
vn 0.4406 -0.3298 -0.8349
vn 0.4637 -0.1118 -0.8789
vn 0.3605 0.1118 -0.9260
vn 0.3425 0.3298 -0.8797
vn 0.3073 0.5314 -0.7894
vn 0.2568 0.7065 -0.6595
vn 0.1933 0.8463 -0.4964
vn 0.1200 0.9437 -0.3082
vn 0.0407 0.9937 -0.1045
vn -0.0407 0.9937 0.1045
vn -0.1200 0.9437 0.3082
vn -0.1933 0.8463 0.4964
vn -0.2568 0.7065 0.6595
vn -0.3073 0.5314 0.7894
vn -0.3425 0.3298 0.8797
vn -0.3605 0.1118 0.9260
vn -0.3605 -0.1118 0.9260
vn -0.3425 -0.3298 0.8797
vn -0.3073 -0.5314 0.7894
vn -0.2568 -0.7065 0.6595
vn -0.1933 -0.8463 0.4964
vn -0.1200 -0.9437 0.3082
vn -0.0407 -0.9937 0.1045
vn 0.0407 -0.9937 -0.1045
vn 0.1200 -0.9437 -0.3082
vn 0.1933 -0.8463 -0.4964
vn 0.2568 -0.7065 -0.6595
vn 0.3073 -0.5314 -0.7894
vn 0.3425 -0.3298 -0.8797
vn 0.3605 -0.1118 -0.9260
vn 0.2526 0.1118 -0.9611
vn 0.2400 0.3298 -0.9130
vn 0.2154 0.5314 -0.8193
vn 0.1799 0.7065 -0.6844
vn 0.1354 0.8463 -0.5152
vn 0.0841 0.9437 -0.3199
vn 0.0285 0.9937 -0.1085
vn -0.0285 0.9937 0.1085
vn -0.0841 0.9437 0.3199
vn -0.1354 0.8463 0.5152
vn -0.1799 0.7065 0.6844
vn -0.2154 0.5314 0.8193
vn -0.2400 0.3298 0.9130
vn -0.2526 0.1118 0.9611
vn -0.2526 -0.1118 0.9611
vn -0.2400 -0.3298 0.9130
vn -0.2154 -0.5314 0.8193
vn -0.1799 -0.7065 0.6844
vn -0.1354 -0.8463 0.5152
vn -0.0841 -0.9437 0.3199
vn -0.0285 -0.9937 0.1085
vn 0.0285 -0.9937 -0.1085
vn 0.0841 -0.9437 -0.3199
vn 0.1354 -0.8463 -0.5152
vn 0.1799 -0.7065 -0.6844
vn 0.2154 -0.5314 -0.8193
vn 0.2400 -0.3298 -0.9130
vn 0.2526 -0.1118 -0.9611
vn 0.1414 0.1118 -0.9836
vn 0.1344 0.3298 -0.9344
vn 0.1206 0.5314 -0.8385
vn 0.1007 0.7065 -0.7005
vn 0.0758 0.8463 -0.5272
vn 0.0471 0.9437 -0.3274
vn 0.0160 0.9937 -0.1110
vn -0.0160 0.9937 0.1110
vn -0.0471 0.9437 0.3274
vn -0.0758 0.8463 0.5272
vn -0.1007 0.7065 0.7005
vn -0.1206 0.5314 0.8385
vn -0.1344 0.3298 0.9344
vn -0.1414 0.1118 0.9836
vn -0.1414 -0.1118 0.9836
vn -0.1344 -0.3298 0.9344
vn -0.1206 -0.5314 0.8385
vn -0.1007 -0.7065 0.7005
vn -0.0758 -0.8463 0.5272
vn -0.0471 -0.9437 0.3274
vn -0.0160 -0.9937 0.1110
vn 0.0160 -0.9937 -0.1110
vn 0.0471 -0.9437 -0.3274
vn 0.0758 -0.8463 -0.5272
vn 0.1007 -0.7065 -0.7005
vn 0.1206 -0.5314 -0.8385
vn 0.1344 -0.3298 -0.9344
vn 0.1414 -0.1118 -0.9836
vn 0.0284 0.1118 -0.9933
vn 0.0270 0.3298 -0.9437
vn 0.0242 0.5314 -0.8468
vn 0.0202 0.7065 -0.7074
vn 0.0152 0.8463 -0.5324
vn 0.0094 0.9437 -0.3306
vn 0.0032 0.9937 -0.1121
vn -0.0032 0.9937 0.1121
vn -0.0094 0.9437 0.3306
vn -0.0152 0.8463 0.5324
vn -0.0202 0.7065 0.7074
vn -0.0242 0.5314 0.8468
vn -0.0270 0.3298 0.9437
vn -0.0284 0.1118 0.9933
vn -0.0284 -0.1118 0.9933
vn -0.0270 -0.3298 0.9437
vn -0.0242 -0.5314 0.8468
vn -0.0202 -0.7065 0.7074
vn -0.0152 -0.8463 0.5324
vn -0.0094 -0.9437 0.3306
vn -0.0032 -0.9937 0.1121
vn 0.0032 -0.9937 -0.1121
vn 0.0094 -0.9437 -0.3306
vn 0.0152 -0.8463 -0.5324
vn 0.0202 -0.7065 -0.7074
vn 0.0242 -0.5314 -0.8468
vn 0.0270 -0.3298 -0.9437
vn 0.0284 -0.1118 -0.9933
vn -0.0850 0.1118 -0.9901
vn -0.0808 0.3298 -0.9406
vn -0.0725 0.5314 -0.8440
vn -0.0606 0.7065 -0.7051
vn -0.0456 0.8463 -0.5307
vn -0.0283 0.9437 -0.3295
vn -0.0096 0.9937 -0.1117
vn 0.0096 0.9937 0.1117
vn 0.0283 0.9437 0.3295
vn 0.0456 0.8463 0.5307
vn 0.0606 0.7065 0.7051
vn 0.0725 0.5314 0.8440
vn 0.0808 0.3298 0.9406
vn 0.0850 0.1118 0.9901
vn 0.0850 -0.1118 0.9901
vn 0.0808 -0.3298 0.9406
vn 0.0725 -0.5314 0.8440
vn 0.0606 -0.7065 0.7051
vn 0.0456 -0.8463 0.5307
vn 0.0283 -0.9437 0.3295
vn 0.0096 -0.9937 0.1117
vn -0.0096 -0.9937 -0.1117
vn -0.0283 -0.9437 -0.3295
vn -0.0456 -0.8463 -0.5307
vn -0.0606 -0.7065 -0.7051
vn -0.0725 -0.5314 -0.8440
vn -0.0808 -0.3298 -0.9406
vn -0.0850 -0.1118 -0.9901
vn -0.1973 0.1118 -0.9739
vn -0.1875 0.3298 -0.9252
vn -0.1682 0.5314 -0.8302
vn -0.1405 0.7065 -0.6936
vn -0.1058 0.8463 -0.5220
vn -0.0657 0.9437 -0.3242
vn -0.0223 0.9937 -0.1099
vn 0.0223 0.9937 0.1099
vn 0.0657 0.9437 0.3242
vn 0.1058 0.8463 0.5220
vn 0.1405 0.7065 0.6936
vn 0.1682 0.5314 0.8302
vn 0.1875 0.3298 0.9252
vn 0.1973 0.1118 0.9739
vn 0.1973 -0.1118 0.9739
vn 0.1875 -0.3298 0.9252
vn 0.1682 -0.5314 0.8302
vn 0.1405 -0.7065 0.6936
vn 0.1058 -0.8463 0.5220
vn 0.0657 -0.9437 0.3242
vn 0.0223 -0.9937 0.1099
vn -0.0223 -0.9937 -0.1099
vn -0.0657 -0.9437 -0.3242
vn -0.1058 -0.8463 -0.5220
vn -0.1405 -0.7065 -0.6936
vn -0.1682 -0.5314 -0.8302
vn -0.1875 -0.3298 -0.9252
vn -0.1973 -0.1118 -0.9739
vn -0.3071 0.1118 -0.9451
vn -0.2917 0.3298 -0.8978
vn -0.2618 0.5314 -0.8057
vn -0.2187 0.7065 -0.6730
vn -0.1646 0.8463 -0.5066
vn -0.1022 0.9437 -0.3146
vn -0.0347 0.9937 -0.1067
vn 0.0347 0.9937 0.1067
vn 0.1022 0.9437 0.3146
vn 0.1646 0.8463 0.5066
vn 0.2187 0.7065 0.6730
vn 0.2618 0.5314 0.8057
vn 0.2917 0.3298 0.8978
vn 0.3071 0.1118 0.9451
vn 0.3071 -0.1118 0.9451
vn 0.2917 -0.3298 0.8978
vn 0.2618 -0.5314 0.8057
vn 0.2187 -0.7065 0.6730
vn 0.1646 -0.8463 0.5066
vn 0.1022 -0.9437 0.3146
vn 0.0347 -0.9937 0.1067
vn -0.0347 -0.9937 -0.1067
vn -0.1022 -0.9437 -0.3146
vn -0.1646 -0.8463 -0.5066
vn -0.2187 -0.7065 -0.6730
vn -0.2618 -0.5314 -0.8057
vn -0.2917 -0.3298 -0.8978
vn -0.3071 -0.1118 -0.9451
vn -0.4128 0.1118 -0.9039
vn -0.3922 0.3298 -0.8587
vn -0.3519 0.5314 -0.7706
vn -0.2940 0.7065 -0.6437
vn -0.2213 0.8463 -0.4845
vn -0.1374 0.9437 -0.3009
vn -0.0466 0.9937 -0.1020
vn 0.0466 0.9937 0.1020
vn 0.1374 0.9437 0.3009
vn 0.2213 0.8463 0.4845
vn 0.2940 0.7065 0.6437
vn 0.3519 0.5314 0.7706
vn 0.3922 0.3298 0.8587
vn 0.4128 0.1118 0.9039
vn 0.4128 -0.1118 0.9039
vn 0.3922 -0.3298 0.8587
vn 0.3519 -0.5314 0.7706
vn 0.2940 -0.7065 0.6437
vn 0.2213 -0.8463 0.4845
vn 0.1374 -0.9437 0.3009
vn 0.0466 -0.9937 0.1020
vn -0.0466 -0.9937 -0.1020
vn -0.1374 -0.9437 -0.3009
vn -0.2213 -0.8463 -0.4845
vn -0.2940 -0.7065 -0.6437
vn -0.3519 -0.5314 -0.7706
vn -0.3922 -0.3298 -0.8587
vn -0.4128 -0.1118 -0.9039
vn -0.5132 0.1118 -0.8510
vn -0.4875 0.3298 -0.8084
vn -0.4374 0.5314 -0.7254
vn -0.3654 0.7065 -0.6060
vn -0.2751 0.8463 -0.4561
vn -0.1708 0.9437 -0.2832
vn -0.0579 0.9937 -0.0960
vn 0.0579 0.9937 0.0960
vn 0.1708 0.9437 0.2832
vn 0.2751 0.8463 0.4561
vn 0.3654 0.7065 0.6060
vn 0.4374 0.5314 0.7254
vn 0.4875 0.3298 0.8084
vn 0.5132 0.1118 0.8510
vn 0.5132 -0.1118 0.8510
vn 0.4875 -0.3298 0.8084
vn 0.4374 -0.5314 0.7254
vn 0.3654 -0.7065 0.6060
vn 0.2751 -0.8463 0.4561
vn 0.1708 -0.9437 0.2832
vn 0.0579 -0.9937 0.0960
vn -0.0579 -0.9937 -0.0960
vn -0.1708 -0.9437 -0.2832
vn -0.2751 -0.8463 -0.4561
vn -0.3654 -0.7065 -0.6060
vn -0.4374 -0.5314 -0.7254
vn -0.4875 -0.3298 -0.8084
vn -0.5132 -0.1118 -0.8510
vn -0.6068 0.1118 -0.7869
vn -0.5765 0.3298 -0.7476
vn -0.5173 0.5314 -0.6708
vn -0.4321 0.7065 -0.5604
vn -0.3253 0.8463 -0.4218
vn -0.2020 0.9437 -0.2619
vn -0.0685 0.9937 -0.0888
vn 0.0685 0.9937 0.0888
vn 0.2020 0.9437 0.2619
vn 0.3253 0.8463 0.4218
vn 0.4321 0.7065 0.5604
vn 0.5173 0.5314 0.6708
vn 0.5765 0.3298 0.7476
vn 0.6068 0.1118 0.7869
vn 0.6068 -0.1118 0.7869
vn 0.5765 -0.3298 0.7476
vn 0.5173 -0.5314 0.6708
vn 0.4321 -0.7065 0.5604
vn 0.3253 -0.8463 0.4218
vn 0.2020 -0.9437 0.2619
vn 0.0685 -0.9937 0.0888
vn -0.0685 -0.9937 -0.0888
vn -0.2020 -0.9437 -0.2619
vn -0.3253 -0.8463 -0.4218
vn -0.4321 -0.7065 -0.5604
vn -0.5173 -0.5314 -0.6708
vn -0.5765 -0.3298 -0.7476
vn -0.6068 -0.1118 -0.7869
vn -0.6926 0.1118 -0.7126
vn -0.6579 0.3298 -0.6770
vn -0.5904 0.5314 -0.6075
vn -0.4932 0.7065 -0.5075
vn -0.3712 0.8463 -0.3820
vn -0.2305 0.9437 -0.2372
vn -0.0782 0.9937 -0.0804
vn 0.0782 0.9937 0.0804
vn 0.2305 0.9437 0.2372
vn 0.3712 0.8463 0.3820
vn 0.4932 0.7065 0.5075
vn 0.5904 0.5314 0.6075
vn 0.6579 0.3298 0.6770
vn 0.6926 0.1118 0.7126
vn 0.6926 -0.1118 0.7126
vn 0.6579 -0.3298 0.6770
vn 0.5904 -0.5314 0.6075
vn 0.4932 -0.7065 0.5075
vn 0.3712 -0.8463 0.3820
vn 0.2305 -0.9437 0.2372
vn 0.0782 -0.9937 0.0804
vn -0.0782 -0.9937 -0.0804
vn -0.2305 -0.9437 -0.2372
vn -0.3712 -0.8463 -0.3820
vn -0.4932 -0.7065 -0.5075
vn -0.5904 -0.5314 -0.6075
vn -0.6579 -0.3298 -0.6770
vn -0.6926 -0.1118 -0.7126
vn -0.7693 0.1118 -0.6290
vn -0.7308 0.3298 -0.5976
vn -0.6558 0.5314 -0.5362
vn -0.5478 0.7065 -0.4480
vn -0.4124 0.8463 -0.3372
vn -0.2561 0.9437 -0.2094
vn -0.0868 0.9937 -0.0710
vn 0.0868 0.9937 0.0710
vn 0.2561 0.9437 0.2094
vn 0.4124 0.8463 0.3372
vn 0.5478 0.7065 0.4480
vn 0.6558 0.5314 0.5362
vn 0.7308 0.3298 0.5976
vn 0.7693 0.1118 0.6290
vn 0.7693 -0.1118 0.6290
vn 0.7308 -0.3298 0.5976
vn 0.6558 -0.5314 0.5362
vn 0.5478 -0.7065 0.4480
vn 0.4124 -0.8463 0.3372
vn 0.2561 -0.9437 0.2094
vn 0.0868 -0.9937 0.0710
vn -0.0868 -0.9937 -0.0710
vn -0.2561 -0.9437 -0.2094
vn -0.4124 -0.8463 -0.3372
vn -0.5478 -0.7065 -0.4480
vn -0.6558 -0.5314 -0.5362
vn -0.7308 -0.3298 -0.5976
vn -0.7693 -0.1118 -0.6290
vn -0.8360 0.1118 -0.5373
vn -0.7942 0.3298 -0.5104
vn -0.7126 0.5314 -0.4580
vn -0.5953 0.7065 -0.3826
vn -0.4481 0.8463 -0.2880
vn -0.2782 0.9437 -0.1788
vn -0.0943 0.9937 -0.0606
vn 0.0943 0.9937 0.0606
vn 0.2783 0.9437 0.1788
vn 0.4481 0.8463 0.2880
vn 0.5953 0.7065 0.3826
vn 0.7126 0.5314 0.4580
vn 0.7942 0.3298 0.5104
vn 0.8360 0.1118 0.5373
vn 0.8360 -0.1118 0.5373
vn 0.7942 -0.3298 0.5104
vn 0.7126 -0.5314 0.4580
vn 0.5953 -0.7065 0.3826
vn 0.4481 -0.8463 0.2880
vn 0.2783 -0.9437 0.1788
vn 0.0943 -0.9937 0.0606
vn -0.0943 -0.9937 -0.0606
vn -0.2783 -0.9437 -0.1788
vn -0.4481 -0.8463 -0.2880
vn -0.5953 -0.7065 -0.3826
vn -0.7126 -0.5314 -0.4580
vn -0.7942 -0.3298 -0.5104
vn -0.8360 -0.1118 -0.5373
vn -0.8918 0.1118 -0.4385
vn -0.8472 0.3298 -0.4165
vn -0.7602 0.5314 -0.3738
vn -0.6351 0.7065 -0.3122
vn -0.4780 0.8463 -0.2350
vn -0.2968 0.9437 -0.1459
vn -0.1006 0.9937 -0.0495
vn 0.1006 0.9937 0.0495
vn 0.2968 0.9437 0.1459
vn 0.4780 0.8463 0.2350
vn 0.6351 0.7065 0.3122
vn 0.7602 0.5314 0.3738
vn 0.8472 0.3298 0.4165
vn 0.8918 0.1118 0.4385
vn 0.8918 -0.1118 0.4385
vn 0.8472 -0.3298 0.4165
vn 0.7602 -0.5314 0.3738
vn 0.6351 -0.7065 0.3122
vn 0.4780 -0.8463 0.2350
vn 0.2968 -0.9437 0.1459
vn 0.1006 -0.9937 0.0495
vn -0.1006 -0.9937 -0.0495
vn -0.2968 -0.9437 -0.1459
vn -0.4780 -0.8463 -0.2350
vn -0.6351 -0.7065 -0.3122
vn -0.7602 -0.5314 -0.3738
vn -0.8472 -0.3298 -0.4165
vn -0.8918 -0.1118 -0.4385
vn -0.9359 0.1118 -0.3339
vn -0.8891 0.3298 -0.3172
vn -0.7979 0.5314 -0.2847
vn -0.6665 0.7065 -0.2378
vn -0.5017 0.8463 -0.1790
vn -0.3115 0.9437 -0.1112
vn -0.1056 0.9937 -0.0377
vn 0.1056 0.9937 0.0377
vn 0.3115 0.9437 0.1112
vn 0.5017 0.8463 0.1790
vn 0.6665 0.7065 0.2378
vn 0.7978 0.5314 0.2847
vn 0.8891 0.3298 0.3172
vn 0.9359 0.1118 0.3339
vn 0.9359 -0.1118 0.3339
vn 0.8891 -0.3298 0.3172
vn 0.7978 -0.5314 0.2847
vn 0.6665 -0.7065 0.2378
vn 0.5017 -0.8463 0.1790
vn 0.3115 -0.9437 0.1112
vn 0.1056 -0.9937 0.0377
vn -0.1056 -0.9937 -0.0377
vn -0.3115 -0.9437 -0.1112
vn -0.5017 -0.8463 -0.1790
vn -0.6665 -0.7065 -0.2378
vn -0.7979 -0.5314 -0.2847
vn -0.8891 -0.3298 -0.3172
vn -0.9359 -0.1118 -0.3339
vn -0.9679 0.1118 -0.2251
vn -0.9195 0.3298 -0.2138
vn -0.8251 0.5314 -0.1919
vn -0.6893 0.7065 -0.1603
vn -0.5188 0.8463 -0.1206
vn -0.3222 0.9437 -0.0749
vn -0.1092 0.9937 -0.0254
vn 0.1092 0.9937 0.0254
vn 0.3222 0.9437 0.0749
vn 0.5188 0.8463 0.1206
vn 0.6893 0.7065 0.1603
vn 0.8251 0.5314 0.1919
vn 0.9195 0.3298 0.2138
vn 0.9679 0.1118 0.2251
vn 0.9679 -0.1118 0.2251
vn 0.9195 -0.3298 0.2138
vn 0.8251 -0.5314 0.1919
vn 0.6893 -0.7065 0.1603
vn 0.5188 -0.8463 0.1206
vn 0.3222 -0.9437 0.0749
vn 0.1092 -0.9937 0.0254
vn -0.1092 -0.9937 -0.0254
vn -0.3222 -0.9437 -0.0749
vn -0.5188 -0.8463 -0.1206
vn -0.6893 -0.7065 -0.1603
vn -0.8251 -0.5314 -0.1919
vn -0.9195 -0.3298 -0.2138
vn -0.9679 -0.1118 -0.2251
vn -0.9873 0.1118 -0.1133
vn -0.9379 0.3298 -0.1076
vn -0.8416 0.5314 -0.0966
vn -0.7031 0.7065 -0.0807
vn -0.5292 0.8463 -0.0607
vn -0.3286 0.9437 -0.0377
vn -0.1114 0.9937 -0.0128
vn 0.1114 0.9937 0.0128
vn 0.3286 0.9437 0.0377
vn 0.5292 0.8463 0.0607
vn 0.7031 0.7065 0.0807
vn 0.8416 0.5314 0.0966
vn 0.9379 0.3298 0.1076
vn 0.9873 0.1118 0.1133
vn 0.9873 -0.1118 0.1133
vn 0.9379 -0.3298 0.1076
vn 0.8416 -0.5314 0.0966
vn 0.7031 -0.7065 0.0807
vn 0.5292 -0.8463 0.0607
vn 0.3286 -0.9437 0.0377
vn 0.1114 -0.9937 0.0128
vn -0.1114 -0.9937 -0.0128
vn -0.3286 -0.9437 -0.0377
vn -0.5292 -0.8463 -0.0607
vn -0.7031 -0.7065 -0.0807
vn -0.8416 -0.5314 -0.0966
vn -0.9379 -0.3298 -0.1076
vn -0.9873 -0.1118 -0.1133
vn -0.9937 0.1118 0.0000
vn -0.9441 0.3298 0.0000
vn -0.8471 0.5314 0.0000
vn -0.7077 0.7065 0.0000
vn -0.5327 0.8463 0.0000
vn -0.3308 0.9437 0.0000
vn -0.1121 0.9937 0.0000
vn 0.1121 0.9937 0.0000
vn 0.3308 0.9437 0.0000
vn 0.5327 0.8463 0.0000
vn 0.7077 0.7065 0.0000
vn 0.8471 0.5314 0.0000
vn 0.9441 0.3298 0.0000
vn 0.9937 0.1118 0.0000
vn 0.9937 -0.1118 0.0000
vn 0.9441 -0.3298 0.0000
vn 0.8471 -0.5314 0.0000
vn 0.7077 -0.7065 0.0000
vn 0.5327 -0.8463 0.0000
vn 0.3308 -0.9437 0.0000
vn 0.1121 -0.9937 0.0000
vn -0.1121 -0.9937 0.0000
vn -0.3308 -0.9437 0.0000
vn -0.5327 -0.8463 0.0000
vn -0.7077 -0.7065 0.0000
vn -0.8471 -0.5314 0.0000
vn -0.9441 -0.3298 0.0000
vn -0.9937 -0.1118 0.0000
vn -0.9873 0.1118 0.1133
vn -0.9379 0.3298 0.1076
vn -0.8416 0.5314 0.0966
vn -0.7031 0.7065 0.0807
vn -0.5292 0.8463 0.0607
vn -0.3286 0.9437 0.0377
vn -0.1114 0.9937 0.0128
vn 0.1114 0.9937 -0.0128
vn 0.3286 0.9437 -0.0377
vn 0.5292 0.8463 -0.0607
vn 0.7031 0.7065 -0.0807
vn 0.8416 0.5314 -0.0966
vn 0.9379 0.3298 -0.1076
vn 0.9873 0.1118 -0.1133
vn 0.9873 -0.1118 -0.1133
vn 0.9379 -0.3298 -0.1076
vn 0.8416 -0.5314 -0.0966
vn 0.7031 -0.7065 -0.0807
vn 0.5292 -0.8463 -0.0607
vn 0.3286 -0.9437 -0.0377
vn 0.1114 -0.9937 -0.0128
vn -0.1114 -0.9937 0.0128
vn -0.3286 -0.9437 0.0377
vn -0.5292 -0.8463 0.0607
vn -0.7031 -0.7065 0.0807
vn -0.8416 -0.5314 0.0966
vn -0.9379 -0.3298 0.1076
vn -0.9873 -0.1118 0.1133
vn -0.9679 0.1118 0.2251
vn -0.9195 0.3298 0.2138
vn -0.8251 0.5314 0.1919
vn -0.6893 0.7065 0.1603
vn -0.5188 0.8463 0.1206
vn -0.3222 0.9437 0.0749
vn -0.1092 0.9937 0.0254
vn 0.1092 0.9937 -0.0254
vn 0.3222 0.9437 -0.0749
vn 0.5188 0.8463 -0.1206
vn 0.6893 0.7065 -0.1603
vn 0.8251 0.5314 -0.1919
vn 0.9195 0.3298 -0.2138
vn 0.9679 0.1118 -0.2251
vn 0.9679 -0.1118 -0.2251
vn 0.9195 -0.3298 -0.2138
vn 0.8251 -0.5314 -0.1919
vn 0.6893 -0.7065 -0.1603
vn 0.5188 -0.8463 -0.1206
vn 0.3222 -0.9437 -0.0749
vn 0.1092 -0.9937 -0.0254
vn -0.1092 -0.9937 0.0254
vn -0.3222 -0.9437 0.0749
vn -0.5188 -0.8463 0.1206
vn -0.6893 -0.7065 0.1603
vn -0.8251 -0.5314 0.1919
vn -0.9195 -0.3298 0.2138
vn -0.9679 -0.1118 0.2251
vn -0.9359 0.1118 0.3339
vn -0.8891 0.3298 0.3172
vn -0.7979 0.5314 0.2847
vn -0.6665 0.7065 0.2378
vn -0.5017 0.8463 0.1790
vn -0.3115 0.9437 0.1112
vn -0.1056 0.9937 0.0377
vn 0.1056 0.9937 -0.0377
vn 0.3115 0.9437 -0.1112
vn 0.5017 0.8463 -0.1790
vn 0.6665 0.7065 -0.2378
vn 0.7978 0.5314 -0.2847
vn 0.8891 0.3298 -0.3172
vn 0.9359 0.1118 -0.3339
vn 0.9359 -0.1118 -0.3339
vn 0.8891 -0.3298 -0.3172
vn 0.7978 -0.5314 -0.2847
vn 0.6665 -0.7065 -0.2378
vn 0.5017 -0.8463 -0.1790
vn 0.3115 -0.9437 -0.1112
vn 0.1056 -0.9937 -0.0377
vn -0.1056 -0.9937 0.0377
vn -0.3115 -0.9437 0.1112
vn -0.5017 -0.8463 0.1790
vn -0.6665 -0.7065 0.2378
vn -0.7979 -0.5314 0.2847
vn -0.8891 -0.3298 0.3172
vn -0.9359 -0.1118 0.3339
vn -0.8918 0.1118 0.4385
vn -0.8472 0.3298 0.4165
vn -0.7602 0.5314 0.3738
vn -0.6351 0.7065 0.3122
vn -0.4780 0.8463 0.2350
vn -0.2968 0.9437 0.1459
vn -0.1006 0.9937 0.0495
vn 0.1006 0.9937 -0.0495
vn 0.2968 0.9437 -0.1459
vn 0.4780 0.8463 -0.2350
vn 0.6351 0.7065 -0.3122
vn 0.7602 0.5314 -0.3738
vn 0.8472 0.3298 -0.4165
vn 0.8918 0.1118 -0.4385
vn 0.8918 -0.1118 -0.4385
vn 0.8472 -0.3298 -0.4165
vn 0.7602 -0.5314 -0.3738
vn 0.6351 -0.7065 -0.3122
vn 0.4780 -0.8463 -0.2350
vn 0.2968 -0.9437 -0.1459
vn 0.1006 -0.9937 -0.0495
vn -0.1006 -0.9937 0.0495
vn -0.2968 -0.9437 0.1459
vn -0.4780 -0.8463 0.2350
vn -0.6351 -0.7065 0.3122
vn -0.7602 -0.5314 0.3738
vn -0.8472 -0.3298 0.4165
vn -0.8918 -0.1118 0.4385
vn -0.8360 0.1118 0.5373
vn -0.7942 0.3298 0.5104
vn -0.7126 0.5314 0.4580
vn -0.5953 0.7065 0.3826
vn -0.4481 0.8463 0.2880
vn -0.2782 0.9437 0.1788
vn -0.0943 0.9937 0.0606
vn 0.0943 0.9937 -0.0606
vn 0.2783 0.9437 -0.1788
vn 0.4481 0.8463 -0.2880
vn 0.5953 0.7065 -0.3826
vn 0.7126 0.5314 -0.4580
vn 0.7942 0.3298 -0.5104
vn 0.8360 0.1118 -0.5373
vn 0.8360 -0.1118 -0.5373
vn 0.7942 -0.3298 -0.5104
vn 0.7126 -0.5314 -0.4580
vn 0.5953 -0.7065 -0.3826
vn 0.4481 -0.8463 -0.2880
vn 0.2783 -0.9437 -0.1788
vn 0.0943 -0.9937 -0.0606
vn -0.0943 -0.9937 0.0606
vn -0.2783 -0.9437 0.1788
vn -0.4481 -0.8463 0.2880
vn -0.5953 -0.7065 0.3826
vn -0.7126 -0.5314 0.4580
vn -0.7942 -0.3298 0.5104
vn -0.8360 -0.1118 0.5373
vn -0.7693 0.1118 0.6290
vn -0.7308 0.3298 0.5976
vn -0.6558 0.5314 0.5362
vn -0.5478 0.7065 0.4480
vn -0.4124 0.8463 0.3372
vn -0.2561 0.9437 0.2094
vn -0.0868 0.9937 0.0710
vn 0.0868 0.9937 -0.0710
vn 0.2561 0.9437 -0.2094
vn 0.4124 0.8463 -0.3372
vn 0.5478 0.7065 -0.4480
vn 0.6558 0.5314 -0.5362
vn 0.7308 0.3298 -0.5976
vn 0.7693 0.1118 -0.6290
vn 0.7693 -0.1118 -0.6290
vn 0.7308 -0.3298 -0.5976
vn 0.6558 -0.5314 -0.5362
vn 0.5478 -0.7065 -0.4480
vn 0.4124 -0.8463 -0.3372
vn 0.2561 -0.9437 -0.2094
vn 0.0868 -0.9937 -0.0710
vn -0.0868 -0.9937 0.0710
vn -0.2561 -0.9437 0.2094
vn -0.4124 -0.8463 0.3372
vn -0.5478 -0.7065 0.4480
vn -0.6558 -0.5314 0.5362
vn -0.7308 -0.3298 0.5976
vn -0.7693 -0.1118 0.6290
vn -0.6926 0.1118 0.7126
vn -0.6579 0.3298 0.6770
vn -0.5904 0.5314 0.6075
vn -0.4932 0.7065 0.5075
vn -0.3712 0.8463 0.3820
vn -0.2305 0.9437 0.2372
vn -0.0782 0.9937 0.0804
vn 0.0782 0.9937 -0.0804
vn 0.2305 0.9437 -0.2372
vn 0.3712 0.8463 -0.3820
vn 0.4932 0.7065 -0.5075
vn 0.5904 0.5314 -0.6075
vn 0.6579 0.3298 -0.6770
vn 0.6926 0.1118 -0.7126
vn 0.6926 -0.1118 -0.7126
vn 0.6579 -0.3298 -0.6770
vn 0.5904 -0.5314 -0.6075
vn 0.4932 -0.7065 -0.5075
vn 0.3712 -0.8463 -0.3820
vn 0.2305 -0.9437 -0.2372
vn 0.0782 -0.9937 -0.0804
vn -0.0782 -0.9937 0.0804
vn -0.2305 -0.9437 0.2372
vn -0.3712 -0.8463 0.3820
vn -0.4932 -0.7065 0.5075
vn -0.5904 -0.5314 0.6075
vn -0.6579 -0.3298 0.6770
vn -0.6926 -0.1118 0.7126
vn -0.6068 0.1118 0.7869
vn -0.5765 0.3298 0.7476
vn -0.5173 0.5314 0.6708
vn -0.4321 0.7065 0.5604
vn -0.3253 0.8463 0.4218
vn -0.2020 0.9437 0.2619
vn -0.0685 0.9937 0.0888
vn 0.0685 0.9937 -0.0888
vn 0.2020 0.9437 -0.2619
vn 0.3253 0.8463 -0.4218
vn 0.4321 0.7065 -0.5604
vn 0.5173 0.5314 -0.6708
vn 0.5765 0.3298 -0.7476
vn 0.6068 0.1118 -0.7869
vn 0.6068 -0.1118 -0.7869
vn 0.5765 -0.3298 -0.7476
vn 0.5173 -0.5314 -0.6708
vn 0.4321 -0.7065 -0.5604
vn 0.3253 -0.8463 -0.4218
vn 0.2020 -0.9437 -0.2619
vn 0.0685 -0.9937 -0.0888
vn -0.0685 -0.9937 0.0888
vn -0.2020 -0.9437 0.2619
vn -0.3253 -0.8463 0.4218
vn -0.4321 -0.7065 0.5604
vn -0.5173 -0.5314 0.6708
vn -0.5765 -0.3298 0.7476
vn -0.6068 -0.1118 0.7869
vn -0.5132 0.1118 0.8510
vn -0.4875 0.3298 0.8084
vn -0.4374 0.5314 0.7254
vn -0.3654 0.7065 0.6060
vn -0.2751 0.8463 0.4561
vn -0.1708 0.9437 0.2832
vn -0.0579 0.9937 0.0960
vn 0.0579 0.9937 -0.0960
vn 0.1708 0.9437 -0.2832
vn 0.2751 0.8463 -0.4561
vn 0.3654 0.7065 -0.6060
vn 0.4374 0.5314 -0.7254
vn 0.4875 0.3298 -0.8084
vn 0.5132 0.1118 -0.8510
vn 0.5132 -0.1118 -0.8510
vn 0.4875 -0.3298 -0.8084
vn 0.4374 -0.5314 -0.7254
vn 0.3654 -0.7065 -0.6060
vn 0.2751 -0.8463 -0.4561
vn 0.1708 -0.9437 -0.2832
vn 0.0579 -0.9937 -0.0960
vn -0.0579 -0.9937 0.0960
vn -0.1708 -0.9437 0.2832
vn -0.2751 -0.8463 0.4561
vn -0.3654 -0.7065 0.6060
vn -0.4374 -0.5314 0.7254
vn -0.4875 -0.3298 0.8084
vn -0.5132 -0.1118 0.8510
vn -0.4128 0.1118 0.9039
vn -0.3922 0.3298 0.8587
vn -0.3519 0.5314 0.7706
vn -0.2940 0.7065 0.6437
vn -0.2213 0.8463 0.4845
vn -0.1374 0.9437 0.3009
vn -0.0466 0.9937 0.1020
vn 0.0466 0.9937 -0.1020
vn 0.1374 0.9437 -0.3009
vn 0.2213 0.8463 -0.4845
vn 0.2940 0.7065 -0.6437
vn 0.3519 0.5314 -0.7706
vn 0.3922 0.3298 -0.8587
vn 0.4128 0.1118 -0.9039
vn 0.4128 -0.1118 -0.9039
vn 0.3922 -0.3298 -0.8587
vn 0.3519 -0.5314 -0.7706
vn 0.2940 -0.7065 -0.6437
vn 0.2213 -0.8463 -0.4845
vn 0.1374 -0.9437 -0.3009
vn 0.0466 -0.9937 -0.1020
vn -0.0466 -0.9937 0.1020
vn -0.1374 -0.9437 0.3009
vn -0.2213 -0.8463 0.4845
vn -0.2940 -0.7065 0.6437
vn -0.3519 -0.5314 0.7706
vn -0.3922 -0.3298 0.8587
vn -0.4128 -0.1118 0.9039
vn -0.3071 0.1118 0.9451
vn -0.2917 0.3298 0.8978
vn -0.2618 0.5314 0.8057
vn -0.2187 0.7065 0.6730
vn -0.1646 0.8463 0.5066
vn -0.1022 0.9437 0.3146
vn -0.0347 0.9937 0.1067
vn 0.0347 0.9937 -0.1067
vn 0.1022 0.9437 -0.3146
vn 0.1646 0.8463 -0.5066
vn 0.2187 0.7065 -0.6730
vn 0.2618 0.5314 -0.8057
vn 0.2917 0.3298 -0.8978
vn 0.3071 0.1118 -0.9451
vn 0.3071 -0.1118 -0.9451
vn 0.2917 -0.3298 -0.8978
vn 0.2618 -0.5314 -0.8057
vn 0.2187 -0.7065 -0.6730
vn 0.1646 -0.8463 -0.5066
vn 0.1022 -0.9437 -0.3146
vn 0.0347 -0.9937 -0.1067
vn -0.0347 -0.9937 0.1067
vn -0.1022 -0.9437 0.3146
vn -0.1646 -0.8463 0.5066
vn -0.2187 -0.7065 0.6730
vn -0.2618 -0.5314 0.8057
vn -0.2917 -0.3298 0.8978
vn -0.3071 -0.1118 0.9451
vn -0.1973 0.1118 0.9739
vn -0.1875 0.3298 0.9252
vn -0.1682 0.5314 0.8302
vn -0.1405 0.7065 0.6936
vn -0.1058 0.8463 0.5220
vn -0.0657 0.9437 0.3242
vn -0.0223 0.9937 0.1099
vn 0.0223 0.9937 -0.1099
vn 0.0657 0.9437 -0.3242
vn 0.1058 0.8463 -0.5220
vn 0.1405 0.7065 -0.6936
vn 0.1682 0.5314 -0.8302
vn 0.1875 0.3298 -0.9252
vn 0.1973 0.1118 -0.9739
vn 0.1973 -0.1118 -0.9739
vn 0.1875 -0.3298 -0.9252
vn 0.1682 -0.5314 -0.8302
vn 0.1405 -0.7065 -0.6936
vn 0.1058 -0.8463 -0.5220
vn 0.0657 -0.9437 -0.3242
vn 0.0223 -0.9937 -0.1099
vn -0.0223 -0.9937 0.1099
vn -0.0657 -0.9437 0.3242
vn -0.1058 -0.8463 0.5220
vn -0.1405 -0.7065 0.6936
vn -0.1682 -0.5314 0.8302
vn -0.1875 -0.3298 0.9252
vn -0.1973 -0.1118 0.9739
vn -0.0850 0.1118 0.9901
vn -0.0808 0.3298 0.9406
vn -0.0725 0.5314 0.8440
vn -0.0606 0.7065 0.7051
vn -0.0456 0.8463 0.5307
vn -0.0283 0.9437 0.3295
vn -0.0096 0.9937 0.1117
vn 0.0096 0.9937 -0.1117
vn 0.0283 0.9437 -0.3295
vn 0.0456 0.8463 -0.5307
vn 0.0606 0.7065 -0.7051
vn 0.0725 0.5314 -0.8440
vn 0.0808 0.3298 -0.9406
vn 0.0850 0.1118 -0.9901
vn 0.0850 -0.1118 -0.9901
vn 0.0808 -0.3298 -0.9406
vn 0.0725 -0.5314 -0.8440
vn 0.0606 -0.7065 -0.7051
vn 0.0456 -0.8463 -0.5307
vn 0.0283 -0.9437 -0.3295
vn 0.0096 -0.9937 -0.1117
vn -0.0096 -0.9937 0.1117
vn -0.0283 -0.9437 0.3295
vn -0.0456 -0.8463 0.5307
vn -0.0606 -0.7065 0.7051
vn -0.0725 -0.5314 0.8440
vn -0.0808 -0.3298 0.9406
vn -0.0850 -0.1118 0.9901
vn 0.0284 0.1118 0.9933
vn 0.0270 0.3298 0.9437
vn 0.0242 0.5314 0.8468
vn 0.0202 0.7065 0.7074
vn 0.0152 0.8463 0.5324
vn 0.0094 0.9437 0.3306
vn 0.0032 0.9937 0.1121
vn -0.0032 0.9937 -0.1121
vn -0.0094 0.9437 -0.3306
vn -0.0152 0.8463 -0.5324
vn -0.0202 0.7065 -0.7074
vn -0.0242 0.5314 -0.8468
vn -0.0270 0.3298 -0.9437
vn -0.0284 0.1118 -0.9933
vn -0.0284 -0.1118 -0.9933
vn -0.0270 -0.3298 -0.9437
vn -0.0242 -0.5314 -0.8468
vn -0.0202 -0.7065 -0.7074
vn -0.0152 -0.8463 -0.5324
vn -0.0094 -0.9437 -0.3306
vn -0.0032 -0.9937 -0.1121
vn 0.0032 -0.9937 0.1121
vn 0.0094 -0.9437 0.3306
vn 0.0152 -0.8463 0.5324
vn 0.0202 -0.7065 0.7074
vn 0.0242 -0.5314 0.8468
vn 0.0270 -0.3298 0.9437
vn 0.0284 -0.1118 0.9933
vn 0.1414 0.1118 0.9836
vn 0.1344 0.3298 0.9344
vn 0.1206 0.5314 0.8385
vn 0.1007 0.7065 0.7005
vn 0.0758 0.8463 0.5272
vn 0.0471 0.9437 0.3274
vn 0.0160 0.9937 0.1110
vn -0.0160 0.9937 -0.1110
vn -0.0471 0.9437 -0.3274
vn -0.0758 0.8463 -0.5272
vn -0.1007 0.7065 -0.7005
vn -0.1206 0.5314 -0.8385
vn -0.1344 0.3298 -0.9344
vn -0.1414 0.1118 -0.9836
vn -0.1414 -0.1118 -0.9836
vn -0.1344 -0.3298 -0.9344
vn -0.1206 -0.5314 -0.8385
vn -0.1007 -0.7065 -0.7005
vn -0.0758 -0.8463 -0.5272
vn -0.0471 -0.9437 -0.3274
vn -0.0160 -0.9937 -0.1110
vn 0.0160 -0.9937 0.1110
vn 0.0471 -0.9437 0.3274
vn 0.0758 -0.8463 0.5272
vn 0.1007 -0.7065 0.7005
vn 0.1206 -0.5314 0.8385
vn 0.1344 -0.3298 0.9344
vn 0.1414 -0.1118 0.9836
vn 0.2526 0.1118 0.9611
vn 0.2400 0.3298 0.9130
vn 0.2154 0.5314 0.8193
vn 0.1799 0.7065 0.6844
vn 0.1354 0.8463 0.5152
vn 0.0841 0.9437 0.3199
vn 0.0285 0.9937 0.1085
vn -0.0285 0.9937 -0.1085
vn -0.0841 0.9437 -0.3199
vn -0.1354 0.8463 -0.5152
vn -0.1799 0.7065 -0.6844
vn -0.2154 0.5314 -0.8193
vn -0.2400 0.3298 -0.9130
vn -0.2526 0.1118 -0.9611
vn -0.2526 -0.1118 -0.9611
vn -0.2400 -0.3298 -0.9130
vn -0.2154 -0.5314 -0.8193
vn -0.1799 -0.7065 -0.6844
vn -0.1354 -0.8463 -0.5152
vn -0.0841 -0.9437 -0.3199
vn -0.0285 -0.9937 -0.1085
vn 0.0285 -0.9937 0.1085
vn 0.0841 -0.9437 0.3199
vn 0.1354 -0.8463 0.5152
vn 0.1799 -0.7065 0.6844
vn 0.2154 -0.5314 0.8193
vn 0.2400 -0.3298 0.9130
vn 0.2526 -0.1118 0.9611
vn 0.3605 0.1118 0.9260
vn 0.3425 0.3298 0.8797
vn 0.3073 0.5314 0.7894
vn 0.2568 0.7065 0.6595
vn 0.1933 0.8463 0.4964
vn 0.1200 0.9437 0.3082
vn 0.0407 0.9937 0.1045
vn -0.0407 0.9937 -0.1045
vn -0.1200 0.9437 -0.3082
vn -0.1933 0.8463 -0.4964
vn -0.2568 0.7065 -0.6595
vn -0.3073 0.5314 -0.7894
vn -0.3425 0.3298 -0.8797
vn -0.3605 0.1118 -0.9260
vn -0.3605 -0.1118 -0.9260
vn -0.3425 -0.3298 -0.8797
vn -0.3073 -0.5314 -0.7894
vn -0.2568 -0.7065 -0.6595
vn -0.1933 -0.8463 -0.4964
vn -0.1200 -0.9437 -0.3082
vn -0.0407 -0.9937 -0.1045
vn 0.0407 -0.9937 0.1045
vn 0.1200 -0.9437 0.3082
vn 0.1933 -0.8463 0.4964
vn 0.2568 -0.7065 0.6595
vn 0.3073 -0.5314 0.7894
vn 0.3425 -0.3298 0.8797
vn 0.3605 -0.1118 0.9260
vn 0.4637 0.1118 0.8789
vn 0.4406 0.3298 0.8350
vn 0.3953 0.5314 0.7492
vn 0.3303 0.7065 0.6259
vn 0.2486 0.8463 0.4711
vn 0.1544 0.9437 0.2925
vn 0.0523 0.9937 0.0992
vn -0.0523 0.9937 -0.0992
vn -0.1544 0.9437 -0.2925
vn -0.2486 0.8463 -0.4711
vn -0.3303 0.7065 -0.6259
vn -0.3953 0.5314 -0.7492
vn -0.4406 0.3298 -0.8349
vn -0.4637 0.1118 -0.8789
vn -0.4637 -0.1118 -0.8789
vn -0.4406 -0.3298 -0.8349
vn -0.3953 -0.5314 -0.7492
vn -0.3303 -0.7065 -0.6259
vn -0.2486 -0.8463 -0.4711
vn -0.1544 -0.9437 -0.2925
vn -0.0523 -0.9937 -0.0992
vn 0.0523 -0.9937 0.0992
vn 0.1544 -0.9437 0.2925
vn 0.2486 -0.8463 0.4711
vn 0.3303 -0.7065 0.6259
vn 0.3953 -0.5314 0.7492
vn 0.4406 -0.3298 0.8349
vn 0.4637 -0.1118 0.8789
vn 0.5609 0.1118 0.8203
vn 0.5329 0.3298 0.7793
vn 0.4781 0.5314 0.6993
vn 0.3994 0.7065 0.5842
vn 0.3007 0.8463 0.4397
vn 0.1867 0.9437 0.2730
vn 0.0633 0.9937 0.0926
vn -0.0633 0.9937 -0.0926
vn -0.1867 0.9437 -0.2730
vn -0.3007 0.8463 -0.4397
vn -0.3994 0.7065 -0.5842
vn -0.4781 0.5314 -0.6993
vn -0.5329 0.3298 -0.7793
vn -0.5609 0.1118 -0.8203
vn -0.5609 -0.1118 -0.8203
vn -0.5329 -0.3298 -0.7793
vn -0.4781 -0.5314 -0.6993
vn -0.3994 -0.7065 -0.5842
vn -0.3007 -0.8463 -0.4397
vn -0.1867 -0.9437 -0.2730
vn -0.0633 -0.9937 -0.0926
vn 0.0633 -0.9937 0.0926
vn 0.1867 -0.9437 0.2730
vn 0.3007 -0.8463 0.4397
vn 0.3994 -0.7065 0.5842
vn 0.4781 -0.5314 0.6993
vn 0.5329 -0.3298 0.7793
vn 0.5609 -0.1118 0.8203
vn 0.6508 0.1118 0.7510
vn 0.6182 0.3298 0.7135
vn 0.5547 0.5314 0.6402
vn 0.4634 0.7065 0.5348
vn 0.3488 0.8463 0.4026
vn 0.2166 0.9437 0.2500
vn 0.0734 0.9937 0.0848
vn -0.0734 0.9937 -0.0848
vn -0.2166 0.9437 -0.2500
vn -0.3488 0.8463 -0.4026
vn -0.4634 0.7065 -0.5348
vn -0.5547 0.5314 -0.6402
vn -0.6182 0.3298 -0.7135
vn -0.6508 0.1118 -0.7510
vn -0.6508 -0.1118 -0.7510
vn -0.6182 -0.3298 -0.7135
vn -0.5547 -0.5314 -0.6402
vn -0.4634 -0.7065 -0.5348
vn -0.3488 -0.8463 -0.4026
vn -0.2166 -0.9437 -0.2500
vn -0.0734 -0.9937 -0.0848
vn 0.0734 -0.9937 0.0848
vn 0.2166 -0.9437 0.2500
vn 0.3488 -0.8463 0.4026
vn 0.4634 -0.7065 0.5348
vn 0.5547 -0.5314 0.6402
vn 0.6182 -0.3298 0.7135
vn 0.6508 -0.1118 0.7510
vn 0.7321 0.1118 0.6719
vn 0.6955 0.3298 0.6383
vn 0.6241 0.5314 0.5728
vn 0.5214 0.7065 0.4785
vn 0.3924 0.8463 0.3602
vn 0.2437 0.9437 0.2237
vn 0.0826 0.9937 0.0758
vn -0.0826 0.9937 -0.0758
vn -0.2437 0.9437 -0.2237
vn -0.3924 0.8463 -0.3602
vn -0.5214 0.7065 -0.4785
vn -0.6241 0.5314 -0.5728
vn -0.6955 0.3298 -0.6383
vn -0.7321 0.1118 -0.6719
vn -0.7321 -0.1118 -0.6719
vn -0.6955 -0.3298 -0.6383
vn -0.6241 -0.5314 -0.5728
vn -0.5214 -0.7065 -0.4785
vn -0.3924 -0.8463 -0.3602
vn -0.2437 -0.9437 -0.2237
vn -0.0826 -0.9937 -0.0758
vn 0.0826 -0.9937 0.0758
vn 0.2437 -0.9437 0.2237
vn 0.3924 -0.8463 0.3602
vn 0.5214 -0.7065 0.4785
vn 0.6241 -0.5314 0.5728
vn 0.6955 -0.3298 0.6383
vn 0.7321 -0.1118 0.6719
vn 0.8039 0.1118 0.5841
vn 0.7638 0.3298 0.5549
vn 0.6853 0.5314 0.4979
vn 0.5725 0.7065 0.4160
vn 0.4309 0.8463 0.3131
vn 0.2676 0.9437 0.1944
vn 0.0907 0.9937 0.0659
vn -0.0907 0.9937 -0.0659
vn -0.2676 0.9437 -0.1944
vn -0.4309 0.8463 -0.3131
vn -0.5725 0.7065 -0.4160
vn -0.6853 0.5314 -0.4979
vn -0.7638 0.3298 -0.5549
vn -0.8039 0.1118 -0.5841
vn -0.8039 -0.1118 -0.5841
vn -0.7638 -0.3298 -0.5549
vn -0.6853 -0.5314 -0.4979
vn -0.5725 -0.7065 -0.4160
vn -0.4309 -0.8463 -0.3131
vn -0.2676 -0.9437 -0.1944
vn -0.0907 -0.9937 -0.0659
vn 0.0907 -0.9937 0.0659
vn 0.2676 -0.9437 0.1944
vn 0.4309 -0.8463 0.3131
vn 0.5725 -0.7065 0.4160
vn 0.6853 -0.5314 0.4979
vn 0.7638 -0.3298 0.5549
vn 0.8039 -0.1118 0.5841
vn 0.8653 0.1118 0.4887
vn 0.8220 0.3298 0.4642
vn 0.7376 0.5314 0.4166
vn 0.6162 0.7065 0.3480
vn 0.4638 0.8463 0.2619
vn 0.2880 0.9437 0.1626
vn 0.0976 0.9937 0.0551
vn -0.0976 0.9937 -0.0551
vn -0.2880 0.9437 -0.1626
vn -0.4638 0.8463 -0.2619
vn -0.6162 0.7065 -0.3480
vn -0.7376 0.5314 -0.4166
vn -0.8220 0.3298 -0.4642
vn -0.8653 0.1118 -0.4887
vn -0.8653 -0.1118 -0.4887
vn -0.8220 -0.3298 -0.4642
vn -0.7376 -0.5314 -0.4166
vn -0.6162 -0.7065 -0.3480
vn -0.4638 -0.8463 -0.2619
vn -0.2880 -0.9437 -0.1626
vn -0.0976 -0.9937 -0.0551
vn 0.0976 -0.9937 0.0551
vn 0.2880 -0.9437 0.1626
vn 0.4638 -0.8463 0.2619
vn 0.6162 -0.7065 0.3480
vn 0.7376 -0.5314 0.4166
vn 0.8220 -0.3298 0.4642
vn 0.8653 -0.1118 0.4887
vn 0.9154 0.1118 0.3868
vn 0.8696 0.3298 0.3675
vn 0.7803 0.5314 0.3298
vn 0.6519 0.7065 0.2755
vn 0.4906 0.8463 0.2073
vn 0.3047 0.9437 0.1288
vn 0.1033 0.9937 0.0437
vn -0.1033 0.9937 -0.0437
vn -0.3047 0.9437 -0.1288
vn -0.4906 0.8463 -0.2073
vn -0.6519 0.7065 -0.2755
vn -0.7803 0.5314 -0.3298
vn -0.8696 0.3298 -0.3675
vn -0.9154 0.1118 -0.3868
vn -0.9154 -0.1118 -0.3868
vn -0.8696 -0.3298 -0.3675
vn -0.7803 -0.5314 -0.3298
vn -0.6519 -0.7065 -0.2755
vn -0.4906 -0.8463 -0.2073
vn -0.3047 -0.9437 -0.1288
vn -0.1033 -0.9937 -0.0437
vn 0.1033 -0.9937 0.0437
vn 0.3047 -0.9437 0.1288
vn 0.4906 -0.8463 0.2073
vn 0.6519 -0.7065 0.2755
vn 0.7803 -0.5314 0.3298
vn 0.8696 -0.3298 0.3675
vn 0.9154 -0.1118 0.3868
vn 0.9535 0.1118 0.2800
vn 0.9058 0.3298 0.2660
vn 0.8128 0.5314 0.2387
vn 0.6790 0.7065 0.1994
vn 0.5111 0.8463 0.1501
vn 0.3174 0.9437 0.0932
vn 0.1076 0.9937 0.0316
vn -0.1076 0.9937 -0.0316
vn -0.3174 0.9437 -0.0932
vn -0.5111 0.8463 -0.1501
vn -0.6790 0.7065 -0.1994
vn -0.8128 0.5314 -0.2387
vn -0.9058 0.3298 -0.2660
vn -0.9535 0.1118 -0.2800
vn -0.9535 -0.1118 -0.2800
vn -0.9058 -0.3298 -0.2660
vn -0.8128 -0.5314 -0.2387
vn -0.6790 -0.7065 -0.1994
vn -0.5111 -0.8463 -0.1501
vn -0.3174 -0.9437 -0.0932
vn -0.1076 -0.9937 -0.0316
vn 0.1076 -0.9937 0.0316
vn 0.3174 -0.9437 0.0932
vn 0.5111 -0.8463 0.1501
vn 0.6790 -0.7065 0.1994
vn 0.8128 -0.5314 0.2387
vn 0.9058 -0.3298 0.2660
vn 0.9535 -0.1118 0.2800
vn 0.9792 0.1118 0.1695
vn 0.9302 0.3298 0.1610
vn 0.8347 0.5314 0.1445
vn 0.6973 0.7065 0.1207
vn 0.5249 0.8463 0.0908
vn 0.3259 0.9437 0.0564
vn 0.1105 0.9937 0.0191
vn -0.1105 0.9937 -0.0191
vn -0.3259 0.9437 -0.0564
vn -0.5249 0.8463 -0.0908
vn -0.6973 0.7065 -0.1207
vn -0.8347 0.5314 -0.1445
vn -0.9302 0.3298 -0.1610
vn -0.9792 0.1118 -0.1695
vn -0.9792 -0.1118 -0.1695
vn -0.9302 -0.3298 -0.1610
vn -0.8347 -0.5314 -0.1445
vn -0.6973 -0.7065 -0.1207
vn -0.5249 -0.8463 -0.0908
vn -0.3259 -0.9437 -0.0564
vn -0.1105 -0.9937 -0.0191
vn 0.1105 -0.9937 0.0191
vn 0.3259 -0.9437 0.0564
vn 0.5249 -0.8463 0.0908
vn 0.6973 -0.7065 0.1207
vn 0.8347 -0.5314 0.1445
vn 0.9302 -0.3298 0.1610
vn 0.9792 -0.1118 0.1695
vn 0.9921 0.1118 0.0567
vn 0.9425 0.3298 0.0539
vn 0.8457 0.5314 0.0484
vn 0.7065 0.7065 0.0404
vn 0.5318 0.8463 0.0304
vn 0.3302 0.9437 0.0189
vn 0.1120 0.9937 0.0064
vn -0.1120 0.9937 -0.0064
vn -0.3302 0.9437 -0.0189
vn -0.5318 0.8463 -0.0304
vn -0.7065 0.7065 -0.0404
vn -0.8457 0.5314 -0.0484
vn -0.9425 0.3298 -0.0539
vn -0.9921 0.1118 -0.0567
vn -0.9921 -0.1118 -0.0567
vn -0.9425 -0.3298 -0.0539
vn -0.8457 -0.5314 -0.0484
vn -0.7065 -0.7065 -0.0404
vn -0.5318 -0.8463 -0.0304
vn -0.3302 -0.9437 -0.0189
vn -0.1120 -0.9937 -0.0064
vn 0.1120 -0.9937 0.0064
vn 0.3302 -0.9437 0.0189
vn 0.5318 -0.8463 0.0304
vn 0.7065 -0.7065 0.0404
vn 0.8457 -0.5314 0.0484
vn 0.9425 -0.3298 0.0539
vn 0.9921 -0.1118 0.0567
usemtl None
s off
f 1/1/1 29/2/1 30/3/1 2/4/1
f 2/4/2 30/3/2 31/5/2 3/6/2
f 3/6/3 31/5/3 32/7/3 4/8/3
f 4/8/4 32/7/4 33/9/4 5/10/4
f 5/10/5 33/9/5 34/11/5 6/12/5
f 6/12/6 34/11/6 35/13/6 7/14/6
f 7/14/7 35/13/7 36/15/7 8/16/7
f 8/16/8 36/15/8 37/17/8 9/18/8
f 9/18/9 37/17/9 38/19/9 10/20/9
f 10/20/10 38/19/10 39/21/10 11/22/10
f 11/22/11 39/21/11 40/23/11 12/24/11
f 12/24/12 40/23/12 41/25/12 13/26/12
f 13/26/13 41/25/13 42/27/13 14/28/13
f 14/28/14 42/27/14 43/29/14 15/30/14
f 15/31/15 43/32/15 44/33/15 16/34/15
f 16/34/16 44/33/16 45/35/16 17/36/16
f 17/36/17 45/35/17 46/37/17 18/38/17
f 18/38/18 46/37/18 47/39/18 19/40/18
f 19/40/19 47/39/19 48/41/19 20/42/19
f 20/42/20 48/41/20 49/43/20 21/44/20
f 21/44/21 49/43/21 50/45/21 22/46/21
f 22/46/22 50/45/22 51/47/22 23/48/22
f 23/48/23 51/47/23 52/49/23 24/50/23
f 24/50/24 52/49/24 53/51/24 25/52/24
f 25/52/25 53/51/25 54/53/25 26/54/25
f 26/54/26 54/53/26 55/55/26 27/56/26
f 27/56/27 55/55/27 56/57/27 28/58/27
f 28/58/28 56/57/28 29/2/28 1/1/28
f 29/2/29 57/59/29 58/60/29 30/3/29
f 30/3/30 58/60/30 59/61/30 31/5/30
f 31/5/31 59/61/31 60/62/31 32/7/31
f 32/7/32 60/62/32 61/63/32 33/9/32
f 33/9/33 61/63/33 62/64/33 34/11/33
f 34/11/34 62/64/34 63/65/34 35/13/34
f 35/13/35 63/65/35 64/66/35 36/15/35
f 36/15/36 64/66/36 65/67/36 37/17/36
f 37/17/37 65/67/37 66/68/37 38/19/37
f 38/19/38 66/68/38 67/69/38 39/21/38
f 39/21/39 67/69/39 68/70/39 40/23/39
f 40/23/40 68/70/40 69/71/40 41/25/40
f 41/25/41 69/71/41 70/72/41 42/27/41
f 42/27/42 70/72/42 71/73/42 43/29/42
f 43/32/43 71/74/43 72/75/43 44/33/43
f 44/33/44 72/75/44 73/76/44 45/35/44
f 45/35/45 73/76/45 74/77/45 46/37/45
f 46/37/46 74/77/46 75/78/46 47/39/46
f 47/39/47 75/78/47 76/79/47 48/41/47
f 48/41/48 76/79/48 77/80/48 49/43/48
f 49/43/49 77/80/49 78/81/49 50/45/49
f 50/45/50 78/81/50 79/82/50 51/47/50
f 51/47/51 79/82/51 80/83/51 52/49/51
f 52/49/52 80/83/52 81/84/52 53/51/52
f 53/51/53 81/84/53 82/85/53 54/53/53
f 54/53/54 82/85/54 83/86/54 55/55/54
f 55/55/55 83/86/55 84/87/55 56/57/55
f 56/57/56 84/87/56 57/59/56 29/2/56
f 57/59/57 85/88/57 86/89/57 58/60/57
f 58/60/58 86/89/58 87/90/58 59/61/58
f 59/61/59 87/90/59 88/91/59 60/62/59
f 60/62/60 88/91/60 89/92/60 61/63/60
f 61/63/61 89/92/61 90/93/61 62/64/61
f 62/64/62 90/93/62 91/94/62 63/65/62
f 63/65/63 91/94/63 92/95/63 64/66/63
f 64/66/64 92/95/64 93/96/64 65/67/64
f 65/67/65 93/96/65 94/97/65 66/68/65
f 66/68/66 94/97/66 95/98/66 67/69/66
f 67/69/67 95/98/67 96/99/67 68/70/67
f 68/70/68 96/99/68 97/100/68 69/71/68
f 69/71/69 97/100/69 98/101/69 70/72/69
f 70/72/70 98/101/70 99/102/70 71/73/70
f 71/74/71 99/103/71 100/104/71 72/75/71
f 72/75/72 100/104/72 101/105/72 73/76/72
f 73/76/73 101/105/73 102/106/73 74/77/73
f 74/77/74 102/106/74 103/107/74 75/78/74
f 75/78/75 103/107/75 104/108/75 76/79/75
f 76/79/76 104/108/76 105/109/76 77/80/76
f 77/80/77 105/109/77 106/110/77 78/81/77
f 78/81/78 106/110/78 107/111/78 79/82/78
f 79/82/79 107/111/79 108/112/79 80/83/79
f 80/83/80 108/112/80 109/113/80 81/84/80
f 81/84/81 109/113/81 110/114/81 82/85/81
f 82/85/82 110/114/82 111/115/82 83/86/82
f 83/86/83 111/115/83 112/116/83 84/87/83
f 84/87/84 112/116/84 85/88/84 57/59/84
f 85/88/85 113/117/85 114/118/85 86/89/85
f 86/89/86 114/118/86 115/119/86 87/90/86
f 87/90/87 115/119/87 116/120/87 88/91/87
f 88/91/88 116/120/88 117/121/88 89/92/88
f 89/92/89 117/121/89 118/122/89 90/93/89
f 90/93/90 118/122/90 119/123/90 91/94/90
f 91/94/91 119/123/91 120/124/91 92/95/91
f 92/95/92 120/124/92 121/125/92 93/96/92
f 93/96/93 121/125/93 122/126/93 94/97/93
f 94/97/94 122/126/94 123/127/94 95/98/94
f 95/98/95 123/127/95 124/128/95 96/99/95
f 96/99/96 124/128/96 125/129/96 97/100/96
f 97/100/97 125/129/97 126/130/97 98/101/97
f 98/101/98 126/130/98 127/131/98 99/102/98
f 99/103/99 127/132/99 128/133/99 100/104/99
f 100/104/100 128/133/100 129/134/100 101/105/100
f 101/105/101 129/134/101 130/135/101 102/106/101
f 102/106/102 130/135/102 131/136/102 103/107/102
f 103/107/103 131/136/103 132/137/103 104/108/103
f 104/108/104 132/137/104 133/138/104 105/109/104
f 105/109/105 133/138/105 134/139/105 106/110/105
f 106/110/106 134/139/106 135/140/106 107/111/106
f 107/111/107 135/140/107 136/141/107 108/112/107
f 108/112/108 136/141/108 137/142/108 109/113/108
f 109/113/109 137/142/109 138/143/109 110/114/109
f 110/114/110 138/143/110 139/144/110 111/115/110
f 111/115/111 139/144/111 140/145/111 112/116/111
f 112/116/112 140/145/112 113/117/112 85/88/112
f 113/117/113 141/146/113 142/147/113 114/118/113
f 114/118/114 142/147/114 143/148/114 115/119/114
f 115/119/115 143/148/115 144/149/115 116/120/115
f 116/120/116 144/149/116 145/150/116 117/121/116
f 117/121/117 145/150/117 146/151/117 118/122/117
f 118/122/118 146/151/118 147/152/118 119/123/118
f 119/123/119 147/152/119 148/153/119 120/124/119
f 120/124/120 148/153/120 149/154/120 121/125/120
f 121/125/121 149/154/121 150/155/121 122/126/121
f 122/126/122 150/155/122 151/156/122 123/127/122
f 123/127/123 151/156/123 152/157/123 124/128/123
f 124/128/124 152/157/124 153/158/124 125/129/124
f 125/129/125 153/158/125 154/159/125 126/130/125
f 126/130/126 154/159/126 155/160/126 127/131/126
f 127/132/127 155/161/127 156/162/127 128/133/127
f 128/133/128 156/162/128 157/163/128 129/134/128
f 129/134/129 157/163/129 158/164/129 130/135/129
f 130/135/130 158/164/130 159/165/130 131/136/130
f 131/136/131 159/165/131 160/166/131 132/137/131
f 132/137/132 160/166/132 161/167/132 133/138/132
f 133/138/133 161/167/133 162/168/133 134/139/133
f 134/139/134 162/168/134 163/169/134 135/140/134
f 135/140/135 163/169/135 164/170/135 136/141/135
f 136/141/136 164/170/136 165/171/136 137/142/136
f 137/142/137 165/171/137 166/172/137 138/143/137
f 138/143/138 166/172/138 167/173/138 139/144/138
f 139/144/139 167/173/139 168/174/139 140/145/139
f 140/145/140 168/174/140 141/146/140 113/117/140
f 141/146/141 169/175/141 170/176/141 142/147/141
f 142/147/142 170/176/142 171/177/142 143/148/142
f 143/148/143 171/177/143 172/178/143 144/149/143
f 144/149/144 172/178/144 173/179/144 145/150/144
f 145/150/145 173/179/145 174/180/145 146/151/145
f 146/151/146 174/180/146 175/181/146 147/152/146
f 147/152/147 175/181/147 176/182/147 148/153/147
f 148/153/148 176/182/148 177/183/148 149/154/148
f 149/154/149 177/183/149 178/184/149 150/155/149
f 150/155/150 178/184/150 179/185/150 151/156/150
f 151/156/151 179/185/151 180/186/151 152/157/151
f 152/157/152 180/186/152 181/187/152 153/158/152
f 153/158/153 181/187/153 182/188/153 154/159/153
f 154/159/154 182/188/154 183/189/154 155/160/154
f 155/161/155 183/190/155 184/191/155 156/162/155
f 156/162/156 184/191/156 185/192/156 157/163/156
f 157/163/157 185/192/157 186/193/157 158/164/157
f 158/164/158 186/193/158 187/194/158 159/165/158
f 159/165/159 187/194/159 188/195/159 160/166/159
f 160/166/160 188/195/160 189/196/160 161/167/160
f 161/167/161 189/196/161 190/197/161 162/168/161
f 162/168/162 190/197/162 191/198/162 163/169/162
f 163/169/163 191/198/163 192/199/163 164/170/163
f 164/170/164 192/199/164 193/200/164 165/171/164
f 165/171/165 193/200/165 194/201/165 166/172/165
f 166/172/166 194/201/166 195/202/166 167/173/166
f 167/173/167 195/202/167 196/203/167 168/174/167
f 168/174/168 196/203/168 169/175/168 141/146/168
f 169/175/169 197/204/169 198/205/169 170/176/169
f 170/176/170 198/205/170 199/206/170 171/177/170
f 171/177/171 199/206/171 200/207/171 172/178/171
f 172/178/172 200/207/172 201/208/172 173/179/172
f 173/179/173 201/208/173 202/209/173 174/180/173
f 174/180/174 202/209/174 203/210/174 175/181/174
f 175/181/175 203/210/175 204/211/175 176/182/175
f 176/182/176 204/211/176 205/212/176 177/183/176
f 177/183/177 205/212/177 206/213/177 178/184/177
f 178/184/178 206/213/178 207/214/178 179/185/178
f 179/185/179 207/214/179 208/215/179 180/186/179
f 180/186/180 208/215/180 209/216/180 181/187/180
f 181/187/181 209/216/181 210/217/181 182/188/181
f 182/188/182 210/217/182 211/218/182 183/189/182
f 183/190/183 211/219/183 212/220/183 184/191/183
f 184/191/184 212/220/184 213/221/184 185/192/184
f 185/192/185 213/221/185 214/222/185 186/193/185
f 186/193/186 214/222/186 215/223/186 187/194/186
f 187/194/187 215/223/187 216/224/187 188/195/187
f 188/195/188 216/224/188 217/225/188 189/196/188
f 189/196/189 217/225/189 218/226/189 190/197/189
f 190/197/190 218/226/190 219/227/190 191/198/190
f 191/198/191 219/227/191 220/228/191 192/199/191
f 192/199/192 220/228/192 221/229/192 193/200/192
f 193/200/193 221/229/193 222/230/193 194/201/193
f 194/201/194 222/230/194 223/231/194 195/202/194
f 195/202/195 223/231/195 224/232/195 196/203/195
f 196/203/196 224/232/196 197/204/196 169/175/196
f 197/204/197 225/233/197 226/234/197 198/205/197
f 198/205/198 226/234/198 227/235/198 199/206/198
f 199/206/199 227/235/199 228/236/199 200/207/199
f 200/207/200 228/236/200 229/237/200 201/208/200
f 201/208/201 229/237/201 230/238/201 202/209/201
f 202/209/202 230/238/202 231/239/202 203/210/202
f 203/210/203 231/239/203 232/240/203 204/211/203
f 204/211/204 232/240/204 233/241/204 205/212/204
f 205/212/205 233/241/205 234/242/205 206/213/205
f 206/213/206 234/242/206 235/243/206 207/214/206
f 207/214/207 235/243/207 236/244/207 208/215/207
f 208/215/208 236/244/208 237/245/208 209/216/208
f 209/216/209 237/245/209 238/246/209 210/217/209
f 210/217/210 238/246/210 239/247/210 211/218/210
f 211/219/211 239/248/211 240/249/211 212/220/211
f 212/220/212 240/249/212 241/250/212 213/221/212
f 213/221/213 241/250/213 242/251/213 214/222/213
f 214/222/214 242/251/214 243/252/214 215/223/214
f 215/223/215 243/252/215 244/253/215 216/224/215
f 216/224/216 244/253/216 245/254/216 217/225/216
f 217/225/217 245/254/217 246/255/217 218/226/217
f 218/226/218 246/255/218 247/256/218 219/227/218
f 219/227/219 247/256/219 248/257/219 220/228/219
f 220/228/220 248/257/220 249/258/220 221/229/220
f 221/229/221 249/258/221 250/259/221 222/230/221
f 222/230/222 250/259/222 251/260/222 223/231/222
f 223/231/223 251/260/223 252/261/223 224/232/223
f 224/232/224 252/261/224 225/233/224 197/204/224
f 225/233/225 253/262/225 254/263/225 226/234/225
f 226/234/226 254/263/226 255/264/226 227/235/226
f 227/235/227 255/264/227 256/265/227 228/236/227
f 228/236/228 256/265/228 257/266/228 229/237/228
f 229/237/229 257/266/229 258/267/229 230/238/229
f 230/238/230 258/267/230 259/268/230 231/239/230
f 231/239/231 259/268/231 260/269/231 232/240/231
f 232/240/232 260/269/232 261/270/232 233/241/232
f 233/241/233 261/270/233 262/271/233 234/242/233
f 234/242/234 262/271/234 263/272/234 235/243/234
f 235/243/235 263/272/235 264/273/235 236/244/235
f 236/244/236 264/273/236 265/274/236 237/245/236
f 237/245/237 265/274/237 266/275/237 238/246/237
f 238/246/238 266/275/238 267/276/238 239/247/238
f 239/248/239 267/277/239 268/278/239 240/249/239
f 240/249/240 268/278/240 269/279/240 241/250/240
f 241/250/241 269/279/241 270/280/241 242/251/241
f 242/251/242 270/280/242 271/281/242 243/252/242
f 243/252/243 271/281/243 272/282/243 244/253/243
f 244/253/244 272/282/244 273/283/244 245/254/244
f 245/254/245 273/283/245 274/284/245 246/255/245
f 246/255/246 274/284/246 275/285/246 247/256/246
f 247/256/247 275/285/247 276/286/247 248/257/247
f 248/257/248 276/286/248 277/287/248 249/258/248
f 249/258/249 277/287/249 278/288/249 250/259/249
f 250/259/250 278/288/250 279/289/250 251/260/250
f 251/260/251 279/289/251 280/290/251 252/261/251
f 252/261/252 280/290/252 253/262/252 225/233/252
f 253/262/253 281/291/253 282/292/253 254/263/253
f 254/263/254 282/292/254 283/293/254 255/264/254
f 255/264/255 283/293/255 284/294/255 256/265/255
f 256/265/256 284/294/256 285/295/256 257/266/256
f 257/266/257 285/295/257 286/296/257 258/267/257
f 258/267/258 286/296/258 287/297/258 259/268/258
f 259/268/259 287/297/259 288/298/259 260/269/259
f 260/269/260 288/298/260 289/299/260 261/270/260
f 261/270/261 289/299/261 290/300/261 262/271/261
f 262/271/262 290/300/262 291/301/262 263/272/262
f 263/272/263 291/301/263 292/302/263 264/273/263
f 264/273/264 292/302/264 293/303/264 265/274/264
f 265/274/265 293/303/265 294/304/265 266/275/265
f 266/275/266 294/304/266 295/305/266 267/276/266
f 267/277/267 295/306/267 296/307/267 268/278/267
f 268/278/268 296/307/268 297/308/268 269/279/268
f 269/279/269 297/308/269 298/309/269 270/280/269
f 270/280/270 298/309/270 299/310/270 271/281/270
f 271/281/271 299/310/271 300/311/271 272/282/271
f 272/282/272 300/311/272 301/312/272 273/283/272
f 273/283/273 301/312/273 302/313/273 274/284/273
f 274/284/274 302/313/274 303/314/274 275/285/274
f 275/285/275 303/314/275 304/315/275 276/286/275
f 276/286/276 304/315/276 305/316/276 277/287/276
f 277/287/277 305/316/277 306/317/277 278/288/277
f 278/288/278 306/317/278 307/318/278 279/289/278
f 279/289/279 307/318/279 308/319/279 280/290/279
f 280/290/280 308/319/280 281/291/280 253/262/280
f 281/291/281 309/320/281 310/321/281 282/292/281
f 282/292/282 310/321/282 311/322/282 283/293/282
f 283/293/283 311/322/283 312/323/283 284/294/283
f 284/294/284 312/323/284 313/324/284 285/295/284
f 285/295/285 313/324/285 314/325/285 286/296/285
f 286/296/286 314/325/286 315/326/286 287/297/286
f 287/297/287 315/326/287 316/327/287 288/298/287
f 288/298/288 316/327/288 317/328/288 289/299/288
f 289/299/289 317/328/289 318/329/289 290/300/289
f 290/300/290 318/329/290 319/330/290 291/301/290
f 291/301/291 319/330/291 320/331/291 292/302/291
f 292/302/292 320/331/292 321/332/292 293/303/292
f 293/303/293 321/332/293 322/333/293 294/304/293
f 294/304/294 322/333/294 323/334/294 295/305/294
f 295/306/295 323/335/295 324/336/295 296/307/295
f 296/307/296 324/336/296 325/337/296 297/308/296
f 297/308/297 325/337/297 326/338/297 298/309/297
f 298/309/298 326/338/298 327/339/298 299/310/298
f 299/310/299 327/339/299 328/340/299 300/311/299
f 300/311/300 328/340/300 329/341/300 301/312/300
f 301/312/301 329/341/301 330/342/301 302/313/301
f 302/313/302 330/342/302 331/343/302 303/314/302
f 303/314/303 331/343/303 332/344/303 304/315/303
f 304/315/304 332/344/304 333/345/304 305/316/304
f 305/316/305 333/345/305 334/346/305 306/317/305
f 306/317/306 334/346/306 335/347/306 307/318/306
f 307/318/307 335/347/307 336/348/307 308/319/307
f 308/319/308 336/348/308 309/320/308 281/291/308
f 309/320/309 337/349/309 338/350/309 310/321/309
f 310/321/310 338/350/310 339/351/310 311/322/310
f 311/322/311 339/351/311 340/352/311 312/323/311
f 312/323/312 340/352/312 341/353/312 313/324/312
f 313/324/313 341/353/313 342/354/313 314/325/313
f 314/325/314 342/354/314 343/355/314 315/326/314
f 315/326/315 343/355/315 344/356/315 316/327/315
f 316/327/316 344/356/316 345/357/316 317/328/316
f 317/328/317 345/357/317 346/358/317 318/329/317
f 318/329/318 346/358/318 347/359/318 319/330/318
f 319/330/319 347/359/319 348/360/319 320/331/319
f 320/331/320 348/360/320 349/361/320 321/332/320
f 321/332/321 349/361/321 350/362/321 322/333/321
f 322/333/322 350/362/322 351/363/322 323/334/322
f 323/335/323 351/364/323 352/365/323 324/336/323
f 324/336/324 352/365/324 353/366/324 325/337/324
f 325/337/325 353/366/325 354/367/325 326/338/325
f 326/338/326 354/367/326 355/368/326 327/339/326
f 327/339/327 355/368/327 356/369/327 328/340/327
f 328/340/328 356/369/328 357/370/328 329/341/328
f 329/341/329 357/370/329 358/371/329 330/342/329
f 330/342/330 358/371/330 359/372/330 331/343/330
f 331/343/331 359/372/331 360/373/331 332/344/331
f 332/344/332 360/373/332 361/374/332 333/345/332
f 333/345/333 361/374/333 362/375/333 334/346/333
f 334/346/334 362/375/334 363/376/334 335/347/334
f 335/347/335 363/376/335 364/377/335 336/348/335
f 336/348/336 364/377/336 337/349/336 309/320/336
f 337/349/337 365/378/337 366/379/337 338/350/337
f 338/350/338 366/379/338 367/380/338 339/351/338
f 339/351/339 367/380/339 368/381/339 340/352/339
f 340/352/340 368/381/340 369/382/340 341/353/340
f 341/353/341 369/382/341 370/383/341 342/354/341
f 342/354/342 370/383/342 371/384/342 343/355/342
f 343/355/343 371/384/343 372/385/343 344/356/343
f 344/356/344 372/385/344 373/386/344 345/357/344
f 345/357/345 373/386/345 374/387/345 346/358/345
f 346/358/346 374/387/346 375/388/346 347/359/346
f 347/359/347 375/388/347 376/389/347 348/360/347
f 348/360/348 376/389/348 377/390/348 349/361/348
f 349/361/349 377/390/349 378/391/349 350/362/349
f 350/362/350 378/391/350 379/392/350 351/363/350
f 351/364/351 379/393/351 380/394/351 352/365/351
f 352/365/352 380/394/352 381/395/352 353/366/352
f 353/366/353 381/395/353 382/396/353 354/367/353
f 354/367/354 382/396/354 383/397/354 355/368/354
f 355/368/355 383/397/355 384/398/355 356/369/355
f 356/369/356 384/398/356 385/399/356 357/370/356
f 357/370/357 385/399/357 386/400/357 358/371/357
f 358/371/358 386/400/358 387/401/358 359/372/358
f 359/372/359 387/401/359 388/402/359 360/373/359
f 360/373/360 388/402/360 389/403/360 361/374/360
f 361/374/361 389/403/361 390/404/361 362/375/361
f 362/375/362 390/404/362 391/405/362 363/376/362
f 363/376/363 391/405/363 392/406/363 364/377/363
f 364/377/364 392/406/364 365/378/364 337/349/364
f 365/378/365 393/407/365 394/408/365 366/379/365
f 366/379/366 394/408/366 395/409/366 367/380/366
f 367/380/367 395/409/367 396/410/367 368/381/367
f 368/381/368 396/410/368 397/411/368 369/382/368
f 369/382/369 397/411/369 398/412/369 370/383/369
f 370/383/370 398/412/370 399/413/370 371/384/370
f 371/384/371 399/413/371 400/414/371 372/385/371
f 372/385/372 400/414/372 401/415/372 373/386/372
f 373/386/373 401/415/373 402/416/373 374/387/373
f 374/387/374 402/416/374 403/417/374 375/388/374
f 375/388/375 403/417/375 404/418/375 376/389/375
f 376/389/376 404/418/376 405/419/376 377/390/376
f 377/390/377 405/419/377 406/420/377 378/391/377
f 378/391/378 406/420/378 407/421/378 379/392/378
f 379/393/379 407/422/379 408/423/379 380/394/379
f 380/394/380 408/423/380 409/424/380 381/395/380
f 381/395/381 409/424/381 410/425/381 382/396/381
f 382/396/382 410/425/382 411/426/382 383/397/382
f 383/397/383 411/426/383 412/427/383 384/398/383
f 384/398/384 412/427/384 413/428/384 385/399/384
f 385/399/385 413/428/385 414/429/385 386/400/385
f 386/400/386 414/429/386 415/430/386 387/401/386
f 387/401/387 415/430/387 416/431/387 388/402/387
f 388/402/388 416/431/388 417/432/388 389/403/388
f 389/403/389 417/432/389 418/433/389 390/404/389
f 390/404/390 418/433/390 419/434/390 391/405/390
f 391/405/391 419/434/391 420/435/391 392/406/391
f 392/406/392 420/435/392 393/407/392 365/378/392
f 393/407/393 421/436/393 422/437/393 394/408/393
f 394/408/394 422/437/394 423/438/394 395/409/394
f 395/409/395 423/438/395 424/439/395 396/410/395
f 396/410/396 424/439/396 425/440/396 397/411/396
f 397/411/397 425/440/397 426/441/397 398/412/397
f 398/412/398 426/441/398 427/442/398 399/413/398
f 399/413/399 427/442/399 428/443/399 400/414/399
f 400/414/400 428/443/400 429/444/400 401/415/400
f 401/415/401 429/444/401 430/445/401 402/416/401
f 402/416/402 430/445/402 431/446/402 403/417/402
f 403/417/403 431/446/403 432/447/403 404/418/403
f 404/418/404 432/447/404 433/448/404 405/419/404
f 405/419/405 433/448/405 434/449/405 406/420/405
f 406/420/406 434/449/406 435/450/406 407/421/406
f 407/422/407 435/451/407 436/452/407 408/423/407
f 408/423/408 436/452/408 437/453/408 409/424/408
f 409/424/409 437/453/409 438/454/409 410/425/409
f 410/425/410 438/454/410 439/455/410 411/426/410
f 411/426/411 439/455/411 440/456/411 412/427/411
f 412/427/412 440/456/412 441/457/412 413/428/412
f 413/428/413 441/457/413 442/458/413 414/429/413
f 414/429/414 442/458/414 443/459/414 415/430/414
f 415/430/415 443/459/415 444/460/415 416/431/415
f 416/431/416 444/460/416 445/461/416 417/432/416
f 417/432/417 445/461/417 446/462/417 418/433/417
f 418/433/418 446/462/418 447/463/418 419/434/418
f 419/434/419 447/463/419 448/464/419 420/435/419
f 420/435/420 448/464/420 421/436/420 393/407/420
f 421/436/421 449/465/421 450/466/421 422/437/421
f 422/437/422 450/466/422 451/467/422 423/438/422
f 423/438/423 451/467/423 452/468/423 424/439/423
f 424/439/424 452/468/424 453/469/424 425/440/424
f 425/440/425 453/469/425 454/470/425 426/441/425
f 426/441/426 454/470/426 455/471/426 427/442/426
f 427/442/427 455/471/427 456/472/427 428/443/427
f 428/443/428 456/472/428 457/473/428 429/444/428
f 429/444/429 457/473/429 458/474/429 430/445/429
f 430/445/430 458/474/430 459/475/430 431/446/430
f 431/446/431 459/475/431 460/476/431 432/447/431
f 432/447/432 460/476/432 461/477/432 433/448/432
f 433/448/433 461/477/433 462/478/433 434/449/433
f 434/449/434 462/478/434 463/479/434 435/450/434
f 435/451/435 463/480/435 464/481/435 436/452/435
f 436/452/436 464/481/436 465/482/436 437/453/436
f 437/453/437 465/482/437 466/483/437 438/454/437
f 438/454/438 466/483/438 467/484/438 439/455/438
f 439/455/439 467/484/439 468/485/439 440/456/439
f 440/456/440 468/485/440 469/486/440 441/457/440
f 441/457/441 469/486/441 470/487/441 442/458/441
f 442/458/442 470/487/442 471/488/442 443/459/442
f 443/459/443 471/488/443 472/489/443 444/460/443
f 444/460/444 472/489/444 473/490/444 445/461/444
f 445/461/445 473/490/445 474/491/445 446/462/445
f 446/462/446 474/491/446 475/492/446 447/463/446
f 447/463/447 475/492/447 476/493/447 448/464/447
f 448/464/448 476/493/448 449/465/448 421/436/448
f 449/465/449 477/494/449 478/495/449 450/466/449
f 450/466/450 478/495/450 479/496/450 451/467/450
f 451/467/451 479/496/451 480/497/451 452/468/451
f 452/468/452 480/497/452 481/498/452 453/469/452
f 453/469/453 481/498/453 482/499/453 454/470/453
f 454/470/454 482/499/454 483/500/454 455/471/454
f 455/471/455 483/500/455 484/501/455 456/472/455
f 456/472/456 484/501/456 485/502/456 457/473/456
f 457/473/457 485/502/457 486/503/457 458/474/457
f 458/474/458 486/503/458 487/504/458 459/475/458
f 459/475/459 487/504/459 488/505/459 460/476/459
f 460/476/460 488/505/460 489/506/460 461/477/460
f 461/477/461 489/506/461 490/507/461 462/478/461
f 462/478/462 490/507/462 491/508/462 463/479/462
f 463/480/463 491/509/463 492/510/463 464/481/463
f 464/481/464 492/510/464 493/511/464 465/482/464
f 465/482/465 493/511/465 494/512/465 466/483/465
f 466/483/466 494/512/466 495/513/466 467/484/466
f 467/484/467 495/513/467 496/514/467 468/485/467
f 468/485/468 496/514/468 497/515/468 469/486/468
f 469/486/469 497/515/469 498/516/469 470/487/469
f 470/487/470 498/516/470 499/517/470 471/488/470
f 471/488/471 499/517/471 500/518/471 472/489/471
f 472/489/472 500/518/472 501/519/472 473/490/472
f 473/490/473 501/519/473 502/520/473 474/491/473
f 474/491/474 502/520/474 503/521/474 475/492/474
f 475/492/475 503/521/475 504/522/475 476/493/475
f 476/493/476 504/522/476 477/494/476 449/465/476
f 477/494/477 505/523/477 506/524/477 478/495/477
f 478/495/478 506/524/478 507/525/478 479/496/478
f 479/496/479 507/525/479 508/526/479 480/497/479
f 480/497/480 508/526/480 509/527/480 481/498/480
f 481/498/481 509/527/481 510/528/481 482/499/481
f 482/499/482 510/528/482 511/529/482 483/500/482
f 483/500/483 511/529/483 512/530/483 484/501/483
f 484/501/484 512/530/484 513/531/484 485/502/484
f 485/502/485 513/531/485 514/532/485 486/503/485
f 486/503/486 514/532/486 515/533/486 487/504/486
f 487/504/487 515/533/487 516/534/487 488/505/487
f 488/505/488 516/534/488 517/535/488 489/506/488
f 489/506/489 517/535/489 518/536/489 490/507/489
f 490/507/490 518/536/490 519/537/490 491/508/490
f 491/509/491 519/538/491 520/539/491 492/510/491
f 492/510/492 520/539/492 521/540/492 493/511/492
f 493/511/493 521/540/493 522/541/493 494/512/493
f 494/512/494 522/541/494 523/542/494 495/513/494
f 495/513/495 523/542/495 524/543/495 496/514/495
f 496/514/496 524/543/496 525/544/496 497/515/496
f 497/515/497 525/544/497 526/545/497 498/516/497
f 498/516/498 526/545/498 527/546/498 499/517/498
f 499/517/499 527/546/499 528/547/499 500/518/499
f 500/518/500 528/547/500 529/548/500 501/519/500
f 501/519/501 529/548/501 530/549/501 502/520/501
f 502/520/502 530/549/502 531/550/502 503/521/502
f 503/521/503 531/550/503 532/551/503 504/522/503
f 504/522/504 532/551/504 505/523/504 477/494/504
f 505/523/505 533/552/505 534/553/505 506/524/505
f 506/524/506 534/553/506 535/554/506 507/525/506
f 507/525/507 535/554/507 536/555/507 508/526/507
f 508/526/508 536/555/508 537/556/508 509/527/508
f 509/527/509 537/556/509 538/557/509 510/528/509
f 510/528/510 538/557/510 539/558/510 511/529/510
f 511/529/511 539/558/511 540/559/511 512/530/511
f 512/530/512 540/559/512 541/560/512 513/531/512
f 513/531/513 541/560/513 542/561/513 514/532/513
f 514/532/514 542/561/514 543/562/514 515/533/514
f 515/533/515 543/562/515 544/563/515 516/534/515
f 516/534/516 544/563/516 545/564/516 517/535/516
f 517/535/517 545/564/517 546/565/517 518/536/517
f 518/536/518 546/565/518 547/566/518 519/537/518
f 519/538/519 547/567/519 548/568/519 520/539/519
f 520/539/520 548/568/520 549/569/520 521/540/520
f 521/540/521 549/569/521 550/570/521 522/541/521
f 522/541/522 550/570/522 551/571/522 523/542/522
f 523/542/523 551/571/523 552/572/523 524/543/523
f 524/543/524 552/572/524 553/573/524 525/544/524
f 525/544/525 553/573/525 554/574/525 526/545/525
f 526/545/526 554/574/526 555/575/526 527/546/526
f 527/546/527 555/575/527 556/576/527 528/547/527
f 528/547/528 556/576/528 557/577/528 529/548/528
f 529/548/529 557/577/529 558/578/529 530/549/529
f 530/549/530 558/578/530 559/579/530 531/550/530
f 531/550/531 559/579/531 560/580/531 532/551/531
f 532/551/532 560/580/532 533/552/532 505/523/532
f 533/552/533 561/581/533 562/582/533 534/553/533
f 534/553/534 562/582/534 563/583/534 535/554/534
f 535/554/535 563/583/535 564/584/535 536/555/535
f 536/555/536 564/584/536 565/585/536 537/556/536
f 537/556/537 565/585/537 566/586/537 538/557/537
f 538/557/538 566/586/538 567/587/538 539/558/538
f 539/558/539 567/587/539 568/588/539 540/559/539
f 540/559/540 568/588/540 569/589/540 541/560/540
f 541/560/541 569/589/541 570/590/541 542/561/541
f 542/561/542 570/590/542 571/591/542 543/562/542
f 543/562/543 571/591/543 572/592/543 544/563/543
f 544/563/544 572/592/544 573/593/544 545/564/544
f 545/564/545 573/593/545 574/594/545 546/565/545
f 546/565/546 574/594/546 575/595/546 547/566/546
f 547/567/547 575/596/547 576/597/547 548/568/547
f 548/568/548 576/597/548 577/598/548 549/569/548
f 549/569/549 577/598/549 578/599/549 550/570/549
f 550/570/550 578/599/550 579/600/550 551/571/550
f 551/571/551 579/600/551 580/601/551 552/572/551
f 552/572/552 580/601/552 581/602/552 553/573/552
f 553/573/553 581/602/553 582/603/553 554/574/553
f 554/574/554 582/603/554 583/604/554 555/575/554
f 555/575/555 583/604/555 584/605/555 556/576/555
f 556/576/556 584/605/556 585/606/556 557/577/556
f 557/577/557 585/606/557 586/607/557 558/578/557
f 558/578/558 586/607/558 587/608/558 559/579/558
f 559/579/559 587/608/559 588/609/559 560/580/559
f 560/580/560 588/609/560 561/581/560 533/552/560
f 561/581/561 589/610/561 590/611/561 562/582/561
f 562/582/562 590/611/562 591/612/562 563/583/562
f 563/583/563 591/612/563 592/613/563 564/584/563
f 564/584/564 592/613/564 593/614/564 565/585/564
f 565/585/565 593/614/565 594/615/565 566/586/565
f 566/586/566 594/615/566 595/616/566 567/587/566
f 567/587/567 595/616/567 596/617/567 568/588/567
f 568/588/568 596/617/568 597/618/568 569/589/568
f 569/589/569 597/618/569 598/619/569 570/590/569
f 570/590/570 598/619/570 599/620/570 571/591/570
f 571/591/571 599/620/571 600/621/571 572/592/571
f 572/592/572 600/621/572 601/622/572 573/593/572
f 573/593/573 601/622/573 602/623/573 574/594/573
f 574/594/574 602/623/574 603/624/574 575/595/574
f 575/596/575 603/625/575 604/626/575 576/597/575
f 576/597/576 604/626/576 605/627/576 577/598/576
f 577/598/577 605/627/577 606/628/577 578/599/577
f 578/599/578 606/628/578 607/629/578 579/600/578
f 579/600/579 607/629/579 608/630/579 580/601/579
f 580/601/580 608/630/580 609/631/580 581/602/580
f 581/602/581 609/631/581 610/632/581 582/603/581
f 582/603/582 610/632/582 611/633/582 583/604/582
f 583/604/583 611/633/583 612/634/583 584/605/583
f 584/605/584 612/634/584 613/635/584 585/606/584
f 585/606/585 613/635/585 614/636/585 586/607/585
f 586/607/586 614/636/586 615/637/586 587/608/586
f 587/608/587 615/637/587 616/638/587 588/609/587
f 588/609/588 616/638/588 589/610/588 561/581/588
f 589/610/589 617/639/589 618/640/589 590/611/589
f 590/611/590 618/640/590 619/641/590 591/612/590
f 591/612/591 619/641/591 620/642/591 592/613/591
f 592/613/592 620/642/592 621/643/592 593/614/592
f 593/614/593 621/643/593 622/644/593 594/615/593
f 594/615/594 622/644/594 623/645/594 595/616/594
f 595/616/595 623/645/595 624/646/595 596/617/595
f 596/617/596 624/646/596 625/647/596 597/618/596
f 597/618/597 625/647/597 626/648/597 598/619/597
f 598/619/598 626/648/598 627/649/598 599/620/598
f 599/620/599 627/649/599 628/650/599 600/621/599
f 600/621/600 628/650/600 629/651/600 601/622/600
f 601/622/601 629/651/601 630/652/601 602/623/601
f 602/623/602 630/652/602 631/653/602 603/624/602
f 603/625/603 631/654/603 632/655/603 604/626/603
f 604/626/604 632/655/604 633/656/604 605/627/604
f 605/627/605 633/656/605 634/657/605 606/628/605
f 606/628/606 634/657/606 635/658/606 607/629/606
f 607/629/607 635/658/607 636/659/607 608/630/607
f 608/630/608 636/659/608 637/660/608 609/631/608
f 609/631/609 637/660/609 638/661/609 610/632/609
f 610/632/610 638/661/610 639/662/610 611/633/610
f 611/633/611 639/662/611 640/663/611 612/634/611
f 612/634/612 640/663/612 641/664/612 613/635/612
f 613/635/613 641/664/613 642/665/613 614/636/613
f 614/636/614 642/665/614 643/666/614 615/637/614
f 615/637/615 643/666/615 644/667/615 616/638/615
f 616/638/616 644/667/616 617/639/616 589/610/616
f 617/639/617 645/668/617 646/669/617 618/640/617
f 618/640/618 646/669/618 647/670/618 619/641/618
f 619/641/619 647/670/619 648/671/619 620/642/619
f 620/642/620 648/671/620 649/672/620 621/643/620
f 621/643/621 649/672/621 650/673/621 622/644/621
f 622/644/622 650/673/622 651/674/622 623/645/622
f 623/645/623 651/674/623 652/675/623 624/646/623
f 624/646/624 652/675/624 653/676/624 625/647/624
f 625/647/625 653/676/625 654/677/625 626/648/625
f 626/648/626 654/677/626 655/678/626 627/649/626
f 627/649/627 655/678/627 656/679/627 628/650/627
f 628/650/628 656/679/628 657/680/628 629/651/628
f 629/651/629 657/680/629 658/681/629 630/652/629
f 630/652/630 658/681/630 659/682/630 631/653/630
f 631/654/631 659/683/631 660/684/631 632/655/631
f 632/655/632 660/684/632 661/685/632 633/656/632
f 633/656/633 661/685/633 662/686/633 634/657/633
f 634/657/634 662/686/634 663/687/634 635/658/634
f 635/658/635 663/687/635 664/688/635 636/659/635
f 636/659/636 664/688/636 665/689/636 637/660/636
f 637/660/637 665/689/637 666/690/637 638/661/637
f 638/661/638 666/690/638 667/691/638 639/662/638
f 639/662/639 667/691/639 668/692/639 640/663/639
f 640/663/640 668/692/640 669/693/640 641/664/640
f 641/664/641 669/693/641 670/694/641 642/665/641
f 642/665/642 670/694/642 671/695/642 643/666/642
f 643/666/643 671/695/643 672/696/643 644/667/643
f 644/667/644 672/696/644 645/668/644 617/639/644
f 645/668/645 673/697/645 674/698/645 646/669/645
f 646/669/646 674/698/646 675/699/646 647/670/646
f 647/670/647 675/699/647 676/700/647 648/671/647
f 648/671/648 676/700/648 677/701/648 649/672/648
f 649/672/649 677/701/649 678/702/649 650/673/649
f 650/673/650 678/702/650 679/703/650 651/674/650
f 651/674/651 679/703/651 680/704/651 652/675/651
f 652/675/652 680/704/652 681/705/652 653/676/652
f 653/676/653 681/705/653 682/706/653 654/677/653
f 654/677/654 682/706/654 683/707/654 655/678/654
f 655/678/655 683/707/655 684/708/655 656/679/655
f 656/679/656 684/708/656 685/709/656 657/680/656
f 657/680/657 685/709/657 686/710/657 658/681/657
f 658/681/658 686/710/658 687/711/658 659/682/658
f 659/683/659 687/712/659 688/713/659 660/684/659
f 660/684/660 688/713/660 689/714/660 661/685/660
f 661/685/661 689/714/661 690/715/661 662/686/661
f 662/686/662 690/715/662 691/716/662 663/687/662
f 663/687/663 691/716/663 692/717/663 664/688/663
f 664/688/664 692/717/664 693/718/664 665/689/664
f 665/689/665 693/718/665 694/719/665 666/690/665
f 666/690/666 694/719/666 695/720/666 667/691/666
f 667/691/667 695/720/667 696/721/667 668/692/667
f 668/692/668 696/721/668 697/722/668 669/693/668
f 669/693/669 697/722/669 698/723/669 670/694/669
f 670/694/670 698/723/670 699/724/670 671/695/670
f 671/695/671 699/724/671 700/725/671 672/696/671
f 672/696/672 700/725/672 673/697/672 645/668/672
f 673/697/673 701/726/673 702/727/673 674/698/673
f 674/698/674 702/727/674 703/728/674 675/699/674
f 675/699/675 703/728/675 704/729/675 676/700/675
f 676/700/676 704/729/676 705/730/676 677/701/676
f 677/701/677 705/730/677 706/731/677 678/702/677
f 678/702/678 706/731/678 707/732/678 679/703/678
f 679/703/679 707/732/679 708/733/679 680/704/679
f 680/704/680 708/733/680 709/734/680 681/705/680
f 681/705/681 709/734/681 710/735/681 682/706/681
f 682/706/682 710/735/682 711/736/682 683/707/682
f 683/707/683 711/736/683 712/737/683 684/708/683
f 684/708/684 712/737/684 713/738/684 685/709/684
f 685/709/685 713/738/685 714/739/685 686/710/685
f 686/710/686 714/739/686 715/740/686 687/711/686
f 687/712/687 715/741/687 716/742/687 688/713/687
f 688/713/688 716/742/688 717/743/688 689/714/688
f 689/714/689 717/743/689 718/744/689 690/715/689
f 690/715/690 718/744/690 719/745/690 691/716/690
f 691/716/691 719/745/691 720/746/691 692/717/691
f 692/717/692 720/746/692 721/747/692 693/718/692
f 693/718/693 721/747/693 722/748/693 694/719/693
f 694/719/694 722/748/694 723/749/694 695/720/694
f 695/720/695 723/749/695 724/750/695 696/721/695
f 696/721/696 724/750/696 725/751/696 697/722/696
f 697/722/697 725/751/697 726/752/697 698/723/697
f 698/723/698 726/752/698 727/753/698 699/724/698
f 699/724/699 727/753/699 728/754/699 700/725/699
f 700/725/700 728/754/700 701/726/700 673/697/700
f 701/726/701 729/755/701 730/756/701 702/727/701
f 702/727/702 730/756/702 731/757/702 703/728/702
f 703/728/703 731/757/703 732/758/703 704/729/703
f 704/729/704 732/758/704 733/759/704 705/730/704
f 705/730/705 733/759/705 734/760/705 706/731/705
f 706/731/706 734/760/706 735/761/706 707/732/706
f 707/732/707 735/761/707 736/762/707 708/733/707
f 708/733/708 736/762/708 737/763/708 709/734/708
f 709/734/709 737/763/709 738/764/709 710/735/709
f 710/735/710 738/764/710 739/765/710 711/736/710
f 711/736/711 739/765/711 740/766/711 712/737/711
f 712/737/712 740/766/712 741/767/712 713/738/712
f 713/738/713 741/767/713 742/768/713 714/739/713
f 714/739/714 742/768/714 743/769/714 715/740/714
f 715/741/715 743/770/715 744/771/715 716/742/715
f 716/742/716 744/771/716 745/772/716 717/743/716
f 717/743/717 745/772/717 746/773/717 718/744/717
f 718/744/718 746/773/718 747/774/718 719/745/718
f 719/745/719 747/774/719 748/775/719 720/746/719
f 720/746/720 748/775/720 749/776/720 721/747/720
f 721/747/721 749/776/721 750/777/721 722/748/721
f 722/748/722 750/777/722 751/778/722 723/749/722
f 723/749/723 751/778/723 752/779/723 724/750/723
f 724/750/724 752/779/724 753/780/724 725/751/724
f 725/751/725 753/780/725 754/781/725 726/752/725
f 726/752/726 754/781/726 755/782/726 727/753/726
f 727/753/727 755/782/727 756/783/727 728/754/727
f 728/754/728 756/783/728 729/755/728 701/726/728
f 729/755/729 757/784/729 758/785/729 730/756/729
f 730/756/730 758/785/730 759/786/730 731/757/730
f 731/757/731 759/786/731 760/787/731 732/758/731
f 732/758/732 760/787/732 761/788/732 733/759/732
f 733/759/733 761/788/733 762/789/733 734/760/733
f 734/760/734 762/789/734 763/790/734 735/761/734
f 735/761/735 763/790/735 764/791/735 736/762/735
f 736/762/736 764/791/736 765/792/736 737/763/736
f 737/763/737 765/792/737 766/793/737 738/764/737
f 738/764/738 766/793/738 767/794/738 739/765/738
f 739/765/739 767/794/739 768/795/739 740/766/739
f 740/766/740 768/795/740 769/796/740 741/767/740
f 741/767/741 769/796/741 770/797/741 742/768/741
f 742/768/742 770/797/742 771/798/742 743/769/742
f 743/770/743 771/799/743 772/800/743 744/771/743
f 744/771/744 772/800/744 773/801/744 745/772/744
f 745/772/745 773/801/745 774/802/745 746/773/745
f 746/773/746 774/802/746 775/803/746 747/774/746
f 747/774/747 775/803/747 776/804/747 748/775/747
f 748/775/748 776/804/748 777/805/748 749/776/748
f 749/776/749 777/805/749 778/806/749 750/777/749
f 750/777/750 778/806/750 779/807/750 751/778/750
f 751/778/751 779/807/751 780/808/751 752/779/751
f 752/779/752 780/808/752 781/809/752 753/780/752
f 753/780/753 781/809/753 782/810/753 754/781/753
f 754/781/754 782/810/754 783/811/754 755/782/754
f 755/782/755 783/811/755 784/812/755 756/783/755
f 756/783/756 784/812/756 757/784/756 729/755/756
f 757/784/757 785/813/757 786/814/757 758/785/757
f 758/785/758 786/814/758 787/815/758 759/786/758
f 759/786/759 787/815/759 788/816/759 760/787/759
f 760/787/760 788/816/760 789/817/760 761/788/760
f 761/788/761 789/817/761 790/818/761 762/789/761
f 762/789/762 790/818/762 791/819/762 763/790/762
f 763/790/763 791/819/763 792/820/763 764/791/763
f 764/791/764 792/820/764 793/821/764 765/792/764
f 765/792/765 793/821/765 794/822/765 766/793/765
f 766/793/766 794/822/766 795/823/766 767/794/766
f 767/794/767 795/823/767 796/824/767 768/795/767
f 768/795/768 796/824/768 797/825/768 769/796/768
f 769/796/769 797/825/769 798/826/769 770/797/769
f 770/797/770 798/826/770 799/827/770 771/798/770
f 771/799/771 799/828/771 800/829/771 772/800/771
f 772/800/772 800/829/772 801/830/772 773/801/772
f 773/801/773 801/830/773 802/831/773 774/802/773
f 774/802/774 802/831/774 803/832/774 775/803/774
f 775/803/775 803/832/775 804/833/775 776/804/775
f 776/804/776 804/833/776 805/834/776 777/805/776
f 777/805/777 805/834/777 806/835/777 778/806/777
f 778/806/778 806/835/778 807/836/778 779/807/778
f 779/807/779 807/836/779 808/837/779 780/808/779
f 780/808/780 808/837/780 809/838/780 781/809/780
f 781/809/781 809/838/781 810/839/781 782/810/781
f 782/810/782 810/839/782 811/840/782 783/811/782
f 783/811/783 811/840/783 812/841/783 784/812/783
f 784/812/784 812/841/784 785/813/784 757/784/784
f 785/842/785 813/843/785 814/844/785 786/845/785
f 786/845/786 814/844/786 815/846/786 787/847/786
f 787/847/787 815/846/787 816/848/787 788/849/787
f 788/849/788 816/848/788 817/850/788 789/851/788
f 789/851/789 817/850/789 818/852/789 790/853/789
f 790/853/790 818/852/790 819/854/790 791/855/790
f 791/855/791 819/854/791 820/856/791 792/857/791
f 792/857/792 820/856/792 821/858/792 793/859/792
f 793/859/793 821/858/793 822/860/793 794/861/793
f 794/861/794 822/860/794 823/862/794 795/863/794
f 795/863/795 823/862/795 824/864/795 796/865/795
f 796/865/796 824/864/796 825/866/796 797/867/796
f 797/867/797 825/866/797 826/868/797 798/869/797
f 798/869/798 826/868/798 827/870/798 799/871/798
f 799/872/799 827/873/799 828/874/799 800/875/799
f 800/875/800 828/874/800 829/876/800 801/877/800
f 801/877/801 829/876/801 830/878/801 802/879/801
f 802/879/802 830/878/802 831/880/802 803/881/802
f 803/881/803 831/880/803 832/882/803 804/883/803
f 804/883/804 832/882/804 833/884/804 805/885/804
f 805/885/805 833/884/805 834/886/805 806/887/805
f 806/887/806 834/886/806 835/888/806 807/889/806
f 807/889/807 835/888/807 836/890/807 808/891/807
f 808/891/808 836/890/808 837/892/808 809/893/808
f 809/893/809 837/892/809 838/894/809 810/895/809
f 810/895/810 838/894/810 839/896/810 811/897/810
f 811/897/811 839/896/811 840/898/811 812/899/811
f 812/899/812 840/898/812 813/843/812 785/842/812
f 813/843/813 841/900/813 842/901/813 814/844/813
f 814/844/814 842/901/814 843/902/814 815/846/814
f 815/846/815 843/902/815 844/903/815 816/848/815
f 816/848/816 844/903/816 845/904/816 817/850/816
f 817/850/817 845/904/817 846/905/817 818/852/817
f 818/852/818 846/905/818 847/906/818 819/854/818
f 819/854/819 847/906/819 848/907/819 820/856/819
f 820/856/820 848/907/820 849/908/820 821/858/820
f 821/858/821 849/908/821 850/909/821 822/860/821
f 822/860/822 850/909/822 851/910/822 823/862/822
f 823/862/823 851/910/823 852/911/823 824/864/823
f 824/864/824 852/911/824 853/912/824 825/866/824
f 825/866/825 853/912/825 854/913/825 826/868/825
f 826/868/826 854/913/826 855/914/826 827/870/826
f 827/873/827 855/915/827 856/916/827 828/874/827
f 828/874/828 856/916/828 857/917/828 829/876/828
f 829/876/829 857/917/829 858/918/829 830/878/829
f 830/878/830 858/918/830 859/919/830 831/880/830
f 831/880/831 859/919/831 860/920/831 832/882/831
f 832/882/832 860/920/832 861/921/832 833/884/832
f 833/884/833 861/921/833 862/922/833 834/886/833
f 834/886/834 862/922/834 863/923/834 835/888/834
f 835/888/835 863/923/835 864/924/835 836/890/835
f 836/890/836 864/924/836 865/925/836 837/892/836
f 837/892/837 865/925/837 866/926/837 838/894/837
f 838/894/838 866/926/838 867/927/838 839/896/838
f 839/896/839 867/927/839 868/928/839 840/898/839
f 840/898/840 868/928/840 841/900/840 813/843/840
f 841/900/841 869/929/841 870/930/841 842/901/841
f 842/901/842 870/930/842 871/931/842 843/902/842
f 843/902/843 871/931/843 872/932/843 844/903/843
f 844/903/844 872/932/844 873/933/844 845/904/844
f 845/904/845 873/933/845 874/934/845 846/905/845
f 846/905/846 874/934/846 875/935/846 847/906/846
f 847/906/847 875/935/847 876/936/847 848/907/847
f 848/907/848 876/936/848 877/937/848 849/908/848
f 849/908/849 877/937/849 878/938/849 850/909/849
f 850/909/850 878/938/850 879/939/850 851/910/850
f 851/910/851 879/939/851 880/940/851 852/911/851
f 852/911/852 880/940/852 881/941/852 853/912/852
f 853/912/853 881/941/853 882/942/853 854/913/853
f 854/913/854 882/942/854 883/943/854 855/914/854
f 855/915/855 883/944/855 884/945/855 856/916/855
f 856/916/856 884/945/856 885/946/856 857/917/856
f 857/917/857 885/946/857 886/947/857 858/918/857
f 858/918/858 886/947/858 887/948/858 859/919/858
f 859/919/859 887/948/859 888/949/859 860/920/859
f 860/920/860 888/949/860 889/950/860 861/921/860
f 861/921/861 889/950/861 890/951/861 862/922/861
f 862/922/862 890/951/862 891/952/862 863/923/862
f 863/923/863 891/952/863 892/953/863 864/924/863
f 864/924/864 892/953/864 893/954/864 865/925/864
f 865/925/865 893/954/865 894/955/865 866/926/865
f 866/926/866 894/955/866 895/956/866 867/927/866
f 867/927/867 895/956/867 896/957/867 868/928/867
f 868/928/868 896/957/868 869/929/868 841/900/868
f 869/929/869 897/958/869 898/959/869 870/930/869
f 870/930/870 898/959/870 899/960/870 871/931/870
f 871/931/871 899/960/871 900/961/871 872/932/871
f 872/932/872 900/961/872 901/962/872 873/933/872
f 873/933/873 901/962/873 902/963/873 874/934/873
f 874/934/874 902/963/874 903/964/874 875/935/874
f 875/935/875 903/964/875 904/965/875 876/936/875
f 876/936/876 904/965/876 905/966/876 877/937/876
f 877/937/877 905/966/877 906/967/877 878/938/877
f 878/938/878 906/967/878 907/968/878 879/939/878
f 879/939/879 907/968/879 908/969/879 880/940/879
f 880/940/880 908/969/880 909/970/880 881/941/880
f 881/941/881 909/970/881 910/971/881 882/942/881
f 882/942/882 910/971/882 911/972/882 883/943/882
f 883/944/883 911/973/883 912/974/883 884/945/883
f 884/945/884 912/974/884 913/975/884 885/946/884
f 885/946/885 913/975/885 914/976/885 886/947/885
f 886/947/886 914/976/886 915/977/886 887/948/886
f 887/948/887 915/977/887 916/978/887 888/949/887
f 888/949/888 916/978/888 917/979/888 889/950/888
f 889/950/889 917/979/889 918/980/889 890/951/889
f 890/951/890 918/980/890 919/981/890 891/952/890
f 891/952/891 919/981/891 920/982/891 892/953/891
f 892/953/892 920/982/892 921/983/892 893/954/892
f 893/954/893 921/983/893 922/984/893 894/955/893
f 894/955/894 922/984/894 923/985/894 895/956/894
f 895/956/895 923/985/895 924/986/895 896/957/895
f 896/957/896 924/986/896 897/958/896 869/929/896
f 897/958/897 925/987/897 926/988/897 898/959/897
f 898/959/898 926/988/898 927/989/898 899/960/898
f 899/960/899 927/989/899 928/990/899 900/961/899
f 900/961/900 928/990/900 929/991/900 901/962/900
f 901/962/901 929/991/901 930/992/901 902/963/901
f 902/963/902 930/992/902 931/993/902 903/964/902
f 903/964/903 931/993/903 932/994/903 904/965/903
f 904/965/904 932/994/904 933/995/904 905/966/904
f 905/966/905 933/995/905 934/996/905 906/967/905
f 906/967/906 934/996/906 935/997/906 907/968/906
f 907/968/907 935/997/907 936/998/907 908/969/907
f 908/969/908 936/998/908 937/999/908 909/970/908
f 909/970/909 937/999/909 938/1000/909 910/971/909
f 910/971/910 938/1000/910 939/1001/910 911/972/910
f 911/973/911 939/1002/911 940/1003/911 912/974/911
f 912/974/912 940/1003/912 941/1004/912 913/975/912
f 913/975/913 941/1004/913 942/1005/913 914/976/913
f 914/976/914 942/1005/914 943/1006/914 915/977/914
f 915/977/915 943/1006/915 944/1007/915 916/978/915
f 916/978/916 944/1007/916 945/1008/916 917/979/916
f 917/979/917 945/1008/917 946/1009/917 918/980/917
f 918/980/918 946/1009/918 947/1010/918 919/981/918
f 919/981/919 947/1010/919 948/1011/919 920/982/919
f 920/982/920 948/1011/920 949/1012/920 921/983/920
f 921/983/921 949/1012/921 950/1013/921 922/984/921
f 922/984/922 950/1013/922 951/1014/922 923/985/922
f 923/985/923 951/1014/923 952/1015/923 924/986/923
f 924/986/924 952/1015/924 925/987/924 897/958/924
f 925/987/925 953/1016/925 954/1017/925 926/988/925
f 926/988/926 954/1017/926 955/1018/926 927/989/926
f 927/989/927 955/1018/927 956/1019/927 928/990/927
f 928/990/928 956/1019/928 957/1020/928 929/991/928
f 929/991/929 957/1020/929 958/1021/929 930/992/929
f 930/992/930 958/1021/930 959/1022/930 931/993/930
f 931/993/931 959/1022/931 960/1023/931 932/994/931
f 932/994/932 960/1023/932 961/1024/932 933/995/932
f 933/995/933 961/1024/933 962/1025/933 934/996/933
f 934/996/934 962/1025/934 963/1026/934 935/997/934
f 935/997/935 963/1026/935 964/1027/935 936/998/935
f 936/998/936 964/1027/936 965/1028/936 937/999/936
f 937/999/937 965/1028/937 966/1029/937 938/1000/937
f 938/1000/938 966/1029/938 967/1030/938 939/1001/938
f 939/1002/939 967/1031/939 968/1032/939 940/1003/939
f 940/1003/940 968/1032/940 969/1033/940 941/1004/940
f 941/1004/941 969/1033/941 970/1034/941 942/1005/941
f 942/1005/942 970/1034/942 971/1035/942 943/1006/942
f 943/1006/943 971/1035/943 972/1036/943 944/1007/943
f 944/1007/944 972/1036/944 973/1037/944 945/1008/944
f 945/1008/945 973/1037/945 974/1038/945 946/1009/945
f 946/1009/946 974/1038/946 975/1039/946 947/1010/946
f 947/1010/947 975/1039/947 976/1040/947 948/1011/947
f 948/1011/948 976/1040/948 977/1041/948 949/1012/948
f 949/1012/949 977/1041/949 978/1042/949 950/1013/949
f 950/1013/950 978/1042/950 979/1043/950 951/1014/950
f 951/1014/951 979/1043/951 980/1044/951 952/1015/951
f 952/1015/952 980/1044/952 953/1016/952 925/987/952
f 953/1016/953 981/1045/953 982/1046/953 954/1017/953
f 954/1017/954 982/1046/954 983/1047/954 955/1018/954
f 955/1018/955 983/1047/955 984/1048/955 956/1019/955
f 956/1019/956 984/1048/956 985/1049/956 957/1020/956
f 957/1020/957 985/1049/957 986/1050/957 958/1021/957
f 958/1021/958 986/1050/958 987/1051/958 959/1022/958
f 959/1022/959 987/1051/959 988/1052/959 960/1023/959
f 960/1023/960 988/1052/960 989/1053/960 961/1024/960
f 961/1024/961 989/1053/961 990/1054/961 962/1025/961
f 962/1025/962 990/1054/962 991/1055/962 963/1026/962
f 963/1026/963 991/1055/963 992/1056/963 964/1027/963
f 964/1027/964 992/1056/964 993/1057/964 965/1028/964
f 965/1028/965 993/1057/965 994/1058/965 966/1029/965
f 966/1029/966 994/1058/966 995/1059/966 967/1030/966
f 967/1031/967 995/1060/967 996/1061/967 968/1032/967
f 968/1032/968 996/1061/968 997/1062/968 969/1033/968
f 969/1033/969 997/1062/969 998/1063/969 970/1034/969
f 970/1034/970 998/1063/970 999/1064/970 971/1035/970
f 971/1035/971 999/1064/971 1000/1065/971 972/1036/971
f 972/1036/972 1000/1065/972 1001/1066/972 973/1037/972
f 973/1037/973 1001/1066/973 1002/1067/973 974/1038/973
f 974/1038/974 1002/1067/974 1003/1068/974 975/1039/974
f 975/1039/975 1003/1068/975 1004/1069/975 976/1040/975
f 976/1040/976 1004/1069/976 1005/1070/976 977/1041/976
f 977/1041/977 1005/1070/977 1006/1071/977 978/1042/977
f 978/1042/978 1006/1071/978 1007/1072/978 979/1043/978
f 979/1043/979 1007/1072/979 1008/1073/979 980/1044/979
f 980/1044/980 1008/1073/980 981/1045/980 953/1016/980
f 981/1045/981 1009/1074/981 1010/1075/981 982/1046/981
f 982/1046/982 1010/1075/982 1011/1076/982 983/1047/982
f 983/1047/983 1011/1076/983 1012/1077/983 984/1048/983
f 984/1048/984 1012/1077/984 1013/1078/984 985/1049/984
f 985/1049/985 1013/1078/985 1014/1079/985 986/1050/985
f 986/1050/986 1014/1079/986 1015/1080/986 987/1051/986
f 987/1051/987 1015/1080/987 1016/1081/987 988/1052/987
f 988/1052/988 1016/1081/988 1017/1082/988 989/1053/988
f 989/1053/989 1017/1082/989 1018/1083/989 990/1054/989
f 990/1054/990 1018/1083/990 1019/1084/990 991/1055/990
f 991/1055/991 1019/1084/991 1020/1085/991 992/1056/991
f 992/1056/992 1020/1085/992 1021/1086/992 993/1057/992
f 993/1057/993 1021/1086/993 1022/1087/993 994/1058/993
f 994/1058/994 1022/1087/994 1023/1088/994 995/1059/994
f 995/1060/995 1023/1089/995 1024/1090/995 996/1061/995
f 996/1061/996 1024/1090/996 1025/1091/996 997/1062/996
f 997/1062/997 1025/1091/997 1026/1092/997 998/1063/997
f 998/1063/998 1026/1092/998 1027/1093/998 999/1064/998
f 999/1064/999 1027/1093/999 1028/1094/999 1000/1065/999
f 1000/1065/1000 1028/1094/1000 1029/1095/1000 1001/1066/1000
f 1001/1066/1001 1029/1095/1001 1030/1096/1001 1002/1067/1001
f 1002/1067/1002 1030/1096/1002 1031/1097/1002 1003/1068/1002
f 1003/1068/1003 1031/1097/1003 1032/1098/1003 1004/1069/1003
f 1004/1069/1004 1032/1098/1004 1033/1099/1004 1005/1070/1004
f 1005/1070/1005 1033/1099/1005 1034/1100/1005 1006/1071/1005
f 1006/1071/1006 1034/1100/1006 1035/1101/1006 1007/1072/1006
f 1007/1072/1007 1035/1101/1007 1036/1102/1007 1008/1073/1007
f 1008/1073/1008 1036/1102/1008 1009/1074/1008 981/1045/1008
f 1009/1074/1009 1037/1103/1009 1038/1104/1009 1010/1075/1009
f 1010/1075/1010 1038/1104/1010 1039/1105/1010 1011/1076/1010
f 1011/1076/1011 1039/1105/1011 1040/1106/1011 1012/1077/1011
f 1012/1077/1012 1040/1106/1012 1041/1107/1012 1013/1078/1012
f 1013/1078/1013 1041/1107/1013 1042/1108/1013 1014/1079/1013
f 1014/1079/1014 1042/1108/1014 1043/1109/1014 1015/1080/1014
f 1015/1080/1015 1043/1109/1015 1044/1110/1015 1016/1081/1015
f 1016/1081/1016 1044/1110/1016 1045/1111/1016 1017/1082/1016
f 1017/1082/1017 1045/1111/1017 1046/1112/1017 1018/1083/1017
f 1018/1083/1018 1046/1112/1018 1047/1113/1018 1019/1084/1018
f 1019/1084/1019 1047/1113/1019 1048/1114/1019 1020/1085/1019
f 1020/1085/1020 1048/1114/1020 1049/1115/1020 1021/1086/1020
f 1021/1086/1021 1049/1115/1021 1050/1116/1021 1022/1087/1021
f 1022/1087/1022 1050/1116/1022 1051/1117/1022 1023/1088/1022
f 1023/1089/1023 1051/1118/1023 1052/1119/1023 1024/1090/1023
f 1024/1090/1024 1052/1119/1024 1053/1120/1024 1025/1091/1024
f 1025/1091/1025 1053/1120/1025 1054/1121/1025 1026/1092/1025
f 1026/1092/1026 1054/1121/1026 1055/1122/1026 1027/1093/1026
f 1027/1093/1027 1055/1122/1027 1056/1123/1027 1028/1094/1027
f 1028/1094/1028 1056/1123/1028 1057/1124/1028 1029/1095/1028
f 1029/1095/1029 1057/1124/1029 1058/1125/1029 1030/1096/1029
f 1030/1096/1030 1058/1125/1030 1059/1126/1030 1031/1097/1030
f 1031/1097/1031 1059/1126/1031 1060/1127/1031 1032/1098/1031
f 1032/1098/1032 1060/1127/1032 1061/1128/1032 1033/1099/1032
f 1033/1099/1033 1061/1128/1033 1062/1129/1033 1034/1100/1033
f 1034/1100/1034 1062/1129/1034 1063/1130/1034 1035/1101/1034
f 1035/1101/1035 1063/1130/1035 1064/1131/1035 1036/1102/1035
f 1036/1102/1036 1064/1131/1036 1037/1103/1036 1009/1074/1036
f 1037/1103/1037 1065/1132/1037 1066/1133/1037 1038/1104/1037
f 1038/1104/1038 1066/1133/1038 1067/1134/1038 1039/1105/1038
f 1039/1105/1039 1067/1134/1039 1068/1135/1039 1040/1106/1039
f 1040/1106/1040 1068/1135/1040 1069/1136/1040 1041/1107/1040
f 1041/1107/1041 1069/1136/1041 1070/1137/1041 1042/1108/1041
f 1042/1108/1042 1070/1137/1042 1071/1138/1042 1043/1109/1042
f 1043/1109/1043 1071/1138/1043 1072/1139/1043 1044/1110/1043
f 1044/1110/1044 1072/1139/1044 1073/1140/1044 1045/1111/1044
f 1045/1111/1045 1073/1140/1045 1074/1141/1045 1046/1112/1045
f 1046/1112/1046 1074/1141/1046 1075/1142/1046 1047/1113/1046
f 1047/1113/1047 1075/1142/1047 1076/1143/1047 1048/1114/1047
f 1048/1114/1048 1076/1143/1048 1077/1144/1048 1049/1115/1048
f 1049/1115/1049 1077/1144/1049 1078/1145/1049 1050/1116/1049
f 1050/1116/1050 1078/1145/1050 1079/1146/1050 1051/1117/1050
f 1051/1118/1051 1079/1147/1051 1080/1148/1051 1052/1119/1051
f 1052/1119/1052 1080/1148/1052 1081/1149/1052 1053/1120/1052
f 1053/1120/1053 1081/1149/1053 1082/1150/1053 1054/1121/1053
f 1054/1121/1054 1082/1150/1054 1083/1151/1054 1055/1122/1054
f 1055/1122/1055 1083/1151/1055 1084/1152/1055 1056/1123/1055
f 1056/1123/1056 1084/1152/1056 1085/1153/1056 1057/1124/1056
f 1057/1124/1057 1085/1153/1057 1086/1154/1057 1058/1125/1057
f 1058/1125/1058 1086/1154/1058 1087/1155/1058 1059/1126/1058
f 1059/1126/1059 1087/1155/1059 1088/1156/1059 1060/1127/1059
f 1060/1127/1060 1088/1156/1060 1089/1157/1060 1061/1128/1060
f 1061/1128/1061 1089/1157/1061 1090/1158/1061 1062/1129/1061
f 1062/1129/1062 1090/1158/1062 1091/1159/1062 1063/1130/1062
f 1063/1130/1063 1091/1159/1063 1092/1160/1063 1064/1131/1063
f 1064/1131/1064 1092/1160/1064 1065/1132/1064 1037/1103/1064
f 1065/1132/1065 1093/1161/1065 1094/1162/1065 1066/1133/1065
f 1066/1133/1066 1094/1162/1066 1095/1163/1066 1067/1134/1066
f 1067/1134/1067 1095/1163/1067 1096/1164/1067 1068/1135/1067
f 1068/1135/1068 1096/1164/1068 1097/1165/1068 1069/1136/1068
f 1069/1136/1069 1097/1165/1069 1098/1166/1069 1070/1137/1069
f 1070/1137/1070 1098/1166/1070 1099/1167/1070 1071/1138/1070
f 1071/1138/1071 1099/1167/1071 1100/1168/1071 1072/1139/1071
f 1072/1139/1072 1100/1168/1072 1101/1169/1072 1073/1140/1072
f 1073/1140/1073 1101/1169/1073 1102/1170/1073 1074/1141/1073
f 1074/1141/1074 1102/1170/1074 1103/1171/1074 1075/1142/1074
f 1075/1142/1075 1103/1171/1075 1104/1172/1075 1076/1143/1075
f 1076/1143/1076 1104/1172/1076 1105/1173/1076 1077/1144/1076
f 1077/1144/1077 1105/1173/1077 1106/1174/1077 1078/1145/1077
f 1078/1145/1078 1106/1174/1078 1107/1175/1078 1079/1146/1078
f 1079/1147/1079 1107/1176/1079 1108/1177/1079 1080/1148/1079
f 1080/1148/1080 1108/1177/1080 1109/1178/1080 1081/1149/1080
f 1081/1149/1081 1109/1178/1081 1110/1179/1081 1082/1150/1081
f 1082/1150/1082 1110/1179/1082 1111/1180/1082 1083/1151/1082
f 1083/1151/1083 1111/1180/1083 1112/1181/1083 1084/1152/1083
f 1084/1152/1084 1112/1181/1084 1113/1182/1084 1085/1153/1084
f 1085/1153/1085 1113/1182/1085 1114/1183/1085 1086/1154/1085
f 1086/1154/1086 1114/1183/1086 1115/1184/1086 1087/1155/1086
f 1087/1155/1087 1115/1184/1087 1116/1185/1087 1088/1156/1087
f 1088/1156/1088 1116/1185/1088 1117/1186/1088 1089/1157/1088
f 1089/1157/1089 1117/1186/1089 1118/1187/1089 1090/1158/1089
f 1090/1158/1090 1118/1187/1090 1119/1188/1090 1091/1159/1090
f 1091/1159/1091 1119/1188/1091 1120/1189/1091 1092/1160/1091
f 1092/1160/1092 1120/1189/1092 1093/1161/1092 1065/1132/1092
f 1093/1161/1093 1121/1190/1093 1122/1191/1093 1094/1162/1093
f 1094/1162/1094 1122/1191/1094 1123/1192/1094 1095/1163/1094
f 1095/1163/1095 1123/1192/1095 1124/1193/1095 1096/1164/1095
f 1096/1164/1096 1124/1193/1096 1125/1194/1096 1097/1165/1096
f 1097/1165/1097 1125/1194/1097 1126/1195/1097 1098/1166/1097
f 1098/1166/1098 1126/1195/1098 1127/1196/1098 1099/1167/1098
f 1099/1167/1099 1127/1196/1099 1128/1197/1099 1100/1168/1099
f 1100/1168/1100 1128/1197/1100 1129/1198/1100 1101/1169/1100
f 1101/1169/1101 1129/1198/1101 1130/1199/1101 1102/1170/1101
f 1102/1170/1102 1130/1199/1102 1131/1200/1102 1103/1171/1102
f 1103/1171/1103 1131/1200/1103 1132/1201/1103 1104/1172/1103
f 1104/1172/1104 1132/1201/1104 1133/1202/1104 1105/1173/1104
f 1105/1173/1105 1133/1202/1105 1134/1203/1105 1106/1174/1105
f 1106/1174/1106 1134/1203/1106 1135/1204/1106 1107/1175/1106
f 1107/1176/1107 1135/1205/1107 1136/1206/1107 1108/1177/1107
f 1108/1177/1108 1136/1206/1108 1137/1207/1108 1109/1178/1108
f 1109/1178/1109 1137/1207/1109 1138/1208/1109 1110/1179/1109
f 1110/1179/1110 1138/1208/1110 1139/1209/1110 1111/1180/1110
f 1111/1180/1111 1139/1209/1111 1140/1210/1111 1112/1181/1111
f 1112/1181/1112 1140/1210/1112 1141/1211/1112 1113/1182/1112
f 1113/1182/1113 1141/1211/1113 1142/1212/1113 1114/1183/1113
f 1114/1183/1114 1142/1212/1114 1143/1213/1114 1115/1184/1114
f 1115/1184/1115 1143/1213/1115 1144/1214/1115 1116/1185/1115
f 1116/1185/1116 1144/1214/1116 1145/1215/1116 1117/1186/1116
f 1117/1186/1117 1145/1215/1117 1146/1216/1117 1118/1187/1117
f 1118/1187/1118 1146/1216/1118 1147/1217/1118 1119/1188/1118
f 1119/1188/1119 1147/1217/1119 1148/1218/1119 1120/1189/1119
f 1120/1189/1120 1148/1218/1120 1121/1190/1120 1093/1161/1120
f 1121/1190/1121 1149/1219/1121 1150/1220/1121 1122/1191/1121
f 1122/1191/1122 1150/1220/1122 1151/1221/1122 1123/1192/1122
f 1123/1192/1123 1151/1221/1123 1152/1222/1123 1124/1193/1123
f 1124/1193/1124 1152/1222/1124 1153/1223/1124 1125/1194/1124
f 1125/1194/1125 1153/1223/1125 1154/1224/1125 1126/1195/1125
f 1126/1195/1126 1154/1224/1126 1155/1225/1126 1127/1196/1126
f 1127/1196/1127 1155/1225/1127 1156/1226/1127 1128/1197/1127
f 1128/1197/1128 1156/1226/1128 1157/1227/1128 1129/1198/1128
f 1129/1198/1129 1157/1227/1129 1158/1228/1129 1130/1199/1129
f 1130/1199/1130 1158/1228/1130 1159/1229/1130 1131/1200/1130
f 1131/1200/1131 1159/1229/1131 1160/1230/1131 1132/1201/1131
f 1132/1201/1132 1160/1230/1132 1161/1231/1132 1133/1202/1132
f 1133/1202/1133 1161/1231/1133 1162/1232/1133 1134/1203/1133
f 1134/1203/1134 1162/1232/1134 1163/1233/1134 1135/1204/1134
f 1135/1205/1135 1163/1234/1135 1164/1235/1135 1136/1206/1135
f 1136/1206/1136 1164/1235/1136 1165/1236/1136 1137/1207/1136
f 1137/1207/1137 1165/1236/1137 1166/1237/1137 1138/1208/1137
f 1138/1208/1138 1166/1237/1138 1167/1238/1138 1139/1209/1138
f 1139/1209/1139 1167/1238/1139 1168/1239/1139 1140/1210/1139
f 1140/1210/1140 1168/1239/1140 1169/1240/1140 1141/1211/1140
f 1141/1211/1141 1169/1240/1141 1170/1241/1141 1142/1212/1141
f 1142/1212/1142 1170/1241/1142 1171/1242/1142 1143/1213/1142
f 1143/1213/1143 1171/1242/1143 1172/1243/1143 1144/1214/1143
f 1144/1214/1144 1172/1243/1144 1173/1244/1144 1145/1215/1144
f 1145/1215/1145 1173/1244/1145 1174/1245/1145 1146/1216/1145
f 1146/1216/1146 1174/1245/1146 1175/1246/1146 1147/1217/1146
f 1147/1217/1147 1175/1246/1147 1176/1247/1147 1148/1218/1147
f 1148/1218/1148 1176/1247/1148 1149/1219/1148 1121/1190/1148
f 1149/1219/1149 1177/1248/1149 1178/1249/1149 1150/1220/1149
f 1150/1220/1150 1178/1249/1150 1179/1250/1150 1151/1221/1150
f 1151/1221/1151 1179/1250/1151 1180/1251/1151 1152/1222/1151
f 1152/1222/1152 1180/1251/1152 1181/1252/1152 1153/1223/1152
f 1153/1223/1153 1181/1252/1153 1182/1253/1153 1154/1224/1153
f 1154/1224/1154 1182/1253/1154 1183/1254/1154 1155/1225/1154
f 1155/1225/1155 1183/1254/1155 1184/1255/1155 1156/1226/1155
f 1156/1226/1156 1184/1255/1156 1185/1256/1156 1157/1227/1156
f 1157/1227/1157 1185/1256/1157 1186/1257/1157 1158/1228/1157
f 1158/1228/1158 1186/1257/1158 1187/1258/1158 1159/1229/1158
f 1159/1229/1159 1187/1258/1159 1188/1259/1159 1160/1230/1159
f 1160/1230/1160 1188/1259/1160 1189/1260/1160 1161/1231/1160
f 1161/1231/1161 1189/1260/1161 1190/1261/1161 1162/1232/1161
f 1162/1232/1162 1190/1261/1162 1191/1262/1162 1163/1233/1162
f 1163/1234/1163 1191/1263/1163 1192/1264/1163 1164/1235/1163
f 1164/1235/1164 1192/1264/1164 1193/1265/1164 1165/1236/1164
f 1165/1236/1165 1193/1265/1165 1194/1266/1165 1166/1237/1165
f 1166/1237/1166 1194/1266/1166 1195/1267/1166 1167/1238/1166
f 1167/1238/1167 1195/1267/1167 1196/1268/1167 1168/1239/1167
f 1168/1239/1168 1196/1268/1168 1197/1269/1168 1169/1240/1168
f 1169/1240/1169 1197/1269/1169 1198/1270/1169 1170/1241/1169
f 1170/1241/1170 1198/1270/1170 1199/1271/1170 1171/1242/1170
f 1171/1242/1171 1199/1271/1171 1200/1272/1171 1172/1243/1171
f 1172/1243/1172 1200/1272/1172 1201/1273/1172 1173/1244/1172
f 1173/1244/1173 1201/1273/1173 1202/1274/1173 1174/1245/1173
f 1174/1245/1174 1202/1274/1174 1203/1275/1174 1175/1246/1174
f 1175/1246/1175 1203/1275/1175 1204/1276/1175 1176/1247/1175
f 1176/1247/1176 1204/1276/1176 1177/1248/1176 1149/1219/1176
f 1177/1248/1177 1205/1277/1177 1206/1278/1177 1178/1249/1177
f 1178/1249/1178 1206/1278/1178 1207/1279/1178 1179/1250/1178
f 1179/1250/1179 1207/1279/1179 1208/1280/1179 1180/1251/1179
f 1180/1251/1180 1208/1280/1180 1209/1281/1180 1181/1252/1180
f 1181/1252/1181 1209/1281/1181 1210/1282/1181 1182/1253/1181
f 1182/1253/1182 1210/1282/1182 1211/1283/1182 1183/1254/1182
f 1183/1254/1183 1211/1283/1183 1212/1284/1183 1184/1255/1183
f 1184/1255/1184 1212/1284/1184 1213/1285/1184 1185/1256/1184
f 1185/1256/1185 1213/1285/1185 1214/1286/1185 1186/1257/1185
f 1186/1257/1186 1214/1286/1186 1215/1287/1186 1187/1258/1186
f 1187/1258/1187 1215/1287/1187 1216/1288/1187 1188/1259/1187
f 1188/1259/1188 1216/1288/1188 1217/1289/1188 1189/1260/1188
f 1189/1260/1189 1217/1289/1189 1218/1290/1189 1190/1261/1189
f 1190/1261/1190 1218/1290/1190 1219/1291/1190 1191/1262/1190
f 1191/1263/1191 1219/1292/1191 1220/1293/1191 1192/1264/1191
f 1192/1264/1192 1220/1293/1192 1221/1294/1192 1193/1265/1192
f 1193/1265/1193 1221/1294/1193 1222/1295/1193 1194/1266/1193
f 1194/1266/1194 1222/1295/1194 1223/1296/1194 1195/1267/1194
f 1195/1267/1195 1223/1296/1195 1224/1297/1195 1196/1268/1195
f 1196/1268/1196 1224/1297/1196 1225/1298/1196 1197/1269/1196
f 1197/1269/1197 1225/1298/1197 1226/1299/1197 1198/1270/1197
f 1198/1270/1198 1226/1299/1198 1227/1300/1198 1199/1271/1198
f 1199/1271/1199 1227/1300/1199 1228/1301/1199 1200/1272/1199
f 1200/1272/1200 1228/1301/1200 1229/1302/1200 1201/1273/1200
f 1201/1273/1201 1229/1302/1201 1230/1303/1201 1202/1274/1201
f 1202/1274/1202 1230/1303/1202 1231/1304/1202 1203/1275/1202
f 1203/1275/1203 1231/1304/1203 1232/1305/1203 1204/1276/1203
f 1204/1276/1204 1232/1305/1204 1205/1277/1204 1177/1248/1204
f 1205/1277/1205 1233/1306/1205 1234/1307/1205 1206/1278/1205
f 1206/1278/1206 1234/1307/1206 1235/1308/1206 1207/1279/1206
f 1207/1279/1207 1235/1308/1207 1236/1309/1207 1208/1280/1207
f 1208/1280/1208 1236/1309/1208 1237/1310/1208 1209/1281/1208
f 1209/1281/1209 1237/1310/1209 1238/1311/1209 1210/1282/1209
f 1210/1282/1210 1238/1311/1210 1239/1312/1210 1211/1283/1210
f 1211/1283/1211 1239/1312/1211 1240/1313/1211 1212/1284/1211
f 1212/1284/1212 1240/1313/1212 1241/1314/1212 1213/1285/1212
f 1213/1285/1213 1241/1314/1213 1242/1315/1213 1214/1286/1213
f 1214/1286/1214 1242/1315/1214 1243/1316/1214 1215/1287/1214
f 1215/1287/1215 1243/1316/1215 1244/1317/1215 1216/1288/1215
f 1216/1288/1216 1244/1317/1216 1245/1318/1216 1217/1289/1216
f 1217/1289/1217 1245/1318/1217 1246/1319/1217 1218/1290/1217
f 1218/1290/1218 1246/1319/1218 1247/1320/1218 1219/1291/1218
f 1219/1292/1219 1247/1321/1219 1248/1322/1219 1220/1293/1219
f 1220/1293/1220 1248/1322/1220 1249/1323/1220 1221/1294/1220
f 1221/1294/1221 1249/1323/1221 1250/1324/1221 1222/1295/1221
f 1222/1295/1222 1250/1324/1222 1251/1325/1222 1223/1296/1222
f 1223/1296/1223 1251/1325/1223 1252/1326/1223 1224/1297/1223
f 1224/1297/1224 1252/1326/1224 1253/1327/1224 1225/1298/1224
f 1225/1298/1225 1253/1327/1225 1254/1328/1225 1226/1299/1225
f 1226/1299/1226 1254/1328/1226 1255/1329/1226 1227/1300/1226
f 1227/1300/1227 1255/1329/1227 1256/1330/1227 1228/1301/1227
f 1228/1301/1228 1256/1330/1228 1257/1331/1228 1229/1302/1228
f 1229/1302/1229 1257/1331/1229 1258/1332/1229 1230/1303/1229
f 1230/1303/1230 1258/1332/1230 1259/1333/1230 1231/1304/1230
f 1231/1304/1231 1259/1333/1231 1260/1334/1231 1232/1305/1231
f 1232/1305/1232 1260/1334/1232 1233/1306/1232 1205/1277/1232
f 1233/1306/1233 1261/1335/1233 1262/1336/1233 1234/1307/1233
f 1234/1307/1234 1262/1336/1234 1263/1337/1234 1235/1308/1234
f 1235/1308/1235 1263/1337/1235 1264/1338/1235 1236/1309/1235
f 1236/1309/1236 1264/1338/1236 1265/1339/1236 1237/1310/1236
f 1237/1310/1237 1265/1339/1237 1266/1340/1237 1238/1311/1237
f 1238/1311/1238 1266/1340/1238 1267/1341/1238 1239/1312/1238
f 1239/1312/1239 1267/1341/1239 1268/1342/1239 1240/1313/1239
f 1240/1313/1240 1268/1342/1240 1269/1343/1240 1241/1314/1240
f 1241/1314/1241 1269/1343/1241 1270/1344/1241 1242/1315/1241
f 1242/1315/1242 1270/1344/1242 1271/1345/1242 1243/1316/1242
f 1243/1316/1243 1271/1345/1243 1272/1346/1243 1244/1317/1243
f 1244/1317/1244 1272/1346/1244 1273/1347/1244 1245/1318/1244
f 1245/1318/1245 1273/1347/1245 1274/1348/1245 1246/1319/1245
f 1246/1319/1246 1274/1348/1246 1275/1349/1246 1247/1320/1246
f 1247/1321/1247 1275/1350/1247 1276/1351/1247 1248/1322/1247
f 1248/1322/1248 1276/1351/1248 1277/1352/1248 1249/1323/1248
f 1249/1323/1249 1277/1352/1249 1278/1353/1249 1250/1324/1249
f 1250/1324/1250 1278/1353/1250 1279/1354/1250 1251/1325/1250
f 1251/1325/1251 1279/1354/1251 1280/1355/1251 1252/1326/1251
f 1252/1326/1252 1280/1355/1252 1281/1356/1252 1253/1327/1252
f 1253/1327/1253 1281/1356/1253 1282/1357/1253 1254/1328/1253
f 1254/1328/1254 1282/1357/1254 1283/1358/1254 1255/1329/1254
f 1255/1329/1255 1283/1358/1255 1284/1359/1255 1256/1330/1255
f 1256/1330/1256 1284/1359/1256 1285/1360/1256 1257/1331/1256
f 1257/1331/1257 1285/1360/1257 1286/1361/1257 1258/1332/1257
f 1258/1332/1258 1286/1361/1258 1287/1362/1258 1259/1333/1258
f 1259/1333/1259 1287/1362/1259 1288/1363/1259 1260/1334/1259
f 1260/1334/1260 1288/1363/1260 1261/1335/1260 1233/1306/1260
f 1261/1335/1261 1289/1364/1261 1290/1365/1261 1262/1336/1261
f 1262/1336/1262 1290/1365/1262 1291/1366/1262 1263/1337/1262
f 1263/1337/1263 1291/1366/1263 1292/1367/1263 1264/1338/1263
f 1264/1338/1264 1292/1367/1264 1293/1368/1264 1265/1339/1264
f 1265/1339/1265 1293/1368/1265 1294/1369/1265 1266/1340/1265
f 1266/1340/1266 1294/1369/1266 1295/1370/1266 1267/1341/1266
f 1267/1341/1267 1295/1370/1267 1296/1371/1267 1268/1342/1267
f 1268/1342/1268 1296/1371/1268 1297/1372/1268 1269/1343/1268
f 1269/1343/1269 1297/1372/1269 1298/1373/1269 1270/1344/1269
f 1270/1344/1270 1298/1373/1270 1299/1374/1270 1271/1345/1270
f 1271/1345/1271 1299/1374/1271 1300/1375/1271 1272/1346/1271
f 1272/1346/1272 1300/1375/1272 1301/1376/1272 1273/1347/1272
f 1273/1347/1273 1301/1376/1273 1302/1377/1273 1274/1348/1273
f 1274/1348/1274 1302/1377/1274 1303/1378/1274 1275/1349/1274
f 1275/1350/1275 1303/1379/1275 1304/1380/1275 1276/1351/1275
f 1276/1351/1276 1304/1380/1276 1305/1381/1276 1277/1352/1276
f 1277/1352/1277 1305/1381/1277 1306/1382/1277 1278/1353/1277
f 1278/1353/1278 1306/1382/1278 1307/1383/1278 1279/1354/1278
f 1279/1354/1279 1307/1383/1279 1308/1384/1279 1280/1355/1279
f 1280/1355/1280 1308/1384/1280 1309/1385/1280 1281/1356/1280
f 1281/1356/1281 1309/1385/1281 1310/1386/1281 1282/1357/1281
f 1282/1357/1282 1310/1386/1282 1311/1387/1282 1283/1358/1282
f 1283/1358/1283 1311/1387/1283 1312/1388/1283 1284/1359/1283
f 1284/1359/1284 1312/1388/1284 1313/1389/1284 1285/1360/1284
f 1285/1360/1285 1313/1389/1285 1314/1390/1285 1286/1361/1285
f 1286/1361/1286 1314/1390/1286 1315/1391/1286 1287/1362/1286
f 1287/1362/1287 1315/1391/1287 1316/1392/1287 1288/1363/1287
f 1288/1363/1288 1316/1392/1288 1289/1364/1288 1261/1335/1288
f 1289/1364/1289 1317/1393/1289 1318/1394/1289 1290/1365/1289
f 1290/1365/1290 1318/1394/1290 1319/1395/1290 1291/1366/1290
f 1291/1366/1291 1319/1395/1291 1320/1396/1291 1292/1367/1291
f 1292/1367/1292 1320/1396/1292 1321/1397/1292 1293/1368/1292
f 1293/1368/1293 1321/1397/1293 1322/1398/1293 1294/1369/1293
f 1294/1369/1294 1322/1398/1294 1323/1399/1294 1295/1370/1294
f 1295/1370/1295 1323/1399/1295 1324/1400/1295 1296/1371/1295
f 1296/1371/1296 1324/1400/1296 1325/1401/1296 1297/1372/1296
f 1297/1372/1297 1325/1401/1297 1326/1402/1297 1298/1373/1297
f 1298/1373/1298 1326/1402/1298 1327/1403/1298 1299/1374/1298
f 1299/1374/1299 1327/1403/1299 1328/1404/1299 1300/1375/1299
f 1300/1375/1300 1328/1404/1300 1329/1405/1300 1301/1376/1300
f 1301/1376/1301 1329/1405/1301 1330/1406/1301 1302/1377/1301
f 1302/1377/1302 1330/1406/1302 1331/1407/1302 1303/1378/1302
f 1303/1379/1303 1331/1408/1303 1332/1409/1303 1304/1380/1303
f 1304/1380/1304 1332/1409/1304 1333/1410/1304 1305/1381/1304
f 1305/1381/1305 1333/1410/1305 1334/1411/1305 1306/1382/1305
f 1306/1382/1306 1334/1411/1306 1335/1412/1306 1307/1383/1306
f 1307/1383/1307 1335/1412/1307 1336/1413/1307 1308/1384/1307
f 1308/1384/1308 1336/1413/1308 1337/1414/1308 1309/1385/1308
f 1309/1385/1309 1337/1414/1309 1338/1415/1309 1310/1386/1309
f 1310/1386/1310 1338/1415/1310 1339/1416/1310 1311/1387/1310
f 1311/1387/1311 1339/1416/1311 1340/1417/1311 1312/1388/1311
f 1312/1388/1312 1340/1417/1312 1341/1418/1312 1313/1389/1312
f 1313/1389/1313 1341/1418/1313 1342/1419/1313 1314/1390/1313
f 1314/1390/1314 1342/1419/1314 1343/1420/1314 1315/1391/1314
f 1315/1391/1315 1343/1420/1315 1344/1421/1315 1316/1392/1315
f 1316/1392/1316 1344/1421/1316 1317/1393/1316 1289/1364/1316
f 1317/1393/1317 1345/1422/1317 1346/1423/1317 1318/1394/1317
f 1318/1394/1318 1346/1423/1318 1347/1424/1318 1319/1395/1318
f 1319/1395/1319 1347/1424/1319 1348/1425/1319 1320/1396/1319
f 1320/1396/1320 1348/1425/1320 1349/1426/1320 1321/1397/1320
f 1321/1397/1321 1349/1426/1321 1350/1427/1321 1322/1398/1321
f 1322/1398/1322 1350/1427/1322 1351/1428/1322 1323/1399/1322
f 1323/1399/1323 1351/1428/1323 1352/1429/1323 1324/1400/1323
f 1324/1400/1324 1352/1429/1324 1353/1430/1324 1325/1401/1324
f 1325/1401/1325 1353/1430/1325 1354/1431/1325 1326/1402/1325
f 1326/1402/1326 1354/1431/1326 1355/1432/1326 1327/1403/1326
f 1327/1403/1327 1355/1432/1327 1356/1433/1327 1328/1404/1327
f 1328/1404/1328 1356/1433/1328 1357/1434/1328 1329/1405/1328
f 1329/1405/1329 1357/1434/1329 1358/1435/1329 1330/1406/1329
f 1330/1406/1330 1358/1435/1330 1359/1436/1330 1331/1407/1330
f 1331/1408/1331 1359/1437/1331 1360/1438/1331 1332/1409/1331
f 1332/1409/1332 1360/1438/1332 1361/1439/1332 1333/1410/1332
f 1333/1410/1333 1361/1439/1333 1362/1440/1333 1334/1411/1333
f 1334/1411/1334 1362/1440/1334 1363/1441/1334 1335/1412/1334
f 1335/1412/1335 1363/1441/1335 1364/1442/1335 1336/1413/1335
f 1336/1413/1336 1364/1442/1336 1365/1443/1336 1337/1414/1336
f 1337/1414/1337 1365/1443/1337 1366/1444/1337 1338/1415/1337
f 1338/1415/1338 1366/1444/1338 1367/1445/1338 1339/1416/1338
f 1339/1416/1339 1367/1445/1339 1368/1446/1339 1340/1417/1339
f 1340/1417/1340 1368/1446/1340 1369/1447/1340 1341/1418/1340
f 1341/1418/1341 1369/1447/1341 1370/1448/1341 1342/1419/1341
f 1342/1419/1342 1370/1448/1342 1371/1449/1342 1343/1420/1342
f 1343/1420/1343 1371/1449/1343 1372/1450/1343 1344/1421/1343
f 1344/1421/1344 1372/1450/1344 1345/1422/1344 1317/1393/1344
f 1345/1422/1345 1373/1451/1345 1374/1452/1345 1346/1423/1345
f 1346/1423/1346 1374/1452/1346 1375/1453/1346 1347/1424/1346
f 1347/1424/1347 1375/1453/1347 1376/1454/1347 1348/1425/1347
f 1348/1425/1348 1376/1454/1348 1377/1455/1348 1349/1426/1348
f 1349/1426/1349 1377/1455/1349 1378/1456/1349 1350/1427/1349
f 1350/1427/1350 1378/1456/1350 1379/1457/1350 1351/1428/1350
f 1351/1428/1351 1379/1457/1351 1380/1458/1351 1352/1429/1351
f 1352/1429/1352 1380/1458/1352 1381/1459/1352 1353/1430/1352
f 1353/1430/1353 1381/1459/1353 1382/1460/1353 1354/1431/1353
f 1354/1431/1354 1382/1460/1354 1383/1461/1354 1355/1432/1354
f 1355/1432/1355 1383/1461/1355 1384/1462/1355 1356/1433/1355
f 1356/1433/1356 1384/1462/1356 1385/1463/1356 1357/1434/1356
f 1357/1434/1357 1385/1463/1357 1386/1464/1357 1358/1435/1357
f 1358/1435/1358 1386/1464/1358 1387/1465/1358 1359/1436/1358
f 1359/1437/1359 1387/1466/1359 1388/1467/1359 1360/1438/1359
f 1360/1438/1360 1388/1467/1360 1389/1468/1360 1361/1439/1360
f 1361/1439/1361 1389/1468/1361 1390/1469/1361 1362/1440/1361
f 1362/1440/1362 1390/1469/1362 1391/1470/1362 1363/1441/1362
f 1363/1441/1363 1391/1470/1363 1392/1471/1363 1364/1442/1363
f 1364/1442/1364 1392/1471/1364 1393/1472/1364 1365/1443/1364
f 1365/1443/1365 1393/1472/1365 1394/1473/1365 1366/1444/1365
f 1366/1444/1366 1394/1473/1366 1395/1474/1366 1367/1445/1366
f 1367/1445/1367 1395/1474/1367 1396/1475/1367 1368/1446/1367
f 1368/1446/1368 1396/1475/1368 1397/1476/1368 1369/1447/1368
f 1369/1447/1369 1397/1476/1369 1398/1477/1369 1370/1448/1369
f 1370/1448/1370 1398/1477/1370 1399/1478/1370 1371/1449/1370
f 1371/1449/1371 1399/1478/1371 1400/1479/1371 1372/1450/1371
f 1372/1450/1372 1400/1479/1372 1373/1451/1372 1345/1422/1372
f 1373/1451/1373 1401/1480/1373 1402/1481/1373 1374/1452/1373
f 1374/1452/1374 1402/1481/1374 1403/1482/1374 1375/1453/1374
f 1375/1453/1375 1403/1482/1375 1404/1483/1375 1376/1454/1375
f 1376/1454/1376 1404/1483/1376 1405/1484/1376 1377/1455/1376
f 1377/1455/1377 1405/1484/1377 1406/1485/1377 1378/1456/1377
f 1378/1456/1378 1406/1485/1378 1407/1486/1378 1379/1457/1378
f 1379/1457/1379 1407/1486/1379 1408/1487/1379 1380/1458/1379
f 1380/1458/1380 1408/1487/1380 1409/1488/1380 1381/1459/1380
f 1381/1459/1381 1409/1488/1381 1410/1489/1381 1382/1460/1381
f 1382/1460/1382 1410/1489/1382 1411/1490/1382 1383/1461/1382
f 1383/1461/1383 1411/1490/1383 1412/1491/1383 1384/1462/1383
f 1384/1462/1384 1412/1491/1384 1413/1492/1384 1385/1463/1384
f 1385/1463/1385 1413/1492/1385 1414/1493/1385 1386/1464/1385
f 1386/1464/1386 1414/1493/1386 1415/1494/1386 1387/1465/1386
f 1387/1466/1387 1415/1495/1387 1416/1496/1387 1388/1467/1387
f 1388/1467/1388 1416/1496/1388 1417/1497/1388 1389/1468/1388
f 1389/1468/1389 1417/1497/1389 1418/1498/1389 1390/1469/1389
f 1390/1469/1390 1418/1498/1390 1419/1499/1390 1391/1470/1390
f 1391/1470/1391 1419/1499/1391 1420/1500/1391 1392/1471/1391
f 1392/1471/1392 1420/1500/1392 1421/1501/1392 1393/1472/1392
f 1393/1472/1393 1421/1501/1393 1422/1502/1393 1394/1473/1393
f 1394/1473/1394 1422/1502/1394 1423/1503/1394 1395/1474/1394
f 1395/1474/1395 1423/1503/1395 1424/1504/1395 1396/1475/1395
f 1396/1475/1396 1424/1504/1396 1425/1505/1396 1397/1476/1396
f 1397/1476/1397 1425/1505/1397 1426/1506/1397 1398/1477/1397
f 1398/1477/1398 1426/1506/1398 1427/1507/1398 1399/1478/1398
f 1399/1478/1399 1427/1507/1399 1428/1508/1399 1400/1479/1399
f 1400/1479/1400 1428/1508/1400 1401/1480/1400 1373/1451/1400
f 1401/1480/1401 1429/1509/1401 1430/1510/1401 1402/1481/1401
f 1402/1481/1402 1430/1510/1402 1431/1511/1402 1403/1482/1402
f 1403/1482/1403 1431/1511/1403 1432/1512/1403 1404/1483/1403
f 1404/1483/1404 1432/1512/1404 1433/1513/1404 1405/1484/1404
f 1405/1484/1405 1433/1513/1405 1434/1514/1405 1406/1485/1405
f 1406/1485/1406 1434/1514/1406 1435/1515/1406 1407/1486/1406
f 1407/1486/1407 1435/1515/1407 1436/1516/1407 1408/1487/1407
f 1408/1487/1408 1436/1516/1408 1437/1517/1408 1409/1488/1408
f 1409/1488/1409 1437/1517/1409 1438/1518/1409 1410/1489/1409
f 1410/1489/1410 1438/1518/1410 1439/1519/1410 1411/1490/1410
f 1411/1490/1411 1439/1519/1411 1440/1520/1411 1412/1491/1411
f 1412/1491/1412 1440/1520/1412 1441/1521/1412 1413/1492/1412
f 1413/1492/1413 1441/1521/1413 1442/1522/1413 1414/1493/1413
f 1414/1493/1414 1442/1522/1414 1443/1523/1414 1415/1494/1414
f 1415/1495/1415 1443/1524/1415 1444/1525/1415 1416/1496/1415
f 1416/1496/1416 1444/1525/1416 1445/1526/1416 1417/1497/1416
f 1417/1497/1417 1445/1526/1417 1446/1527/1417 1418/1498/1417
f 1418/1498/1418 1446/1527/1418 1447/1528/1418 1419/1499/1418
f 1419/1499/1419 1447/1528/1419 1448/1529/1419 1420/1500/1419
f 1420/1500/1420 1448/1529/1420 1449/1530/1420 1421/1501/1420
f 1421/1501/1421 1449/1530/1421 1450/1531/1421 1422/1502/1421
f 1422/1502/1422 1450/1531/1422 1451/1532/1422 1423/1503/1422
f 1423/1503/1423 1451/1532/1423 1452/1533/1423 1424/1504/1423
f 1424/1504/1424 1452/1533/1424 1453/1534/1424 1425/1505/1424
f 1425/1505/1425 1453/1534/1425 1454/1535/1425 1426/1506/1425
f 1426/1506/1426 1454/1535/1426 1455/1536/1426 1427/1507/1426
f 1427/1507/1427 1455/1536/1427 1456/1537/1427 1428/1508/1427
f 1428/1508/1428 1456/1537/1428 1429/1509/1428 1401/1480/1428
f 1429/1509/1429 1457/1538/1429 1458/1539/1429 1430/1510/1429
f 1430/1510/1430 1458/1539/1430 1459/1540/1430 1431/1511/1430
f 1431/1511/1431 1459/1540/1431 1460/1541/1431 1432/1512/1431
f 1432/1512/1432 1460/1541/1432 1461/1542/1432 1433/1513/1432
f 1433/1513/1433 1461/1542/1433 1462/1543/1433 1434/1514/1433
f 1434/1514/1434 1462/1543/1434 1463/1544/1434 1435/1515/1434
f 1435/1515/1435 1463/1544/1435 1464/1545/1435 1436/1516/1435
f 1436/1516/1436 1464/1545/1436 1465/1546/1436 1437/1517/1436
f 1437/1517/1437 1465/1546/1437 1466/1547/1437 1438/1518/1437
f 1438/1518/1438 1466/1547/1438 1467/1548/1438 1439/1519/1438
f 1439/1519/1439 1467/1548/1439 1468/1549/1439 1440/1520/1439
f 1440/1520/1440 1468/1549/1440 1469/1550/1440 1441/1521/1440
f 1441/1521/1441 1469/1550/1441 1470/1551/1441 1442/1522/1441
f 1442/1522/1442 1470/1551/1442 1471/1552/1442 1443/1523/1442
f 1443/1524/1443 1471/1553/1443 1472/1554/1443 1444/1525/1443
f 1444/1525/1444 1472/1554/1444 1473/1555/1444 1445/1526/1444
f 1445/1526/1445 1473/1555/1445 1474/1556/1445 1446/1527/1445
f 1446/1527/1446 1474/1556/1446 1475/1557/1446 1447/1528/1446
f 1447/1528/1447 1475/1557/1447 1476/1558/1447 1448/1529/1447
f 1448/1529/1448 1476/1558/1448 1477/1559/1448 1449/1530/1448
f 1449/1530/1449 1477/1559/1449 1478/1560/1449 1450/1531/1449
f 1450/1531/1450 1478/1560/1450 1479/1561/1450 1451/1532/1450
f 1451/1532/1451 1479/1561/1451 1480/1562/1451 1452/1533/1451
f 1452/1533/1452 1480/1562/1452 1481/1563/1452 1453/1534/1452
f 1453/1534/1453 1481/1563/1453 1482/1564/1453 1454/1535/1453
f 1454/1535/1454 1482/1564/1454 1483/1565/1454 1455/1536/1454
f 1455/1536/1455 1483/1565/1455 1484/1566/1455 1456/1537/1455
f 1456/1537/1456 1484/1566/1456 1457/1538/1456 1429/1509/1456
f 1457/1538/1457 1485/1567/1457 1486/1568/1457 1458/1539/1457
f 1458/1539/1458 1486/1568/1458 1487/1569/1458 1459/1540/1458
f 1459/1540/1459 1487/1569/1459 1488/1570/1459 1460/1541/1459
f 1460/1541/1460 1488/1570/1460 1489/1571/1460 1461/1542/1460
f 1461/1542/1461 1489/1571/1461 1490/1572/1461 1462/1543/1461
f 1462/1543/1462 1490/1572/1462 1491/1573/1462 1463/1544/1462
f 1463/1544/1463 1491/1573/1463 1492/1574/1463 1464/1545/1463
f 1464/1545/1464 1492/1574/1464 1493/1575/1464 1465/1546/1464
f 1465/1546/1465 1493/1575/1465 1494/1576/1465 1466/1547/1465
f 1466/1547/1466 1494/1576/1466 1495/1577/1466 1467/1548/1466
f 1467/1548/1467 1495/1577/1467 1496/1578/1467 1468/1549/1467
f 1468/1549/1468 1496/1578/1468 1497/1579/1468 1469/1550/1468
f 1469/1550/1469 1497/1579/1469 1498/1580/1469 1470/1551/1469
f 1470/1551/1470 1498/1580/1470 1499/1581/1470 1471/1552/1470
f 1471/1553/1471 1499/1582/1471 1500/1583/1471 1472/1554/1471
f 1472/1554/1472 1500/1583/1472 1501/1584/1472 1473/1555/1472
f 1473/1555/1473 1501/1584/1473 1502/1585/1473 1474/1556/1473
f 1474/1556/1474 1502/1585/1474 1503/1586/1474 1475/1557/1474
f 1475/1557/1475 1503/1586/1475 1504/1587/1475 1476/1558/1475
f 1476/1558/1476 1504/1587/1476 1505/1588/1476 1477/1559/1476
f 1477/1559/1477 1505/1588/1477 1506/1589/1477 1478/1560/1477
f 1478/1560/1478 1506/1589/1478 1507/1590/1478 1479/1561/1478
f 1479/1561/1479 1507/1590/1479 1508/1591/1479 1480/1562/1479
f 1480/1562/1480 1508/1591/1480 1509/1592/1480 1481/1563/1480
f 1481/1563/1481 1509/1592/1481 1510/1593/1481 1482/1564/1481
f 1482/1564/1482 1510/1593/1482 1511/1594/1482 1483/1565/1482
f 1483/1565/1483 1511/1594/1483 1512/1595/1483 1484/1566/1483
f 1484/1566/1484 1512/1595/1484 1485/1567/1484 1457/1538/1484
f 1485/1567/1485 1513/1596/1485 1514/1597/1485 1486/1568/1485
f 1486/1568/1486 1514/1597/1486 1515/1598/1486 1487/1569/1486
f 1487/1569/1487 1515/1598/1487 1516/1599/1487 1488/1570/1487
f 1488/1570/1488 1516/1599/1488 1517/1600/1488 1489/1571/1488
f 1489/1571/1489 1517/1600/1489 1518/1601/1489 1490/1572/1489
f 1490/1572/1490 1518/1601/1490 1519/1602/1490 1491/1573/1490
f 1491/1573/1491 1519/1602/1491 1520/1603/1491 1492/1574/1491
f 1492/1574/1492 1520/1603/1492 1521/1604/1492 1493/1575/1492
f 1493/1575/1493 1521/1604/1493 1522/1605/1493 1494/1576/1493
f 1494/1576/1494 1522/1605/1494 1523/1606/1494 1495/1577/1494
f 1495/1577/1495 1523/1606/1495 1524/1607/1495 1496/1578/1495
f 1496/1578/1496 1524/1607/1496 1525/1608/1496 1497/1579/1496
f 1497/1579/1497 1525/1608/1497 1526/1609/1497 1498/1580/1497
f 1498/1580/1498 1526/1609/1498 1527/1610/1498 1499/1581/1498
f 1499/1582/1499 1527/1611/1499 1528/1612/1499 1500/1583/1499
f 1500/1583/1500 1528/1612/1500 1529/1613/1500 1501/1584/1500
f 1501/1584/1501 1529/1613/1501 1530/1614/1501 1502/1585/1501
f 1502/1585/1502 1530/1614/1502 1531/1615/1502 1503/1586/1502
f 1503/1586/1503 1531/1615/1503 1532/1616/1503 1504/1587/1503
f 1504/1587/1504 1532/1616/1504 1533/1617/1504 1505/1588/1504
f 1505/1588/1505 1533/1617/1505 1534/1618/1505 1506/1589/1505
f 1506/1589/1506 1534/1618/1506 1535/1619/1506 1507/1590/1506
f 1507/1590/1507 1535/1619/1507 1536/1620/1507 1508/1591/1507
f 1508/1591/1508 1536/1620/1508 1537/1621/1508 1509/1592/1508
f 1509/1592/1509 1537/1621/1509 1538/1622/1509 1510/1593/1509
f 1510/1593/1510 1538/1622/1510 1539/1623/1510 1511/1594/1510
f 1511/1594/1511 1539/1623/1511 1540/1624/1511 1512/1595/1511
f 1512/1595/1512 1540/1624/1512 1513/1596/1512 1485/1567/1512
f 1513/1596/1513 1/1/1513 2/4/1513 1514/1597/1513
f 1514/1597/1514 2/4/1514 3/6/1514 1515/1598/1514
f 1515/1598/1515 3/6/1515 4/8/1515 1516/1599/1515
f 1516/1599/1516 4/8/1516 5/10/1516 1517/1600/1516
f 1517/1600/1517 5/10/1517 6/12/1517 1518/1601/1517
f 1518/1601/1518 6/12/1518 7/14/1518 1519/1602/1518
f 1519/1602/1519 7/14/1519 8/16/1519 1520/1603/1519
f 1520/1603/1520 8/16/1520 9/18/1520 1521/1604/1520
f 1521/1604/1521 9/18/1521 10/20/1521 1522/1605/1521
f 1522/1605/1522 10/20/1522 11/22/1522 1523/1606/1522
f 1523/1606/1523 11/22/1523 12/24/1523 1524/1607/1523
f 1524/1607/1524 12/24/1524 13/26/1524 1525/1608/1524
f 1525/1608/1525 13/26/1525 14/28/1525 1526/1609/1525
f 1526/1609/1526 14/28/1526 15/30/1526 1527/1610/1526
f 1527/1611/1527 15/31/1527 16/34/1527 1528/1612/1527
f 1528/1612/1528 16/34/1528 17/36/1528 1529/1613/1528
f 1529/1613/1529 17/36/1529 18/38/1529 1530/1614/1529
f 1530/1614/1530 18/38/1530 19/40/1530 1531/1615/1530
f 1531/1615/1531 19/40/1531 20/42/1531 1532/1616/1531
f 1532/1616/1532 20/42/1532 21/44/1532 1533/1617/1532
f 1533/1617/1533 21/44/1533 22/46/1533 1534/1618/1533
f 1534/1618/1534 22/46/1534 23/48/1534 1535/1619/1534
f 1535/1619/1535 23/48/1535 24/50/1535 1536/1620/1535
f 1536/1620/1536 24/50/1536 25/52/1536 1537/1621/1536
f 1537/1621/1537 25/52/1537 26/54/1537 1538/1622/1537
f 1538/1622/1538 26/54/1538 27/56/1538 1539/1623/1538
f 1539/1623/1539 27/56/1539 28/58/1539 1540/1624/1539
f 1540/1624/1540 28/58/1540 1/1/1540 1513/1596/1540
